[
  {
    "id": "df62c37b-3ecf-4fb3-a860-cb46f8fcfd51",
    "data": [
      {
        "text": "I have successfully been using your software",
        "userDefined": false
      }
    ],
    "isTemplate": false,
    "count": 0,
    "updated": 1528975783
  },
  {
    "id": "c49852ff-fbea-41d5-b2e5-b7f98b4916c1",
    "data": [
      {
        "text": "I have scheduled a teleconference -SCRIBETIME- to discuss the software.",
        "userDefined": false
      }
    ],
    "isTemplate": false,
    "count": 0,
    "updated": 1528975783
  },
  {
    "id": "9786e016-a910-4a0f-9488-d728e86791d9",
    "data": [
      {
        "text": "I call your assistant",
        "userDefined": false
      }
    ],
    "isTemplate": false,
    "count": 0,
    "updated": 1528975783
  },
  {
    "id": "feee8478-1824-48af-a584-69b71442c051",
    "data": [
      {
        "text": "you are apparently already in touch with him",
        "userDefined": false
      }
    ],
    "isTemplate": false,
    "count": 0,
    "updated": 1528975783
  },
  {
    "id": "364f914c-24d2-4674-8333-fc344f55cc34",
    "data": [
      {
        "text": "Hi My colleague is already in touch with your office.",
        "userDefined": false
      }
    ],
    "isTemplate": false,
    "count": 0,
    "updated": 1528975783
  },
  {
    "id": "137708de-2133-4a6e-bc5b-7b257791f5b4",
    "data": [
      {
        "text": "I HAVE AVAILED OF THE FREE TRIAL OF SIMPLE SOFTWARE",
        "userDefined": false
      }
    ],
    "isTemplate": false,
    "count": 0,
    "updated": 1528975783
  },
  {
    "id": "43ee0975-3557-4b4e-804c-9fa3769d829c",
    "data": [
      {
        "text": "I have responded to you",
        "userDefined": false
      }
    ],
    "isTemplate": false,
    "count": 0,
    "updated": 1528975783
  },
  {
    "id": "78d9e181-91b8-4a90-9e49-6a0ec853ecc4",
    "data": [
      {
        "text": "your colleague already asking me for feedback.",
        "userDefined": false
      }
    ],
    "isTemplate": false,
    "count": 0,
    "updated": 1528975783
  },
  {
    "id": "ac305001-7597-4223-a102-244d37303a98",
    "data": [
      {
        "text": "I have already replied to another personnel from your company that we are not interested in upgrading our existing security solution.",
        "userDefined": false
      }
    ],
    "isTemplate": false,
    "count": 0,
    "updated": 1528975783
  }
]