[
  {
    "id": "05d42ce6-2cc9-4a9f-9845-cd116e802e64",
    "data": [
      {
        "text": "If so throw a 30 minute calendar invite up.",
        "userDefined": false
      }
    ],
    "isTemplate": false,
    "count": 0,
    "updated": 1528975783
  },
  {
    "id": "f768d11a-d107-4ece-a05c-6d996261bda6",
    "data": [
      {
        "text": "If I do have any future issues",
        "userDefined": false
      }
    ],
    "isTemplate": false,
    "count": 0,
    "updated": 1528975783
  },
  {
    "id": "74ff3276-d31f-46cf-ad53-4d72944309ae",
    "data": [
      {
        "text": "unless youre talking about making your product available to member banks through the OBA as a partner.",
        "userDefined": false
      }
    ],
    "isTemplate": false,
    "count": 0,
    "updated": 1528975783
  },
  {
    "id": "73b6bd83-73f3-49b5-ac9c-504697d2ee8c",
    "data": [
      {
        "text": "If that is the case",
        "userDefined": false
      }
    ],
    "isTemplate": false,
    "count": 0,
    "updated": 1528975783
  },
  {
    "id": "9335155a-6e7b-4ad4-a916-e58e3703980b",
    "data": [
      {
        "text": "If urg ent",
        "userDefined": false
      }
    ],
    "isTemplate": false,
    "count": 0,
    "updated": 1528975783
  },
  {
    "id": "3dea1bf2-ae46-481a-aa1d-84bfea52884d",
    "data": [
      {
        "text": "Otherwise",
        "userDefined": false
      }
    ],
    "isTemplate": false,
    "count": 0,
    "updated": 1528975783
  },
  {
    "id": "31532d87-9584-491d-b7a7-de5c8028ba0e",
    "data": [
      {
        "text": "If you would like",
        "userDefined": false
      }
    ],
    "isTemplate": false,
    "count": 0,
    "updated": 1528975783
  },
  {
    "id": "f1ac8da6-d702-464e-adf0-dd9b7567cd20",
    "data": [
      {
        "text": "If he is interested",
        "userDefined": false
      }
    ],
    "isTemplate": false,
    "count": 0,
    "updated": 1528975783
  },
  {
    "id": "21068daf-6a52-4215-a7d9-9fe1aaae4523",
    "data": [
      {
        "text": "After that is done",
        "userDefined": false
      }
    ],
    "isTemplate": false,
    "count": 0,
    "updated": 1528975783
  },
  {
    "id": "763759ba-4c00-45d9-9795-82ab63ae38e2",
    "data": [
      {
        "text": "if it is affordable for me.",
        "userDefined": false
      }
    ],
    "isTemplate": false,
    "count": 0,
    "updated": 1528975783
  },
  {
    "id": "65ab006a-04cc-4838-a03f-23e6a6238c9a",
    "data": [
      {
        "text": "if all goes well",
        "userDefined": false
      }
    ],
    "isTemplate": false,
    "count": 0,
    "updated": 1528975783
  },
  {
    "id": "8a22efb3-4020-4364-bcf2-f94aa8766571",
    "data": [
      {
        "text": "if I am interested",
        "userDefined": false
      }
    ],
    "isTemplate": false,
    "count": 0,
    "updated": 1528975783
  },
  {
    "id": "6b3f780a-7208-4e70-b750-e1d7ef43834b",
    "data": [
      {
        "text": "Let me know if this is acceptable",
        "userDefined": false
      }
    ],
    "isTemplate": false,
    "count": 0,
    "updated": 1528975783
  },
  {
    "id": "3933b594-b22a-4a59-ace0-f253937e971c",
    "data": [
      {
        "text": "Before we arrange a time to talk",
        "userDefined": false
      }
    ],
    "isTemplate": false,
    "count": 0,
    "updated": 1528975783
  },
  {
    "id": "259cfdc7-324e-4f24-bea4-be8493067c27",
    "data": [
      {
        "text": "Before accepting a call",
        "userDefined": false
      }
    ],
    "isTemplate": false,
    "count": 0,
    "updated": 1528975783
  },
  {
    "id": "9275c092-0977-40c0-9404-f73519b682d6",
    "data": [
      {
        "text": "Before we discuss this possible purchase further",
        "userDefined": false
      }
    ],
    "isTemplate": false,
    "count": 0,
    "updated": 1528975783
  },
  {
    "id": "84e4ae47-517e-45da-ad44-5eea75ed902d",
    "data": [
      {
        "text": "once i know",
        "userDefined": false
      }
    ],
    "isTemplate": false,
    "count": 0,
    "updated": 1528975783
  },
  {
    "id": "782603db-fd37-4441-bef1-37fd2394c235",
    "data": [
      {
        "text": "if my needs change in the -SCRIBETIME-",
        "userDefined": false
      }
    ],
    "isTemplate": false,
    "count": 0,
    "updated": 1528975783
  },
  {
    "id": "764dad78-46c3-4a9e-b258-536f40099e3c",
    "data": [
      {
        "text": "after some consideration",
        "userDefined": false
      }
    ],
    "isTemplate": false,
    "count": 0,
    "updated": 1528975783
  },
  {
    "id": "4797272e-0b87-4a6a-b776-40ced1f0f751",
    "data": [
      {
        "text": "Would you be able to give me a comparison?",
        "userDefined": false
      }
    ],
    "isTemplate": false,
    "count": 0,
    "updated": 1528975783
  },
  {
    "id": "b2173a90-72f9-4940-8d5b-e7a9dc9fc213",
    "data": [
      {
        "text": "While your software system offers much to meet the needs of our business",
        "userDefined": false
      }
    ],
    "isTemplate": false,
    "count": 0,
    "updated": 1528975783
  },
  {
    "id": "1139be24-b03a-4463-a74a-939cf9a58494",
    "data": [
      {
        "text": "If interested",
        "userDefined": false
      }
    ],
    "isTemplate": false,
    "count": 0,
    "updated": 1528975783
  },
  {
    "id": "979f2d44-79e5-4591-84df-a9e5b653af5e",
    "data": [
      {
        "text": "if I need more specific help.",
        "userDefined": false
      }
    ],
    "isTemplate": false,
    "count": 0,
    "updated": 1528975783
  },
  {
    "id": "122d2424-2eb1-4de8-9d1d-10c7387e99f1",
    "data": [
      {
        "text": "unless you can do earlier in the week",
        "userDefined": false
      }
    ],
    "isTemplate": false,
    "count": 0,
    "updated": 1528975783
  },
  {
    "id": "fc2968a3-bf96-4b56-b0c1-8eff75d15330",
    "data": [
      {
        "text": "If I am interested we can set something up.",
        "userDefined": false
      }
    ],
    "isTemplate": false,
    "count": 0,
    "updated": 1528975783
  },
  {
    "id": "3a4bc4f8-a409-4f53-aca4-236617a4ea22",
    "data": [
      {
        "text": "before talking a call",
        "userDefined": false
      }
    ],
    "isTemplate": false,
    "count": 0,
    "updated": 1528975783
  },
  {
    "id": "457ed5f1-a02b-45a8-b272-8a092dc7af88",
    "data": [
      {
        "text": "if we can manage the traffic with your system",
        "userDefined": false
      }
    ],
    "isTemplate": false,
    "count": 0,
    "updated": 1528975783
  },
  {
    "id": "69fec126-8a22-4d51-8ede-d3d248d597f5",
    "data": [
      {
        "text": "But",
        "userDefined": false
      }
    ],
    "isTemplate": false,
    "count": 0,
    "updated": 1528975783
  },
  {
    "id": "5ca2cc4f-27c7-4753-98f4-e42c32c3fe4e",
    "data": [
      {
        "text": "Before we set up a phone call",
        "userDefined": false
      }
    ],
    "isTemplate": false,
    "count": 0,
    "updated": 1528975783
  },
  {
    "id": "15287433-3b97-4daa-a172-01909d6763df",
    "data": [
      {
        "text": "will reach out if I do!",
        "userDefined": false
      }
    ],
    "isTemplate": false,
    "count": 0,
    "updated": 1528975783
  },
  {
    "id": "942a09fc-fbb5-48c2-82a4-7fe93d7ddc5a",
    "data": [
      {
        "text": "If I plan on responding soon",
        "userDefined": false
      }
    ],
    "isTemplate": false,
    "count": 0,
    "updated": 1528975783
  },
  {
    "id": "eff285df-332c-473b-9811-8b3bbec4c009",
    "data": [
      {
        "text": "If I have any questions",
        "userDefined": false
      }
    ],
    "isTemplate": false,
    "count": 0,
    "updated": 1528975783
  },
  {
    "id": "f312f08b-1130-425e-b2c5-2be2c42f60b8",
    "data": [
      {
        "text": "if I do I will reach out to you.",
        "userDefined": false
      }
    ],
    "isTemplate": false,
    "count": 0,
    "updated": 1528975783
  },
  {
    "id": "1f2389db-d887-494f-aa0e-271e818a304a",
    "data": [
      {
        "text": "before we can talk further.",
        "userDefined": false
      }
    ],
    "isTemplate": false,
    "count": 0,
    "updated": 1528975783
  },
  {
    "id": "8ec01daf-03c7-4a71-9f94-96c4b51d6507",
    "data": [
      {
        "text": "unless you would need to reschedule the date",
        "userDefined": false
      }
    ],
    "isTemplate": false,
    "count": 0,
    "updated": 1528975783
  },
  {
    "id": "d03582f6-c32c-4938-8fa6-26f752babd16",
    "data": [
      {
        "text": "Once I get those answers",
        "userDefined": false
      }
    ],
    "isTemplate": false,
    "count": 0,
    "updated": 1528975783
  },
  {
    "id": "40e440cb-5d80-43ab-b1ef-5957ff93e4e3",
    "data": [
      {
        "text": "Before we set up a time to speak about the products",
        "userDefined": false
      }
    ],
    "isTemplate": false,
    "count": 0,
    "updated": 1528975783
  },
  {
    "id": "6eebf790-a94e-45bb-b247-115d0c539848",
    "data": [
      {
        "text": "If you could get back to me with these answers I would be happy to speak with you about purchasing your products.",
        "userDefined": false
      }
    ],
    "isTemplate": false,
    "count": 0,
    "updated": 1528975783
  },
  {
    "id": "f21dc660-fb27-466b-9e0d-a340d32d1235",
    "data": [
      {
        "text": "Before we set up meeting",
        "userDefined": false
      }
    ],
    "isTemplate": false,
    "count": 0,
    "updated": 1528975783
  },
  {
    "id": "5a1816ce-5997-42d7-9e19-04c8fb496465",
    "data": [
      {
        "text": "Before we schedule a time to talk",
        "userDefined": false
      }
    ],
    "isTemplate": false,
    "count": 2,
    "updated": 1528975783
  },
  {
    "id": "922ac1d4-e21b-4f22-9e34-b46c4d99c7b7",
    "data": [
      {
        "text": "After viewing your company website",
        "userDefined": false
      }
    ],
    "isTemplate": false,
    "count": 0,
    "updated": 1528975783
  },
  {
    "id": "a9071cc3-f951-4fb9-a11f-dc70bd80e233",
    "data": [
      {
        "text": "you have the answers please contact me",
        "userDefined": false
      }
    ],
    "isTemplate": false,
    "count": 0,
    "updated": 1528975783
  },
  {
    "id": "43212642-7a46-4089-915d-c02d39c361d8",
    "data": [
      {
        "text": "Before we jump into a call",
        "userDefined": false
      }
    ],
    "isTemplate": false,
    "count": 0,
    "updated": 1528975783
  },
  {
    "id": "7cf770ea-ecbf-4f2f-81d6-4e624e44a92c",
    "data": [
      {
        "text": "then we may be able to schedule a call.",
        "userDefined": false
      }
    ],
    "isTemplate": false,
    "count": 0,
    "updated": 1528975783
  },
  {
    "id": "f7643f33-b505-432d-9077-f4c0e67e4ddc",
    "data": [
      {
        "text": "Before I set up a time to speak with you",
        "userDefined": false
      }
    ],
    "isTemplate": false,
    "count": 0,
    "updated": 1528975783
  },
  {
    "id": "c966a016-0d8a-4e72-a23d-cc2ba022ba74",
    "data": [
      {
        "text": "Is that okay by you?",
        "userDefined": false
      }
    ],
    "isTemplate": false,
    "count": 0,
    "updated": 1528975783
  },
  {
    "id": "2c2504ac-fde3-4f7a-8164-4edba3fa31b7",
    "data": [
      {
        "text": "price after that we shall have contact on it.",
        "userDefined": false
      }
    ],
    "isTemplate": false,
    "count": 0,
    "updated": 1528975783
  },
  {
    "id": "c542fa23-6ce1-406f-83ea-ce4344b0e759",
    "data": [
      {
        "text": "Before I decide to pick a time",
        "userDefined": false
      }
    ],
    "isTemplate": false,
    "count": 0,
    "updated": 1528975783
  },
  {
    "id": "5d01a948-6cb5-4569-9581-818758f724e4",
    "data": [
      {
        "text": "Before we schedule a time",
        "userDefined": false
      }
    ],
    "isTemplate": false,
    "count": 0,
    "updated": 1528975783
  },
  {
    "id": "cc189fc0-10e3-4101-b381-97f8b1cb17b8",
    "data": [
      {
        "text": "before I do",
        "userDefined": false
      }
    ],
    "isTemplate": false,
    "count": 0,
    "updated": 1528975783
  },
  {
    "id": "647a7f7a-6d7c-45de-943f-375ce2551263",
    "data": [
      {
        "text": "Before we discuss this further",
        "userDefined": false
      }
    ],
    "isTemplate": false,
    "count": 0,
    "updated": 1528975783
  },
  {
    "id": "7d058f58-4d67-4b52-845a-93a3bffbdf2b",
    "data": [
      {
        "text": "Just before we speak",
        "userDefined": false
      }
    ],
    "isTemplate": false,
    "count": 0,
    "updated": 1528975783
  },
  {
    "id": "83302670-63df-4c9a-9dfe-8073b749bc6a",
    "data": [
      {
        "text": "Before speaking",
        "userDefined": false
      }
    ],
    "isTemplate": false,
    "count": 0,
    "updated": 1528975783
  },
  {
    "id": "8290631f-e148-42a9-8227-308b2aceb933",
    "data": [
      {
        "text": "It would if",
        "userDefined": false
      }
    ],
    "isTemplate": false,
    "count": 0,
    "updated": 1528975783
  },
  {
    "id": "55ff39a3-12f2-45b9-b228-dde9ddfa2db8",
    "data": [
      {
        "text": "Before we get on a call",
        "userDefined": false
      }
    ],
    "isTemplate": false,
    "count": 0,
    "updated": 1528975783
  },
  {
    "id": "d7078f38-0dbb-4db6-9ab1-5ada1e0f0c9d",
    "data": [
      {
        "text": "Before you get on the phone",
        "userDefined": false
      }
    ],
    "isTemplate": false,
    "count": 0,
    "updated": 1528975783
  },
  {
    "id": "6afc24b9-4bd7-4ab4-ac70-df36644dd58a",
    "data": [
      {
        "text": "Before selecting a time via the link you provided",
        "userDefined": false
      }
    ],
    "isTemplate": false,
    "count": 0,
    "updated": 1528975783
  },
  {
    "id": "63f81bb3-68c3-40b8-9862-1af907e4977b",
    "data": [
      {
        "text": "Before a call",
        "userDefined": false
      }
    ],
    "isTemplate": false,
    "count": 0,
    "updated": 1528975783
  },
  {
    "id": "3b28606f-16d8-44d0-90a6-d4eb4f6da618",
    "data": [
      {
        "text": "Before we actually talk",
        "userDefined": false
      }
    ],
    "isTemplate": false,
    "count": 0,
    "updated": 1528975783
  },
  {
    "id": "95d7a1a1-afa1-4e73-8e8a-581fc128e2c7",
    "data": [
      {
        "text": "will only be available to schedule a call on",
        "userDefined": false
      }
    ],
    "isTemplate": false,
    "count": 0,
    "updated": 1528975783
  },
  {
    "id": "8327b6b9-ebc3-4c88-ae33-943d8555c20a",
    "data": [
      {
        "text": "will get in touch with you if I need to speak to a representative from your company.",
        "userDefined": false
      }
    ],
    "isTemplate": false,
    "count": 0,
    "updated": 1528975783
  },
  {
    "id": "8140babd-0508-4487-9113-7e2769678f23",
    "data": [
      {
        "text": "if I change my mind",
        "userDefined": false
      }
    ],
    "isTemplate": false,
    "count": 0,
    "updated": 1528975783
  },
  {
    "id": "f2f8e7b1-7833-4a49-be72-7120f99c6f6e",
    "data": [
      {
        "text": "Should I need further information",
        "userDefined": false
      }
    ],
    "isTemplate": false,
    "count": 0,
    "updated": 1528975783
  },
  {
    "id": "eea5f475-cca4-4df9-9d3d-6b7cb00547a4",
    "data": [
      {
        "text": "if I do ever have the need",
        "userDefined": false
      }
    ],
    "isTemplate": false,
    "count": 0,
    "updated": 1528975783
  },
  {
    "id": "4c386f15-7cc4-4218-be67-054bd3df3e3b",
    "data": [
      {
        "text": "if I do",
        "userDefined": false
      }
    ],
    "isTemplate": false,
    "count": 0,
    "updated": 1528975783
  },
  {
    "id": "c0cb799d-c304-423d-8d92-f7fc37ec0278",
    "data": [
      {
        "text": "If I find the suitable product that fulfill our requirements",
        "userDefined": false
      }
    ],
    "isTemplate": false,
    "count": 0,
    "updated": 1528975783
  },
  {
    "id": "37540034-c845-4d0e-8940-9ca4c10f7ad9",
    "data": [
      {
        "text": "However",
        "userDefined": false
      }
    ],
    "isTemplate": false,
    "count": 0,
    "updated": 1528975783
  },
  {
    "id": "65e307d2-c304-4a0a-8447-bcd6b5f7db05",
    "data": [
      {
        "text": "yes i am interested in upgrading it ,but interested only if any offer is going on",
        "userDefined": false
      }
    ],
    "isTemplate": false,
    "count": 0,
    "updated": 1528975783
  },
  {
    "id": "f5e235f8-9cb5-4e24-9843-8aba61bfc74f",
    "data": [
      {
        "text": "else not interested for the same.",
        "userDefined": false
      }
    ],
    "isTemplate": false,
    "count": 0,
    "updated": 1528975783
  },
  {
    "id": "36dfdc86-798a-4566-81f7-a55963b8caec",
    "data": [
      {
        "text": "If you have any offer ,then call me i will upgrade it on call .",
        "userDefined": false
      }
    ],
    "isTemplate": false,
    "count": 0,
    "updated": 1528975783
  },
  {
    "id": "263ca651-8a3f-42f5-82ff-7d966f0d49d9",
    "data": [
      {
        "text": "when we decide an upgrade will best serve us.",
        "userDefined": false
      }
    ],
    "isTemplate": false,
    "count": 0,
    "updated": 1528975783
  },
  {
    "id": "c0091bc6-a4a7-42a6-8651-47b86e4e3fbe",
    "data": [
      {
        "text": "after that i will go with some upgrade options.",
        "userDefined": false
      }
    ],
    "isTemplate": false,
    "count": 0,
    "updated": 1528975783
  },
  {
    "id": "35154f55-1f7a-4914-b7d8-cb56db51bb3b",
    "data": [
      {
        "text": "If you are able to match ComplexSoftwares rates",
        "userDefined": false
      }
    ],
    "isTemplate": false,
    "count": 0,
    "updated": 1528975783
  },
  {
    "id": "c2fddb48-c75f-4a87-b982-409cd5f058b9",
    "data": [
      {
        "text": "If statsbot could create that dashboard that I need",
        "userDefined": false
      }
    ],
    "isTemplate": false,
    "count": 0,
    "updated": 1528975783
  },
  {
    "id": "2535a3d9-ca39-4574-8470-82a0450e7ccc",
    "data": [
      {
        "text": "If we ever do",
        "userDefined": false
      }
    ],
    "isTemplate": false,
    "count": 0,
    "updated": 1528975783
  },
  {
    "id": "8b8ab533-19a6-4b4e-80c4-35c9a84fd8bf",
    "data": [
      {
        "text": "we understand how the system works if we want to do more",
        "userDefined": false
      }
    ],
    "isTemplate": false,
    "count": 0,
    "updated": 1528975783
  },
  {
    "id": "14687828-2cf3-46f2-9b3b-b957907df62f",
    "data": [
      {
        "text": "After review of the information you provided for the new software",
        "userDefined": false
      }
    ],
    "isTemplate": false,
    "count": 0,
    "updated": 1528975783
  },
  {
    "id": "f2d3c50a-3325-4726-a58a-693fbd066d0a",
    "data": [
      {
        "text": "Id be happy to talk with you if you genuinely have an interest in Code Four.",
        "userDefined": false
      }
    ],
    "isTemplate": false,
    "count": 1,
    "updated": 1528975783
  },
  {
    "id": "25abf706-24e6-4bcb-80e1-de56a2862aac",
    "data": [
      {
        "text": "If anything changes",
        "userDefined": false
      }
    ],
    "isTemplate": false,
    "count": 0,
    "updated": 1528975783
  },
  {
    "id": "8b77f245-568f-4232-be2e-61ad2ef11ac4",
    "data": [
      {
        "text": "if things change we will get in touch.",
        "userDefined": false
      }
    ],
    "isTemplate": false,
    "count": 0,
    "updated": 1528975783
  },
  {
    "id": "1e377988-3e2a-4e66-8aba-264110406151",
    "data": [
      {
        "text": "If that changes in the future",
        "userDefined": false
      }
    ],
    "isTemplate": false,
    "count": 0,
    "updated": 1528975783
  },
  {
    "id": "40be7082-0c84-45be-b9c8-03a720b43bcc",
    "data": [
      {
        "text": "Should we have a need in the future",
        "userDefined": false
      }
    ],
    "isTemplate": false,
    "count": 0,
    "updated": 1528975783
  },
  {
    "id": "d0addb2a-a07f-4150-bc54-65a2358b85cd",
    "data": [
      {
        "text": "until we get our new site live.",
        "userDefined": false
      }
    ],
    "isTemplate": false,
    "count": 0,
    "updated": 1528975783
  },
  {
    "id": "19af4f13-e12f-4947-aee8-444ceb9b3b5b",
    "data": [
      {
        "text": "If you are interested in discussing that",
        "userDefined": false
      }
    ],
    "isTemplate": false,
    "count": 0,
    "updated": 1528975783
  },
  {
    "id": "95c57cc4-33bd-423f-9b0c-69625421b342",
    "data": [
      {
        "text": "otherwise",
        "userDefined": false
      }
    ],
    "isTemplate": false,
    "count": 0,
    "updated": 1528975783
  },
  {
    "id": "60f002c4-2262-49b6-9319-80749e343019",
    "data": [
      {
        "text": "If I am in need of further assistance",
        "userDefined": false
      }
    ],
    "isTemplate": false,
    "count": 0,
    "updated": 1528975783
  },
  {
    "id": "826e30f9-a9b3-4724-b7f1-8c78f7236cd5",
    "data": [
      {
        "text": "If it works with you",
        "userDefined": false
      }
    ],
    "isTemplate": false,
    "count": 0,
    "updated": 1528975783
  },
  {
    "id": "9f41b754-753d-471d-b8b2-5b159893912f",
    "data": [
      {
        "text": "unless I have a change in needs.",
        "userDefined": false
      }
    ],
    "isTemplate": false,
    "count": 0,
    "updated": 1528975783
  },
  {
    "id": "220a82d4-cd87-4390-b34a-1889184fd27a",
    "data": [
      {
        "text": "If I have any questions i will get in touch with you.",
        "userDefined": false
      }
    ],
    "isTemplate": false,
    "count": 0,
    "updated": 1528975783
  },
  {
    "id": "b2ce0bc0-28c4-4632-bd0d-fcfcaba3eaf5",
    "data": [
      {
        "text": "If you could",
        "userDefined": false
      }
    ],
    "isTemplate": false,
    "count": 0,
    "updated": 1528975783
  },
  {
    "id": "54a19c87-4e7d-4c04-be57-c586e41ec313",
    "data": [
      {
        "text": "Ill let you know if that changes",
        "userDefined": false
      }
    ],
    "isTemplate": false,
    "count": 0,
    "updated": 1528975783
  },
  {
    "id": "22497534-f2c5-4783-a7bc-95988c307250",
    "data": [
      {
        "text": "If I ever become in need of your services",
        "userDefined": false
      }
    ],
    "isTemplate": false,
    "count": 0,
    "updated": 1528975783
  },
  {
    "id": "01bf9bc8-6ce9-4b6b-b085-6509c226cedf",
    "data": [
      {
        "text": "If this is good for you please let me know.",
        "userDefined": false
      }
    ],
    "isTemplate": false,
    "count": 0,
    "updated": 1528975783
  },
  {
    "id": "8cbd590e-4d87-480e-9f3e-1ea6da3be827",
    "data": [
      {
        "text": "Once I have some time",
        "userDefined": false
      }
    ],
    "isTemplate": false,
    "count": 0,
    "updated": 1528975783
  },
  {
    "id": "e05bf357-d2c5-405f-b472-59025b842016",
    "data": [
      {
        "text": "if you are available.",
        "userDefined": false
      }
    ],
    "isTemplate": false,
    "count": 0,
    "updated": 1528975783
  }
]