[
  {
    "id": "4b696de2-4fdb-46a3-af61-778b17cd82a2",
    "data": [
      {
        "text": "I passed your information along to Hayden Simmons (copied) who leads our financial services partnerships.",
        "userDefined": false
      }
    ],
    "isTemplate": false,
    "count": 0,
    "updated": 1528975783
  },
  {
    "id": "a7fba79c-4050-49dc-9208-054095d9ab62",
    "data": [
      {
        "text": "It would be good if the two of you can connect",
        "userDefined": false
      }
    ],
    "isTemplate": false,
    "count": 0,
    "updated": 1528975783
  },
  {
    "id": "a5a45167-bc49-426e-8e2f-b999a698ffa3",
    "data": [
      {
        "text": "I am reaching out to a few members of my team to set up a meeting.",
        "userDefined": false
      }
    ],
    "isTemplate": false,
    "count": 0,
    "updated": 1528975783
  },
  {
    "id": "20d8f2e9-eedb-4b0f-970d-7b8971c1d280",
    "data": [
      {
        "text": "I have forwarded this email",
        "userDefined": false
      }
    ],
    "isTemplate": false,
    "count": 0,
    "updated": 1528975783
  },
  {
    "id": "ca5c91af-327b-4f77-8654-4da3ab3225c6",
    "data": [
      {
        "text": "CC my associate",
        "userDefined": false
      }
    ],
    "isTemplate": false,
    "count": 0,
    "updated": 1528975783
  },
  {
    "id": "42dbd613-b991-475b-9af9-6f7666a4658b",
    "data": [
      {
        "text": "whom will be on the conference call.",
        "userDefined": false
      }
    ],
    "isTemplate": false,
    "count": 0,
    "updated": 1528975783
  },
  {
    "id": "8e1ab75c-2c76-4995-bf8f-aaa5a67a8f7a",
    "data": [
      {
        "text": "I shall be forwarding your mail to the relevent person in our system",
        "userDefined": false
      }
    ],
    "isTemplate": false,
    "count": 0,
    "updated": 1528975783
  },
  {
    "id": "0acc4ee2-62f0-4c89-bd82-04c68a2757f6",
    "data": [
      {
        "text": "I am marking to right person (Mr. Prashantha who looks accounts payable).",
        "userDefined": false
      }
    ],
    "isTemplate": false,
    "count": 0,
    "updated": 1528975783
  },
  {
    "id": "631a4754-44c2-4c62-920d-64720741bd3a",
    "data": [
      {
        "text": "I am not right person on this.",
        "userDefined": false
      }
    ],
    "isTemplate": false,
    "count": 0,
    "updated": 1528975783
  },
  {
    "id": "173104e6-b9a9-4530-a54d-762a5a15861b",
    "data": [
      {
        "text": "I forwarded internally to right person.",
        "userDefined": false
      }
    ],
    "isTemplate": false,
    "count": 0,
    "updated": 1528975783
  },
  {
    "id": "402a628c-7b8e-4746-b6c7-92f6fd675c05",
    "data": [
      {
        "text": "They will reach you out if required.",
        "userDefined": false
      }
    ],
    "isTemplate": false,
    "count": 0,
    "updated": 1528975783
  },
  {
    "id": "a1671273-d94c-4b1f-98b7-3a3287188fe7",
    "data": [
      {
        "text": "I have forwarded your mail to concerned person.",
        "userDefined": false
      }
    ],
    "isTemplate": false,
    "count": 0,
    "updated": 1528975783
  },
  {
    "id": "1b1e1416-91f5-4c6a-8e40-66cfb93d0f60",
    "data": [
      {
        "text": "I have forwarded your mail to the concerned person.",
        "userDefined": false
      }
    ],
    "isTemplate": false,
    "count": 0,
    "updated": 1528975783
  },
  {
    "id": "f56bd579-21ec-4b69-8525-b52a2adf64c3",
    "data": [
      {
        "text": "he will get in touch with you.",
        "userDefined": false
      }
    ],
    "isTemplate": false,
    "count": 0,
    "updated": 1528975783
  },
  {
    "id": "2299d8e8-faf0-4865-bd65-752a6f99615c",
    "data": [
      {
        "text": "I am marking my colleague Indranil from the Corporate Finance team.",
        "userDefined": false
      }
    ],
    "isTemplate": false,
    "count": 0,
    "updated": 1528975783
  },
  {
    "id": "51e7a8e2-5a73-4861-9348-ea1031dbb8dc",
    "data": [
      {
        "text": "We have forwarded your proposal to our Finance Department",
        "userDefined": false
      }
    ],
    "isTemplate": false,
    "count": 0,
    "updated": 1528975783
  },
  {
    "id": "c3074637-4b03-4493-a15b-198940849237",
    "data": [
      {
        "text": "nonetheless I am connecting you with my collegue Radha",
        "userDefined": false
      }
    ],
    "isTemplate": false,
    "count": 0,
    "updated": 1528975783
  },
  {
    "id": "afcf8c08-4b68-4a4d-8f7b-14834b29d9ae",
    "data": [
      {
        "text": "Your proposal has been internally relayed",
        "userDefined": false
      }
    ],
    "isTemplate": false,
    "count": 0,
    "updated": 1528975783
  },
  {
    "id": "d861daa7-0241-431c-a92f-57bfbfaa6da4",
    "data": [
      {
        "text": "Udit shall revert for scheduling a call Warm Regards",
        "userDefined": false
      }
    ],
    "isTemplate": false,
    "count": 0,
    "updated": 1528975783
  },
  {
    "id": "56e10400-a3bf-4a35-8238-a26fbca49e01",
    "data": [
      {
        "text": "I will discuss your cybersecurity software with my IT group",
        "userDefined": false
      }
    ],
    "isTemplate": false,
    "count": 0,
    "updated": 1528975783
  },
  {
    "id": "ec24ee71-5393-4d0c-8bc7-898ee0662d65",
    "data": [
      {
        "text": "Mr Giri here will take this up .",
        "userDefined": false
      }
    ],
    "isTemplate": false,
    "count": 0,
    "updated": 1528975783
  },
  {
    "id": "e5c7f50b-9a9d-4aa6-b8a6-b8a4e6b306f6",
    "data": [
      {
        "text": "then you can contact Srinivasan",
        "userDefined": false
      }
    ],
    "isTemplate": false,
    "count": 0,
    "updated": 1528975783
  },
  {
    "id": "4872ec9e-41f5-441c-9b25-daea3f913e3c",
    "data": [
      {
        "text": "Anir will touch base with you.",
        "userDefined": false
      }
    ],
    "isTemplate": false,
    "count": 0,
    "updated": 1528975783
  },
  {
    "id": "f8c00adf-f502-4422-9801-1896e4d5ea87",
    "data": [
      {
        "text": "I need a little time to discuss with the our department in order to get approval.",
        "userDefined": false
      }
    ],
    "isTemplate": false,
    "count": 0,
    "updated": 1528975783
  },
  {
    "id": "c9e09986-71eb-4185-a04c-4ef395cafb9a",
    "data": [
      {
        "text": "me discuss with my senior officers",
        "userDefined": false
      }
    ],
    "isTemplate": false,
    "count": 0,
    "updated": 1528975783
  },
  {
    "id": "6085fb00-1378-4062-8b00-685610b0a735",
    "data": [
      {
        "text": "I forwarded your mail to the right person in Accion they will come back to you For me it is not useful",
        "userDefined": false
      }
    ],
    "isTemplate": false,
    "count": 0,
    "updated": 1528975783
  },
  {
    "id": "0b14a548-9e7a-430d-a4d4-bd1746569099",
    "data": [
      {
        "text": "Ive marked my team to coordinate to have a demo.",
        "userDefined": false
      }
    ],
    "isTemplate": false,
    "count": 0,
    "updated": 1528975783
  },
  {
    "id": "df93dc7c-b93a-4ac3-8f9c-c6bdf41ce5cd",
    "data": [
      {
        "text": "my tram are going to explore our options",
        "userDefined": false
      }
    ],
    "isTemplate": false,
    "count": 0,
    "updated": 1528975783
  },
  {
    "id": "6ca57b90-55d8-4630-8174-60a6cbb71076",
    "data": [
      {
        "text": "Please connect with our admin Rochelle Fernandes marked on this email.",
        "userDefined": false
      }
    ],
    "isTemplate": false,
    "count": 0,
    "updated": 1528975783
  },
  {
    "id": "0cdae2a3-2777-4d4a-ae67-44f4d0ef5266",
    "data": [
      {
        "text": "Connecting you with Smita Agarwal",
        "userDefined": false
      }
    ],
    "isTemplate": false,
    "count": 0,
    "updated": 1528975783
  },
  {
    "id": "6de58c64-2f5b-41fb-b3e0-684ab7bb2bc8",
    "data": [
      {
        "text": "She is the right person for this subject",
        "userDefined": false
      }
    ],
    "isTemplate": false,
    "count": 0,
    "updated": 1528975783
  },
  {
    "id": "2cf7277e-2356-47c3-ba39-0a564a03c293",
    "data": [
      {
        "text": "Looping my colleague from Fin team who will revert if this will help them.",
        "userDefined": false
      }
    ],
    "isTemplate": false,
    "count": 0,
    "updated": 1528975783
  },
  {
    "id": "723c957a-3e8f-48f8-9846-ca9ac2821dcb",
    "data": [
      {
        "text": "Hi tina Apologies for the delay in response Marking my colleague Mr. Harendra Sharma who looks i to the finance aspect of the company Would be good if you meet him",
        "userDefined": false
      }
    ],
    "isTemplate": false,
    "count": 0,
    "updated": 1528975783
  },
  {
    "id": "ff0a6e41-ad18-4db8-8bf8-88dbea0a26aa",
    "data": [
      {
        "text": "I would suggest you meet Motherhood Finance",
        "userDefined": false
      }
    ],
    "isTemplate": false,
    "count": 0,
    "updated": 1528975783
  },
  {
    "id": "cf3f6be6-ec06-45b3-854a-d9815659fddc",
    "data": [
      {
        "text": "Depends on our IT /finance team.",
        "userDefined": false
      }
    ],
    "isTemplate": false,
    "count": 0,
    "updated": 1528975783
  },
  {
    "id": "38b3e6f9-f194-484e-92d9-a0a35e1a637d",
    "data": [
      {
        "text": "I think this might be helpful for Collective Heads To: \u003c\u003e Dear Kiran Shetty",
        "userDefined": false
      }
    ],
    "isTemplate": false,
    "count": 0,
    "updated": 1528975783
  },
  {
    "id": "90b152ff-5087-4b23-b85f-651644f6a56d",
    "data": [
      {
        "text": "Kindly connect with my Finance team",
        "userDefined": false
      }
    ],
    "isTemplate": false,
    "count": 0,
    "updated": 1528975783
  },
  {
    "id": "b4f6a4d1-f4cc-4f38-9c0e-219edbb99dfa",
    "data": [
      {
        "text": "as they might be helpful to you to take this forward.",
        "userDefined": false
      }
    ],
    "isTemplate": false,
    "count": 0,
    "updated": 1528975783
  },
  {
    "id": "7def971e-ad0e-4109-9c2b-68551aa7dea7",
    "data": [
      {
        "text": "I think this might be helpful for Vikram Hospital Dear Antony CF",
        "userDefined": false
      }
    ],
    "isTemplate": false,
    "count": 0,
    "updated": 1528975783
  },
  {
    "id": "f698f0e4-33f9-4caf-8161-181c9f5793c0",
    "data": [
      {
        "text": "Mr. Varma -SCRIBEPHONE- Credit Manager speak to him.",
        "userDefined": false
      }
    ],
    "isTemplate": false,
    "count": 0,
    "updated": 1528975783
  },
  {
    "id": "03cee76d-1bb5-4163-91f9-1ad8930a8bf3",
    "data": [
      {
        "text": "I will discuss with our IT group",
        "userDefined": false
      }
    ],
    "isTemplate": false,
    "count": 0,
    "updated": 1528975783
  },
  {
    "id": "566f7e2a-52ff-4b5b-a847-f1e84026917e",
    "data": [
      {
        "text": "He would be right person to take it forward.",
        "userDefined": false
      }
    ],
    "isTemplate": false,
    "count": 0,
    "updated": 1528975783
  },
  {
    "id": "89871df9-0c66-403e-9736-7bd0c9a6b6b5",
    "data": [
      {
        "text": "I am looping our AP process counterpart whom you may connect for further communication / discussion.",
        "userDefined": false
      }
    ],
    "isTemplate": false,
    "count": 0,
    "updated": 1528975783
  },
  {
    "id": "ca01f1f0-75bc-4599-9194-82c9d1f04198",
    "data": [
      {
        "text": "Connecting you with Ramana from our team he can evaluate",
        "userDefined": false
      }
    ],
    "isTemplate": false,
    "count": 0,
    "updated": 1528975783
  },
  {
    "id": "49783843-de16-4dc8-99b7-ff844dfc4ef0",
    "data": [
      {
        "text": "I have already forwarded details to IT person",
        "userDefined": false
      }
    ],
    "isTemplate": false,
    "count": 0,
    "updated": 1528975783
  },
  {
    "id": "36562a7c-2cac-4939-87d6-5d822944c11d",
    "data": [
      {
        "text": "Please coordinate this with our CFO",
        "userDefined": false
      }
    ],
    "isTemplate": false,
    "count": 0,
    "updated": 1528975783
  },
  {
    "id": "7795e2d5-438d-49f3-8f7c-74053d0a8700",
    "data": [
      {
        "text": "marked in CC.",
        "userDefined": false
      }
    ],
    "isTemplate": false,
    "count": 0,
    "updated": 1528975783
  },
  {
    "id": "5e47cacf-910e-43f8-a684-4fe668c1965d",
    "data": [
      {
        "text": "ask for finance",
        "userDefined": false
      }
    ],
    "isTemplate": false,
    "count": 0,
    "updated": 1528975783
  },
  {
    "id": "38a01779-dc0a-4705-8928-267cbab0c404",
    "data": [
      {
        "text": "I have forwarded your email to the relevant person who will get in touch with you.",
        "userDefined": false
      }
    ],
    "isTemplate": false,
    "count": 0,
    "updated": 1528975783
  },
  {
    "id": "69eccef8-3ee7-4691-ae00-6c66ce7c7e51",
    "data": [
      {
        "text": "kindly contact Tina for any further information",
        "userDefined": false
      }
    ],
    "isTemplate": false,
    "count": 0,
    "updated": 1528975783
  },
  {
    "id": "af0a6012-316b-4fb9-acf0-4b585bac6a38",
    "data": [
      {
        "text": "I sent your original two emails to our Corporate office",
        "userDefined": false
      }
    ],
    "isTemplate": false,
    "count": 0,
    "updated": 1528975783
  },
  {
    "id": "897794e3-0ad2-45b2-a25f-86b2ce5baf7c",
    "data": [
      {
        "text": "cc Megan to keep her in the loop.",
        "userDefined": false
      }
    ],
    "isTemplate": false,
    "count": 0,
    "updated": 1528975783
  },
  {
    "id": "5c0e88b0-3383-4229-80ca-02dd9097dd6c",
    "data": [
      {
        "text": "Thanks Tina for the email ☺ I have notified to the concerned team",
        "userDefined": false
      }
    ],
    "isTemplate": false,
    "count": 0,
    "updated": 1528975783
  },
  {
    "id": "f65d282e-8217-4ab5-ab57-5111af45dc72",
    "data": [
      {
        "text": "let us see what they decide.",
        "userDefined": false
      }
    ],
    "isTemplate": false,
    "count": 0,
    "updated": 1528975783
  },
  {
    "id": "fb861848-96a1-4ac3-a728-a1aee1af6641",
    "data": [
      {
        "text": "if you have some use cases to integrate in that software you may get more clients ☺ accounting software is -SCRIBEURL- CCed Shubhendra",
        "userDefined": false
      }
    ],
    "isTemplate": false,
    "count": 0,
    "updated": 1528975783
  },
  {
    "id": "a0470d8d-e743-4d80-8282-f1047f2f6748",
    "data": [
      {
        "text": "He is the right person to make you understand.",
        "userDefined": false
      }
    ],
    "isTemplate": false,
    "count": 0,
    "updated": 1528975783
  },
  {
    "id": "da4b6063-350a-472e-9226-d6672f5a92af",
    "data": [
      {
        "text": "Please be in touch with him regarding this matter",
        "userDefined": false
      }
    ],
    "isTemplate": false,
    "count": 8,
    "updated": 1528975783
  },
  {
    "id": "fccd5366-c4ff-4190-94f5-eacff72d7fa5",
    "data": [
      {
        "text": "Hello Tina I have copied the mail to Mr Jaykumar who looks after the finance of CGH earth.",
        "userDefined": false
      }
    ],
    "isTemplate": false,
    "count": 0,
    "updated": 1528975783
  },
  {
    "id": "17a479d6-3e34-4282-8804-2f144ca1e10c",
    "data": [
      {
        "text": "Mr. Arif Syed Head IT can meet you.",
        "userDefined": false
      }
    ],
    "isTemplate": false,
    "count": 0,
    "updated": 1528975783
  },
  {
    "id": "ac4188b9-ded6-4e67-a752-0cabef40d3d1",
    "data": [
      {
        "text": "Our Finance team might help you.",
        "userDefined": false
      }
    ],
    "isTemplate": false,
    "count": 0,
    "updated": 1528975783
  },
  {
    "id": "f66f87b7-d3a4-4481-bc41-33240560ad1d",
    "data": [
      {
        "text": "Be in touch with Anmol",
        "userDefined": false
      }
    ],
    "isTemplate": false,
    "count": 0,
    "updated": 1528975783
  },
  {
    "id": "8f4ac51c-f838-4c99-b5f5-d4cd46bb646f",
    "data": [
      {
        "text": "I have forwarded your email to our finance",
        "userDefined": false
      }
    ],
    "isTemplate": false,
    "count": 0,
    "updated": 1528975783
  },
  {
    "id": "d2e55634-252f-41f5-948c-b2b7682adb71",
    "data": [
      {
        "text": "logistics team",
        "userDefined": false
      }
    ],
    "isTemplate": false,
    "count": 0,
    "updated": 1528975783
  },
  {
    "id": "2c780bbb-4e7e-4d04-9b5f-6cddcd60f2fb",
    "data": [
      {
        "text": "forwarded to concerned person.",
        "userDefined": false
      }
    ],
    "isTemplate": false,
    "count": 0,
    "updated": 1528975783
  },
  {
    "id": "c8899202-d78c-4e9e-ae0b-3500c0678128",
    "data": [
      {
        "text": "Looping Mani if he has any requirements.",
        "userDefined": false
      }
    ],
    "isTemplate": false,
    "count": 0,
    "updated": 1528975783
  },
  {
    "id": "613c1429-ebd4-476f-9c3e-aebbc5e1b5c9",
    "data": [
      {
        "text": "Hi Tina I have marked a copy of this mail to Mr. Anand Nair",
        "userDefined": false
      }
    ],
    "isTemplate": false,
    "count": 0,
    "updated": 1528975783
  },
  {
    "id": "b81f9d62-60c8-4dc6-8eb3-72490fac0b64",
    "data": [
      {
        "text": "who heads the Operation line function in TP-Link",
        "userDefined": false
      }
    ],
    "isTemplate": false,
    "count": 0,
    "updated": 1528975783
  },
  {
    "id": "263d3838-0cce-47cf-966c-fbc5b9682c34",
    "data": [
      {
        "text": "is the right person to coordinate Anand FYI",
        "userDefined": false
      }
    ],
    "isTemplate": false,
    "count": 0,
    "updated": 1528975783
  },
  {
    "id": "75f1ded2-b1ed-4671-901a-d10212ba75c5",
    "data": [
      {
        "text": "I am happy to meet your team -SCRIBETIME- Please coordinate with my colleague Saurabh Shah (GM Finance).",
        "userDefined": false
      }
    ],
    "isTemplate": false,
    "count": 0,
    "updated": 1528975783
  },
  {
    "id": "f337ec26-36d6-4e8c-a485-675e4b6e6b16",
    "data": [
      {
        "text": "Please coordinate with manjiri (marked in cc).",
        "userDefined": false
      }
    ],
    "isTemplate": false,
    "count": 0,
    "updated": 1528975783
  },
  {
    "id": "94522f4b-2a02-4d1f-bc8e-fa6078e711c4",
    "data": [
      {
        "text": "Bhatiaji - please see.",
        "userDefined": false
      }
    ],
    "isTemplate": false,
    "count": 0,
    "updated": 1528975783
  },
  {
    "id": "f2ba7139-232f-4c57-9899-9709aa82c95b",
    "data": [
      {
        "text": "Shiv/Madhusudhan/Harsha",
        "userDefined": false
      }
    ],
    "isTemplate": false,
    "count": 0,
    "updated": 1528975783
  },
  {
    "id": "d8fe587b-d769-420b-bdc8-9c2b23c5d949",
    "data": [
      {
        "text": "I have cc my cfo Amit to this mail.",
        "userDefined": false
      }
    ],
    "isTemplate": false,
    "count": 0,
    "updated": 1528975783
  },
  {
    "id": "1690212d-3c5d-41bd-9b3d-c808ae0c12d0",
    "data": [
      {
        "text": "given your contact details to the concerned team.",
        "userDefined": false
      }
    ],
    "isTemplate": false,
    "count": 0,
    "updated": 1528975783
  },
  {
    "id": "01edda00-869a-4d36-8d7f-ca21981cdccb",
    "data": [
      {
        "text": "I have forwarded your request to my finance team",
        "userDefined": false
      }
    ],
    "isTemplate": false,
    "count": 0,
    "updated": 1528975783
  },
  {
    "id": "2c67a6a9-5076-432d-9bd2-d5ddab0d0383",
    "data": [
      {
        "text": "will connect you.",
        "userDefined": false
      }
    ],
    "isTemplate": false,
    "count": 0,
    "updated": 1528975783
  },
  {
    "id": "a59a5e3a-7384-4187-8767-7bebf25d5ec3",
    "data": [
      {
        "text": "I have forwarded your mail to our finance team",
        "userDefined": false
      }
    ],
    "isTemplate": false,
    "count": 0,
    "updated": 1528975783
  },
  {
    "id": "6e0fd1a5-cf04-4d06-a481-9346b08180c2",
    "data": [
      {
        "text": "I am forwarding your mail to our marketing function.",
        "userDefined": false
      }
    ],
    "isTemplate": false,
    "count": 0,
    "updated": 1528975783
  },
  {
    "id": "00cac3a2-24ce-4780-881e-ec5779318ff9",
    "data": [
      {
        "text": "I have cc my colleague Andy.",
        "userDefined": false
      }
    ],
    "isTemplate": false,
    "count": 0,
    "updated": 1528975783
  },
  {
    "id": "3a6248b8-7217-49ce-8435-36ffc3d73125",
    "data": [
      {
        "text": "Copying my colleague",
        "userDefined": false
      }
    ],
    "isTemplate": false,
    "count": 0,
    "updated": 1528975783
  },
  {
    "id": "36a23ee9-442d-497d-a8ee-7de9652fd6c6",
    "data": [
      {
        "text": "Surendran who can take this forward.",
        "userDefined": false
      }
    ],
    "isTemplate": false,
    "count": 0,
    "updated": 1528975783
  },
  {
    "id": "b018656e-92b8-440c-8a04-1326af358f8d",
    "data": [
      {
        "text": "he leads our BD team - he\u0027ll likely loop in Jodi who leads Demand Gen.",
        "userDefined": false
      }
    ],
    "isTemplate": false,
    "count": 0,
    "updated": 1528975783
  },
  {
    "id": "bb2a366b-108d-45fd-9556-ee979d14efd1",
    "data": [
      {
        "text": "I did send across the product details to our Advisory Team who I think will benefit from this.",
        "userDefined": false
      }
    ],
    "isTemplate": false,
    "count": 0,
    "updated": 1528975783
  },
  {
    "id": "bca63354-30d2-43ba-8f7a-26e9f8452bf4",
    "data": [
      {
        "text": "I will be introducing them in the mail later on",
        "userDefined": false
      }
    ],
    "isTemplate": false,
    "count": 0,
    "updated": 1528975783
  },
  {
    "id": "795dd7af-6863-42ad-b547-5e71dc296aa8",
    "data": [
      {
        "text": "they will take it forward from there.",
        "userDefined": false
      }
    ],
    "isTemplate": false,
    "count": 0,
    "updated": 1528975783
  },
  {
    "id": "16320881-dc2f-479f-ad88-7b176b4c8102",
    "data": [
      {
        "text": "I have attached my accountant",
        "userDefined": false
      }
    ],
    "isTemplate": false,
    "count": 0,
    "updated": 1528975783
  },
  {
    "id": "6c139fb2-8ad5-4bc1-a704-745c36b99899",
    "data": [
      {
        "text": "business partner Andrew to the email.",
        "userDefined": false
      }
    ],
    "isTemplate": false,
    "count": 0,
    "updated": 1528975783
  },
  {
    "id": "a8739ef8-58aa-4b35-bbac-623925b74f01",
    "data": [
      {
        "text": "I will CC this email to my associate.",
        "userDefined": false
      }
    ],
    "isTemplate": false,
    "count": 0,
    "updated": 1528975783
  },
  {
    "id": "b1b0be5e-3ab5-4b8c-b11f-35f697fd3e34",
    "data": [
      {
        "text": "Their contact information follows.",
        "userDefined": false
      }
    ],
    "isTemplate": false,
    "count": 0,
    "updated": 1528975783
  },
  {
    "id": "6425bc0b-5b2b-4a51-83e6-e82c3377e025",
    "data": [
      {
        "text": "I like to discuss on this point with the manager.",
        "userDefined": false
      }
    ],
    "isTemplate": false,
    "count": 0,
    "updated": 1528975783
  },
  {
    "id": "7b9c289d-1850-4330-9a26-6495a65324d5",
    "data": [
      {
        "text": "I asked my teammate",
        "userDefined": false
      }
    ],
    "isTemplate": false,
    "count": 0,
    "updated": 1528975783
  },
  {
    "id": "45a22e69-4b0f-4d86-8bd6-f66965c65f48",
    "data": [
      {
        "text": "cc Xavier our analytics lead",
        "userDefined": false
      }
    ],
    "isTemplate": false,
    "count": 0,
    "updated": 1528975783
  },
  {
    "id": "482fcc41-a804-45a4-9065-17be89fd577a",
    "data": [
      {
        "text": "the decision maker around Statsbot",
        "userDefined": false
      }
    ],
    "isTemplate": false,
    "count": 0,
    "updated": 1528975783
  },
  {
    "id": "ec8b1c49-c1d9-4989-b5f5-cc637a97106b",
    "data": [
      {
        "text": "he should be part of the conversation",
        "userDefined": false
      }
    ],
    "isTemplate": false,
    "count": 0,
    "updated": 1528975783
  },
  {
    "id": "2150b41f-ee54-4586-a665-339e6c0ef506",
    "data": [
      {
        "text": "i am going to refer you to one of my people who would be the right place for you to start.",
        "userDefined": false
      }
    ],
    "isTemplate": false,
    "count": 0,
    "updated": 1528975783
  },
  {
    "id": "e27384ba-dfa3-4793-b440-3e57140e7b13",
    "data": [
      {
        "text": "Where she takes it is from there is her call.",
        "userDefined": false
      }
    ],
    "isTemplate": false,
    "count": 0,
    "updated": 1528975783
  },
  {
    "id": "bf79e2c4-e256-491a-9d9c-7ca2f4d99b28",
    "data": [
      {
        "text": "She will bring me in if she would like to take things in a different direction than where we are -SCRIBETIME-.",
        "userDefined": false
      }
    ],
    "isTemplate": false,
    "count": 0,
    "updated": 1528975783
  },
  {
    "id": "bab5125d-a4b4-460e-b087-4c1673a6274c",
    "data": [
      {
        "text": "his information should you want to reach out to him: Michael Browning | Director",
        "userDefined": false
      }
    ],
    "isTemplate": false,
    "count": 0,
    "updated": 1528975783
  },
  {
    "id": "68787ff2-5544-4e7a-a9a0-4666e2a8159a",
    "data": [
      {
        "text": "Ill chat with my -SCRIBETIME- to see if he wants to chat with ya.",
        "userDefined": false
      }
    ],
    "isTemplate": false,
    "count": 0,
    "updated": 1528975783
  },
  {
    "id": "554c760d-863b-4566-bdae-a3e74793336a",
    "data": [
      {
        "text": "I am marking your mail to Alex",
        "userDefined": false
      }
    ],
    "isTemplate": false,
    "count": 0,
    "updated": 1528975783
  },
  {
    "id": "30e4fd55-c776-4f04-90f9-54fcef4d97bb",
    "data": [
      {
        "text": "the right set of my colleagues who head the analytics",
        "userDefined": false
      }
    ],
    "isTemplate": false,
    "count": 0,
    "updated": 1528975783
  },
  {
    "id": "46f426d8-d9c1-4de8-b6b4-2e843c025593",
    "data": [
      {
        "text": "They can take this forward",
        "userDefined": false
      }
    ],
    "isTemplate": false,
    "count": 0,
    "updated": 1528975783
  },
  {
    "id": "39e546f7-9191-409d-8eee-0b96e5b9576f",
    "data": [
      {
        "text": "He will reach out second half of the week",
        "userDefined": false
      }
    ],
    "isTemplate": false,
    "count": 0,
    "updated": 1528975783
  },
  {
    "id": "f83f650b-afd9-4fe5-966b-1fa10e9e6a34",
    "data": [
      {
        "text": "am copying Bikramjit Ganguly",
        "userDefined": false
      }
    ],
    "isTemplate": false,
    "count": 0,
    "updated": 1528975783
  },
  {
    "id": "c9101a1e-5774-4756-adaf-5d97398f13f9",
    "data": [
      {
        "text": "who heads our digital platform capability",
        "userDefined": false
      }
    ],
    "isTemplate": false,
    "count": 0,
    "updated": 1528975783
  },
  {
    "id": "377cfe9d-b848-4afa-a493-8c737f480ee9",
    "data": [
      {
        "text": "I am copying here my colleagues Mr. Brotish Das who is our Head of Analytics",
        "userDefined": false
      }
    ],
    "isTemplate": false,
    "count": 0,
    "updated": 1528975783
  },
  {
    "id": "e0c70c75-432f-4154-a945-2e8355b54e0f",
    "data": [
      {
        "text": "Mr. Arun Amarnath who heads our in-house digital innovation.",
        "userDefined": false
      }
    ],
    "isTemplate": false,
    "count": 0,
    "updated": 1528975783
  },
  {
    "id": "0f79ed58-3c77-4cd3-80e1-eb96a2c1e1ba",
    "data": [
      {
        "text": "Hence requesting them to coordinate directly with you",
        "userDefined": false
      }
    ],
    "isTemplate": false,
    "count": 0,
    "updated": 1528975783
  },
  {
    "id": "1bb45eee-483a-4aa4-b1f9-2e77f45bcb75",
    "data": [
      {
        "text": "Please feel free to reach out to our headquarter in Torrance",
        "userDefined": false
      }
    ],
    "isTemplate": false,
    "count": 0,
    "updated": 1528975783
  },
  {
    "id": "2013a8da-4116-42d5-b2d9-ec2fead4a701",
    "data": [
      {
        "text": "i would like to introduce my coworker Betsy Ford who is looking into our SEO.",
        "userDefined": false
      }
    ],
    "isTemplate": false,
    "count": 0,
    "updated": 1528975783
  },
  {
    "id": "6acf43be-85e0-4169-aea4-f3c29b279520",
    "data": [
      {
        "text": "i forwarded your email to the right team member",
        "userDefined": false
      }
    ],
    "isTemplate": false,
    "count": 0,
    "updated": 1528975783
  },
  {
    "id": "7a47d203-6716-4eb7-a020-6bcfc8a0892c",
    "data": [
      {
        "text": "Thank you - I sent this to my team.",
        "userDefined": false
      }
    ],
    "isTemplate": false,
    "count": 0,
    "updated": 1528975783
  },
  {
    "id": "ee371270-eccc-4daf-b766-adc9eb8bff9e",
    "data": [
      {
        "text": "If there is interest - they will reach out.",
        "userDefined": false
      }
    ],
    "isTemplate": false,
    "count": 0,
    "updated": 1528975783
  },
  {
    "id": "00182c93-6350-4dd1-80de-9eb9a8f233d2",
    "data": [
      {
        "text": "would you rather I forwarded this onto the MD?",
        "userDefined": false
      }
    ],
    "isTemplate": false,
    "count": 0,
    "updated": 1528975783
  },
  {
    "id": "91c53ef1-2b81-4c55-9eaf-7f3cf888b303",
    "data": [
      {
        "text": "Please contact my assistant",
        "userDefined": false
      }
    ],
    "isTemplate": false,
    "count": 0,
    "updated": 1528975783
  },
  {
    "id": "33fbacd4-4778-423f-afcf-c5d4c0d019b1",
    "data": [
      {
        "text": "He probably is not actually the best person to speak to",
        "userDefined": false
      }
    ],
    "isTemplate": false,
    "count": 0,
    "updated": 1528975783
  }
]