[
  {
    "id": "bc2cddc7-3367-40e4-ba34-904a670e0420",
    "data": [
      {
        "text": "we are still in the exploratory phase of looking for a software provider.",
        "userDefined": false
      }
    ],
    "isTemplate": false,
    "count": 0,
    "updated": 1528975783
  },
  {
    "id": "2ad0d915-2094-41f9-ba03-8a1ff46e78e0",
    "data": [
      {
        "text": "I am currently still exploring other software options.",
        "userDefined": false
      }
    ],
    "isTemplate": false,
    "count": 0,
    "updated": 1528975783
  },
  {
    "id": "a45c7496-482b-4d92-acc4-0db94226265e",
    "data": [
      {
        "text": "I am still looking at all my options.",
        "userDefined": false
      }
    ],
    "isTemplate": false,
    "count": 0,
    "updated": 1528975783
  },
  {
    "id": "fa388a36-af51-4203-bf5c-64808619b67f",
    "data": [
      {
        "text": "i am currently still exploring my options",
        "userDefined": false
      }
    ],
    "isTemplate": false,
    "count": 0,
    "updated": 1528975783
  },
  {
    "id": "917a36f4-1eda-488e-b1c3-4bed64f2d61d",
    "data": [
      {
        "text": "looking all around.",
        "userDefined": false
      }
    ],
    "isTemplate": false,
    "count": 0,
    "updated": 1528975783
  },
  {
    "id": "d35e1049-d6c8-46ff-a362-b5e310286cf8",
    "data": [
      {
        "text": "I have been examining your competitors",
        "userDefined": false
      }
    ],
    "isTemplate": false,
    "count": 0,
    "updated": 1528975783
  },
  {
    "id": "04db6df7-465c-4427-aa82-852a6964dca1",
    "data": [
      {
        "text": "at the moment I am exploring various other options with different providers.",
        "userDefined": false
      }
    ],
    "isTemplate": false,
    "count": 0,
    "updated": 1528975783
  },
  {
    "id": "bc777175-64f4-40b6-97cd-1bb5f156e612",
    "data": [
      {
        "text": "I am still browsing possibilities",
        "userDefined": false
      }
    ],
    "isTemplate": false,
    "count": 0,
    "updated": 1528975783
  },
  {
    "id": "7d060dc5-4eda-44ec-b932-9c581c5c0dff",
    "data": [
      {
        "text": "i am currently still looking at other options.",
        "userDefined": false
      }
    ],
    "isTemplate": false,
    "count": 0,
    "updated": 1528975783
  },
  {
    "id": "b44c187b-f57c-4bdb-b97f-e5df5418dee1",
    "data": [
      {
        "text": "Our company here is exploring some options;",
        "userDefined": false
      }
    ],
    "isTemplate": false,
    "count": 0,
    "updated": 1528975783
  },
  {
    "id": "db6277e7-646b-403b-9110-982ce4bf50c0",
    "data": [
      {
        "text": "also looking at other options.",
        "userDefined": false
      }
    ],
    "isTemplate": false,
    "count": 0,
    "updated": 1528975783
  },
  {
    "id": "3356cc17-5c19-4141-be8f-5b85c64875e1",
    "data": [
      {
        "text": "We are still reviewing our needs",
        "userDefined": false
      }
    ],
    "isTemplate": false,
    "count": 0,
    "updated": 1528975783
  },
  {
    "id": "b5204f45-276b-44d4-ae59-0b19c1f91cb6",
    "data": [
      {
        "text": "We are currently reviewing software like CompleteSecurity from various vendors.",
        "userDefined": false
      }
    ],
    "isTemplate": false,
    "count": 0,
    "updated": 1528975783
  },
  {
    "id": "8fe262c0-1424-4342-b0b2-6926b783e8dd",
    "data": [
      {
        "text": "i am researching other opportunities",
        "userDefined": false
      }
    ],
    "isTemplate": false,
    "count": 0,
    "updated": 1528975783
  },
  {
    "id": "add412d7-02d1-472f-95db-1dc98220e9a7",
    "data": [
      {
        "text": "i am currently still exploring",
        "userDefined": false
      }
    ],
    "isTemplate": false,
    "count": 0,
    "updated": 1528975783
  },
  {
    "id": "2ad1baa3-a484-4cd1-b599-292df68b4ed8",
    "data": [
      {
        "text": "We are still exploring options at the point.",
        "userDefined": false
      }
    ],
    "isTemplate": false,
    "count": 0,
    "updated": 1528975783
  },
  {
    "id": "dcd69bd6-f83a-4a67-87dc-50b4115c1fa5",
    "data": [
      {
        "text": "I am still exploring -SCRIBETIME-.",
        "userDefined": false
      }
    ],
    "isTemplate": false,
    "count": 0,
    "updated": 1528975783
  },
  {
    "id": "4c999fc2-9ae6-4f49-b8e4-2a896a0f5613",
    "data": [
      {
        "text": "I am still looking into possible solutions",
        "userDefined": false
      }
    ],
    "isTemplate": false,
    "count": 0,
    "updated": 1528975783
  },
  {
    "id": "5936ad7b-114d-4fa7-97fc-78969c9e96cb",
    "data": [
      {
        "text": "We are still searching for other providers",
        "userDefined": false
      }
    ],
    "isTemplate": false,
    "count": 0,
    "updated": 1528975783
  },
  {
    "id": "0c7eb4e1-7d9e-48cc-bc0f-f76c26f92372",
    "data": [
      {
        "text": "We are currently reviewing software programs",
        "userDefined": false
      }
    ],
    "isTemplate": false,
    "count": 0,
    "updated": 1528975783
  },
  {
    "id": "6d7bbf0a-bf9d-426b-9f3e-862236ecab48",
    "data": [
      {
        "text": "we need some time to evaluate what program will suit our needs.",
        "userDefined": false
      }
    ],
    "isTemplate": false,
    "count": 0,
    "updated": 1528975783
  },
  {
    "id": "e10a4f7c-b5bd-4894-bd8d-eef842068000",
    "data": [
      {
        "text": "We are still in the process of evaluating our needs",
        "userDefined": false
      }
    ],
    "isTemplate": false,
    "count": 0,
    "updated": 1528975783
  },
  {
    "id": "3d121eca-efbb-4f1c-8a36-bf858b336e17",
    "data": [
      {
        "text": "We are currently evaluating various options",
        "userDefined": false
      }
    ],
    "isTemplate": false,
    "count": 0,
    "updated": 1528975783
  },
  {
    "id": "2a675208-105f-4014-8b61-7a1dfd1e2833",
    "data": [
      {
        "text": "We are talking to Happay for exactly -SCRIBEURL-",
        "userDefined": false
      }
    ],
    "isTemplate": false,
    "count": 0,
    "updated": 1528975783
  },
  {
    "id": "c8f24ead-bc4f-4bea-969a-24b86ee65fa0",
    "data": [
      {
        "text": "I am still looking at a few options",
        "userDefined": false
      }
    ],
    "isTemplate": false,
    "count": 0,
    "updated": 1528975783
  },
  {
    "id": "2dba808d-b28a-41c5-8437-e9cf63768b1f",
    "data": [
      {
        "text": "want to consider the choices before we talk further.",
        "userDefined": false
      }
    ],
    "isTemplate": false,
    "count": 0,
    "updated": 1528975783
  },
  {
    "id": "0f9a242d-0da3-4766-a0fb-aad369d5b2c8",
    "data": [
      {
        "text": "I have a number of options i am going over at the moment though.",
        "userDefined": false
      }
    ],
    "isTemplate": false,
    "count": 0,
    "updated": 1528975783
  },
  {
    "id": "390c7e74-2e6d-4a97-bd88-a30d824fd0db",
    "data": [
      {
        "text": "Let me take time to learn something about security softwares available in the market.",
        "userDefined": false
      }
    ],
    "isTemplate": false,
    "count": 0,
    "updated": 1528975783
  },
  {
    "id": "717e1fa3-7a85-44e6-afa5-7a88d09a2d8e",
    "data": [
      {
        "text": "I would have some questions before calling.",
        "userDefined": false
      }
    ],
    "isTemplate": false,
    "count": 0,
    "updated": 1528975783
  },
  {
    "id": "b13631b9-3fa3-4c9c-99f5-fbb747c65192",
    "data": [
      {
        "text": "I am actually just looking at future options for company growth.",
        "userDefined": false
      }
    ],
    "isTemplate": false,
    "count": 0,
    "updated": 1528975783
  },
  {
    "id": "c54ff08e-34ae-4f05-a822-176aba0cec2b",
    "data": [
      {
        "text": "I am looking at some options",
        "userDefined": false
      }
    ],
    "isTemplate": false,
    "count": 0,
    "updated": 1528975783
  },
  {
    "id": "4feb4102-329f-4179-acb1-e734f41b8bda",
    "data": [
      {
        "text": "We are currently evaluating our options",
        "userDefined": false
      }
    ],
    "isTemplate": false,
    "count": 0,
    "updated": 1528975783
  },
  {
    "id": "194ec537-c247-4dcd-867b-ab3e6e30eb1e",
    "data": [
      {
        "text": "I want to first explore my options to see which is the best fit for me.",
        "userDefined": false
      }
    ],
    "isTemplate": false,
    "count": 0,
    "updated": 1528975783
  },
  {
    "id": "73905c60-27bc-45c5-bffb-904f68434a21",
    "data": [
      {
        "text": "We may be reviewing software options to be implemented -SCRIBETIME-.",
        "userDefined": false
      }
    ],
    "isTemplate": false,
    "count": 0,
    "updated": 1528975783
  },
  {
    "id": "5255f572-b845-4da9-bafd-86726ec4f341",
    "data": [
      {
        "text": "Should we make this purchase",
        "userDefined": false
      }
    ],
    "isTemplate": false,
    "count": 0,
    "updated": 1528975783
  },
  {
    "id": "72d510ac-d561-4c9c-88d0-4b69795fdea3",
    "data": [
      {
        "text": "I was exploring you products for an upgrade",
        "userDefined": false
      }
    ],
    "isTemplate": false,
    "count": 0,
    "updated": 1528975783
  },
  {
    "id": "d94e7462-543c-43c9-9a13-4bc0607455c6",
    "data": [
      {
        "text": "At this point in time we are still evaluating our options.",
        "userDefined": false
      }
    ],
    "isTemplate": false,
    "count": 0,
    "updated": 1528975783
  },
  {
    "id": "f248cbd2-db3c-4e2c-952f-a357568a61ed",
    "data": [
      {
        "text": "we will anticipate to have finished the evaluation process -SCRIBETIME-",
        "userDefined": false
      }
    ],
    "isTemplate": false,
    "count": 0,
    "updated": 1528975783
  },
  {
    "id": "13d080e9-76a6-4edd-8997-71d9e4412183",
    "data": [
      {
        "text": "Currently reviewing my options",
        "userDefined": false
      }
    ],
    "isTemplate": false,
    "count": 0,
    "updated": 1528975783
  },
  {
    "id": "24b996c3-e6fb-4e63-bf33-3ec0990eddd0",
    "data": [
      {
        "text": "let us evaluate the idea",
        "userDefined": false
      }
    ],
    "isTemplate": false,
    "count": 0,
    "updated": 1528975783
  },
  {
    "id": "bd5906ad-08f6-4bbd-848a-7b5ac744b1ad",
    "data": [
      {
        "text": "I am looking at other options currently.",
        "userDefined": false
      }
    ],
    "isTemplate": false,
    "count": 0,
    "updated": 1528975783
  },
  {
    "id": "9acb25fb-7d5f-4981-acf8-e2b8edcd2b50",
    "data": [
      {
        "text": "I am looking around at different products -SCRIBETIME- from different brands.",
        "userDefined": false
      }
    ],
    "isTemplate": false,
    "count": 0,
    "updated": 1528975783
  },
  {
    "id": "8d8552f5-e362-4161-8763-68640886e74c",
    "data": [
      {
        "text": "I am still shopping around for other options in the market.",
        "userDefined": false
      }
    ],
    "isTemplate": false,
    "count": 0,
    "updated": 1528975783
  },
  {
    "id": "1050724a-2b52-4b89-bc77-b2e4b1c95e57",
    "data": [
      {
        "text": "was wondering how it compares to X Y",
        "userDefined": false
      }
    ],
    "isTemplate": false,
    "count": 0,
    "updated": 1528975783
  },
  {
    "id": "838f955a-5bf7-4365-810b-300bcee9cbc5",
    "data": [
      {
        "text": "We want to evaluate everything",
        "userDefined": false
      }
    ],
    "isTemplate": false,
    "count": 0,
    "updated": 1528975783
  },
  {
    "id": "8e962277-e061-4c68-ac02-322afcd5d3bf",
    "data": [
      {
        "text": "I am still looking at other options for the same software.",
        "userDefined": false
      }
    ],
    "isTemplate": false,
    "count": 0,
    "updated": 1528975783
  },
  {
    "id": "8b9c23bc-907c-4176-b017-29a0e01c774d",
    "data": [
      {
        "text": "i am currently comparing different software.",
        "userDefined": false
      }
    ],
    "isTemplate": false,
    "count": 0,
    "updated": 1528975783
  },
  {
    "id": "fc4bf970-3707-4d57-b635-18d537e0d519",
    "data": [
      {
        "text": "I am also looking at other products to ensure I make the right decision.",
        "userDefined": false
      }
    ],
    "isTemplate": false,
    "count": 0,
    "updated": 1528975783
  },
  {
    "id": "82347771-8be7-4f19-a692-76b935a5a746",
    "data": [
      {
        "text": "i am currently looking at other options in the market.",
        "userDefined": false
      }
    ],
    "isTemplate": false,
    "count": 0,
    "updated": 1528975783
  },
  {
    "id": "959a8e33-e0b4-4d25-a970-cd8eef2343ed",
    "data": [
      {
        "text": "we are evaluating other avenues to fill our need.",
        "userDefined": false
      }
    ],
    "isTemplate": false,
    "count": 0,
    "updated": 1528975783
  },
  {
    "id": "32fe2ddf-ca05-4fa3-84d7-efa270d003db",
    "data": [
      {
        "text": "At the moment I am looking at other options to see which would be more beneficial.",
        "userDefined": false
      }
    ],
    "isTemplate": false,
    "count": 0,
    "updated": 1528975783
  },
  {
    "id": "d31d1b7f-8f63-4a6a-a44c-9f6325305fea",
    "data": [
      {
        "text": "I am exploring other options in the market.",
        "userDefined": false
      }
    ],
    "isTemplate": false,
    "count": 0,
    "updated": 1528975783
  },
  {
    "id": "eb2a89d4-3709-43e7-b017-178a0fc47ac8",
    "data": [
      {
        "text": "however I am looking at other options in the market.",
        "userDefined": false
      }
    ],
    "isTemplate": false,
    "count": 0,
    "updated": 1528975783
  },
  {
    "id": "b86ca2a6-e62e-42c0-8a63-1d0068a424c2",
    "data": [
      {
        "text": "I am exploring my options",
        "userDefined": false
      }
    ],
    "isTemplate": false,
    "count": 0,
    "updated": 1528975783
  },
  {
    "id": "14a918d5-94fb-4a80-9154-c96cc6aadaea",
    "data": [
      {
        "text": "I am currently in the process of researching other products.",
        "userDefined": false
      }
    ],
    "isTemplate": false,
    "count": 0,
    "updated": 1528975783
  },
  {
    "id": "051bf555-e3a7-4fa0-9125-e4e1d16baf37",
    "data": [
      {
        "text": "I am currently lookin gat other software options in the market",
        "userDefined": false
      }
    ],
    "isTemplate": false,
    "count": 0,
    "updated": 1528975783
  },
  {
    "id": "a413b134-d2d6-4049-b3b0-04a060f9a4f3",
    "data": [
      {
        "text": "have not made a commitment to any one yet.",
        "userDefined": false
      }
    ],
    "isTemplate": false,
    "count": 0,
    "updated": 1528975783
  },
  {
    "id": "f5eb28b6-0f2e-4338-a328-a069e10dc930",
    "data": [
      {
        "text": "I am looking at other options in the market I do appreciate you reaching out to me regarding any software that you have.",
        "userDefined": false
      }
    ],
    "isTemplate": false,
    "count": 0,
    "updated": 1528975783
  },
  {
    "id": "c4a2d032-00b3-48a5-89ff-683508d3bdd4",
    "data": [
      {
        "text": "We are currently exploring all options for new cybersecurity software.",
        "userDefined": false
      }
    ],
    "isTemplate": false,
    "count": 0,
    "updated": 1528975783
  },
  {
    "id": "31832916-ce75-4bd9-823c-a9e2be581e93",
    "data": [
      {
        "text": "Once we have narrowed down our options I will let you know.",
        "userDefined": false
      }
    ],
    "isTemplate": false,
    "count": 0,
    "updated": 1528975783
  },
  {
    "id": "64397cb7-22e8-4296-9596-2118e73cbe22",
    "data": [
      {
        "text": "Your software product is one of many that I am researching;",
        "userDefined": false
      }
    ],
    "isTemplate": false,
    "count": 0,
    "updated": 1528975783
  },
  {
    "id": "2d8ce292-fcc6-413d-bb8f-b266d86392d7",
    "data": [
      {
        "text": "We are in the process of reviewing several software options.",
        "userDefined": false
      }
    ],
    "isTemplate": false,
    "count": 0,
    "updated": 1528975783
  },
  {
    "id": "f605df1e-0ca8-4810-a2f3-0f3f1bdf8a20",
    "data": [
      {
        "text": "I am still looking at all my options",
        "userDefined": false
      }
    ],
    "isTemplate": false,
    "count": 0,
    "updated": 1528975783
  },
  {
    "id": "a4195866-dd58-4420-bd4e-12cb858de901",
    "data": [
      {
        "text": "I am considering the new software while I am reviewing other options.",
        "userDefined": false
      }
    ],
    "isTemplate": false,
    "count": 0,
    "updated": 1528975783
  },
  {
    "id": "1335cffd-dd3a-4571-a95f-2dd668bc795b",
    "data": [
      {
        "text": "We are currently exploring other options available.",
        "userDefined": false
      }
    ],
    "isTemplate": false,
    "count": 0,
    "updated": 1528975783
  },
  {
    "id": "7f6f26d6-3f95-4abb-8500-518867df962c",
    "data": [
      {
        "text": "-SCRIBETIME- we will not be evaluating CompleteSecurity",
        "userDefined": false
      }
    ],
    "isTemplate": false,
    "count": 0,
    "updated": 1528975783
  },
  {
    "id": "cd7cad1c-d1f6-4d56-93ef-8f5f12e055ca",
    "data": [
      {
        "text": "new software offerings.",
        "userDefined": false
      }
    ],
    "isTemplate": false,
    "count": 0,
    "updated": 1528975783
  },
  {
    "id": "69dd5f51-887f-4fa3-9363-a1239c4d43cb",
    "data": [
      {
        "text": "I currently am looking into a couple cybersecurity programs.",
        "userDefined": false
      }
    ],
    "isTemplate": false,
    "count": 0,
    "updated": 1528975783
  },
  {
    "id": "ee08f315-1bd3-4d30-a0a2-c13eda5d0500",
    "data": [
      {
        "text": "I would like to compare the pros",
        "userDefined": false
      }
    ],
    "isTemplate": false,
    "count": 0,
    "updated": 1528975783
  },
  {
    "id": "dbd67af3-c650-4d9b-bcc7-d687effb883f",
    "data": [
      {
        "text": "cons with each one.",
        "userDefined": false
      }
    ],
    "isTemplate": false,
    "count": 0,
    "updated": 1528975783
  },
  {
    "id": "e47b7b20-7f5f-4cad-bee3-3bdbecd753c3",
    "data": [
      {
        "text": "I am currently researching my options.",
        "userDefined": false
      }
    ],
    "isTemplate": false,
    "count": 0,
    "updated": 1528975783
  },
  {
    "id": "128d67bf-6b43-4bbb-acf7-efe7d8d45d32",
    "data": [
      {
        "text": "We are evaluating other options at the moment.",
        "userDefined": false
      }
    ],
    "isTemplate": false,
    "count": 0,
    "updated": 1528975783
  },
  {
    "id": "ac7530b1-62b9-42fa-b2bc-48880cb124b7",
    "data": [
      {
        "text": "I have taken a look at several similar companies",
        "userDefined": false
      }
    ],
    "isTemplate": false,
    "count": 0,
    "updated": 1528975783
  },
  {
    "id": "a22e5677-23f7-4f9c-bc9f-d71bfb97ab09",
    "data": [
      {
        "text": "For the moment I am looking at other options in the market as well.",
        "userDefined": false
      }
    ],
    "isTemplate": false,
    "count": 0,
    "updated": 1528975783
  },
  {
    "id": "d8820e72-8ad8-4b87-8c73-380f834c6236",
    "data": [
      {
        "text": "We are still reviewing our options",
        "userDefined": false
      }
    ],
    "isTemplate": false,
    "count": 1,
    "updated": 1528975783
  },
  {
    "id": "813c8e17-e638-4350-a0b5-ca257eb10d04",
    "data": [
      {
        "text": "Unfortunately we have decided to evaluate an alternative software product for the time being.",
        "userDefined": false
      }
    ],
    "isTemplate": false,
    "count": 0,
    "updated": 1528975783
  },
  {
    "id": "4ec80e8b-e921-47dd-9665-f2f8db154613",
    "data": [
      {
        "text": "I am currently looking for other options in the market",
        "userDefined": false
      }
    ],
    "isTemplate": false,
    "count": 0,
    "updated": 1528975783
  },
  {
    "id": "47e303a5-141f-40a5-be03-3f69164b6e3a",
    "data": [
      {
        "text": "-SCRIBETIME- we are still comparing capabilities",
        "userDefined": false
      }
    ],
    "isTemplate": false,
    "count": 0,
    "updated": 1528975783
  },
  {
    "id": "a7c84aea-a8ed-4165-be3b-f7ffff6c17cf",
    "data": [
      {
        "text": "prices with other products.",
        "userDefined": false
      }
    ],
    "isTemplate": false,
    "count": 0,
    "updated": 1528975783
  },
  {
    "id": "52bc3f58-ad5d-4fa1-ab20-1fcd509e6dc6",
    "data": [
      {
        "text": "we want to look around",
        "userDefined": false
      }
    ],
    "isTemplate": false,
    "count": 0,
    "updated": 1528975783
  },
  {
    "id": "a3b82d55-1542-4737-b89a-635889487efb",
    "data": [
      {
        "text": "see a few other options first.",
        "userDefined": false
      }
    ],
    "isTemplate": false,
    "count": 0,
    "updated": 1528975783
  },
  {
    "id": "14025aae-459d-4fad-9e70-fbd2d206524b",
    "data": [
      {
        "text": "Right I am looking for other options in the market.",
        "userDefined": false
      }
    ],
    "isTemplate": false,
    "count": 0,
    "updated": 1528975783
  },
  {
    "id": "e32fa95a-8acf-4a69-b8cd-61eff4ad07b0",
    "data": [
      {
        "text": "Maybe you can help me out with that.",
        "userDefined": false
      }
    ],
    "isTemplate": false,
    "count": 0,
    "updated": 1528975783
  },
  {
    "id": "f58e2526-7a8d-405f-b38f-1739a1a65164",
    "data": [
      {
        "text": "i am currently considering a few other software programs",
        "userDefined": false
      }
    ],
    "isTemplate": false,
    "count": 0,
    "updated": 1528975783
  },
  {
    "id": "55651797-8457-4d4c-86a7-b36129cb242d",
    "data": [
      {
        "text": "I am currently looking at other options in the market.",
        "userDefined": false
      }
    ],
    "isTemplate": false,
    "count": 0,
    "updated": 1528975783
  },
  {
    "id": "b993a4f5-96e0-49ec-84cc-4994ddb79764",
    "data": [
      {
        "text": "i have other options -SCRIBETIME-.",
        "userDefined": false
      }
    ],
    "isTemplate": false,
    "count": 0,
    "updated": 1528975783
  },
  {
    "id": "68972efe-b8f4-429a-a208-dde7ad995d7a",
    "data": [
      {
        "text": "am comparing it to other options.",
        "userDefined": false
      }
    ],
    "isTemplate": false,
    "count": 0,
    "updated": 1528975783
  },
  {
    "id": "179e7676-60d4-4960-9074-ee5761a066a8",
    "data": [
      {
        "text": "I am happy that you have given me some options",
        "userDefined": false
      }
    ],
    "isTemplate": false,
    "count": 0,
    "updated": 1528975783
  },
  {
    "id": "0498ba01-7824-4683-a310-00a121255a2f",
    "data": [
      {
        "text": "I am recently looking for other options in the market -SCRIBETIME-.",
        "userDefined": false
      }
    ],
    "isTemplate": false,
    "count": 0,
    "updated": 1528975783
  },
  {
    "id": "632365d8-9a7b-45cd-a937-aa0fa9976c07",
    "data": [
      {
        "text": "i would like to have the most suitable plan for my need",
        "userDefined": false
      }
    ],
    "isTemplate": false,
    "count": 0,
    "updated": 1528975783
  },
  {
    "id": "4df74e4e-b502-4e8d-afe8-65ca3f494658",
    "data": [
      {
        "text": "that is why i am searching for every option there is is out there in the market.",
        "userDefined": false
      }
    ],
    "isTemplate": false,
    "count": 0,
    "updated": 1528975783
  },
  {
    "id": "2c1aa617-3cfd-4bf3-897d-e8d77fb1ef21",
    "data": [
      {
        "text": "I saw a lot of great cybersecurity products at the LA cyber security expo",
        "userDefined": false
      }
    ],
    "isTemplate": false,
    "count": 0,
    "updated": 1528975783
  },
  {
    "id": "132ea6ee-99bb-4401-be97-422d99d90c2b",
    "data": [
      {
        "text": "i am taking a look at several options -SCRIBETIME-.",
        "userDefined": false
      }
    ],
    "isTemplate": false,
    "count": 0,
    "updated": 1528975783
  },
  {
    "id": "5b1726b9-f5aa-4b39-bf31-6e66a3898a35",
    "data": [
      {
        "text": "I am also looking for the other options for the same kind of product in the market as well.",
        "userDefined": false
      }
    ],
    "isTemplate": false,
    "count": 0,
    "updated": 1528975783
  },
  {
    "id": "0f92d7d5-ae61-4004-a0c9-b7d8d62746fa",
    "data": [
      {
        "text": "i am actually interested in other options.",
        "userDefined": false
      }
    ],
    "isTemplate": false,
    "count": 0,
    "updated": 1528975783
  },
  {
    "id": "3bd1f37e-cb46-4bdb-a86e-610fbb50b61e",
    "data": [
      {
        "text": "i am currently looking into other options as I want to go over everything available before making a final decision.",
        "userDefined": false
      }
    ],
    "isTemplate": false,
    "count": 0,
    "updated": 1528975783
  },
  {
    "id": "56c2716d-3067-4fa4-8f4e-7f476230fad2",
    "data": [
      {
        "text": "i shall look better one in the market.",
        "userDefined": false
      }
    ],
    "isTemplate": false,
    "count": 0,
    "updated": 1528975783
  },
  {
    "id": "67efa104-e887-4109-857f-099eed5ee4b9",
    "data": [
      {
        "text": "in time we are still evaluating our options",
        "userDefined": false
      }
    ],
    "isTemplate": false,
    "count": 0,
    "updated": 1528975783
  },
  {
    "id": "370ef740-c1e1-441f-bc36-a9f26adac632",
    "data": [
      {
        "text": "I was just browsing different websites",
        "userDefined": false
      }
    ],
    "isTemplate": false,
    "count": 0,
    "updated": 1528975783
  },
  {
    "id": "6c8e7f4f-a865-4b8a-9783-69ca816ae344",
    "data": [
      {
        "text": "I was just exploring",
        "userDefined": false
      }
    ],
    "isTemplate": false,
    "count": 0,
    "updated": 1528975783
  },
  {
    "id": "8c56e244-9cbb-4202-bd83-3e709c0b4ff3",
    "data": [
      {
        "text": "-SCRIBETIME- I am only researching.",
        "userDefined": false
      }
    ],
    "isTemplate": false,
    "count": 0,
    "updated": 1528975783
  },
  {
    "id": "beed1d03-1478-4b24-9482-9837bc5fc066",
    "data": [
      {
        "text": "i am looking at multiple competitors",
        "userDefined": false
      }
    ],
    "isTemplate": false,
    "count": 0,
    "updated": 1528975783
  },
  {
    "id": "61795bb0-a048-4f39-b255-48d48bf630c8",
    "data": [
      {
        "text": "I am just browsing at the moment.",
        "userDefined": false
      }
    ],
    "isTemplate": false,
    "count": 0,
    "updated": 1528975783
  },
  {
    "id": "16bd2a98-8077-438a-8887-be21dc9ef5a4",
    "data": [
      {
        "text": "I was only briefly on your website for SimpleSoftware",
        "userDefined": false
      }
    ],
    "isTemplate": false,
    "count": 0,
    "updated": 1528975783
  },
  {
    "id": "0086b2e7-1f69-4221-8122-876de5a93ac8",
    "data": [
      {
        "text": "Still working on some software",
        "userDefined": false
      }
    ],
    "isTemplate": false,
    "count": 0,
    "updated": 1528975783
  },
  {
    "id": "342b6eee-a1a5-4b1c-89ed-3263b86ed21e",
    "data": [
      {
        "text": "I am weighing all my options",
        "userDefined": false
      }
    ],
    "isTemplate": false,
    "count": 0,
    "updated": 1528975783
  },
  {
    "id": "8d427963-175e-4074-9ef7-d1cb508b9f88",
    "data": [
      {
        "text": "I am exploring other options first.",
        "userDefined": false
      }
    ],
    "isTemplate": false,
    "count": 0,
    "updated": 1528975783
  },
  {
    "id": "40ca55d8-c3fe-4cae-8c13-780e66790f71",
    "data": [
      {
        "text": "We are exploring many other alternatives for our software needs.",
        "userDefined": false
      }
    ],
    "isTemplate": false,
    "count": 0,
    "updated": 1528975783
  },
  {
    "id": "c599679c-5572-43cc-9c11-f5222ff09225",
    "data": [
      {
        "text": "i am still looking around at other alternatives",
        "userDefined": false
      }
    ],
    "isTemplate": false,
    "count": 0,
    "updated": 1528975783
  },
  {
    "id": "7c4c95df-939b-4e22-be89-a6cfae316884",
    "data": [
      {
        "text": "-SCRIBETIME- i am just gathering information.",
        "userDefined": false
      }
    ],
    "isTemplate": false,
    "count": 0,
    "updated": 1528975783
  },
  {
    "id": "7e117c4b-ef91-4f7c-b2ad-4568c2d69e41",
    "data": [
      {
        "text": "I am pursuing other options.",
        "userDefined": false
      }
    ],
    "isTemplate": false,
    "count": 0,
    "updated": 1528975783
  },
  {
    "id": "ef1bff0c-ec80-4fbe-be6a-e7990ecb0e37",
    "data": [
      {
        "text": "i am shopping around",
        "userDefined": false
      }
    ],
    "isTemplate": false,
    "count": 0,
    "updated": 1528975783
  },
  {
    "id": "ec3e0a97-805a-48bc-b848-cba3c1cee963",
    "data": [
      {
        "text": "considering other options.",
        "userDefined": false
      }
    ],
    "isTemplate": false,
    "count": 0,
    "updated": 1528975783
  },
  {
    "id": "fdf2cba9-e46b-4a5e-8a28-03188b51a1d0",
    "data": [
      {
        "text": "-SCRIBETIME- I am in the research phase",
        "userDefined": false
      }
    ],
    "isTemplate": false,
    "count": 0,
    "updated": 1528975783
  },
  {
    "id": "29e26e29-22d9-4127-9cc1-018e57bf0e5e",
    "data": [
      {
        "text": "exploring all the options available.",
        "userDefined": false
      }
    ],
    "isTemplate": false,
    "count": 0,
    "updated": 1528975783
  },
  {
    "id": "01d01b84-575a-4344-9c8f-0183ce111ea6",
    "data": [
      {
        "text": "One I have time to investigate more alternatives",
        "userDefined": false
      }
    ],
    "isTemplate": false,
    "count": 0,
    "updated": 1528975783
  },
  {
    "id": "c549664d-b136-4132-875f-d80e4edd9404",
    "data": [
      {
        "text": "i am exploring my options at the moment megan",
        "userDefined": false
      }
    ],
    "isTemplate": false,
    "count": 0,
    "updated": 1528975783
  },
  {
    "id": "dfadd75b-8e41-4c2f-9850-ae41963f148a",
    "data": [
      {
        "text": "I am currently exploring all of the alternatives",
        "userDefined": false
      }
    ],
    "isTemplate": false,
    "count": 0,
    "updated": 1528975783
  },
  {
    "id": "91bc2e5a-8bf1-468e-81d2-ddcdb00c529d",
    "data": [
      {
        "text": "exploring different options",
        "userDefined": false
      }
    ],
    "isTemplate": false,
    "count": 0,
    "updated": 1528975783
  },
  {
    "id": "226bfee3-4589-465e-90d1-6739329b42a1",
    "data": [
      {
        "text": "still have some other to explore.",
        "userDefined": false
      }
    ],
    "isTemplate": false,
    "count": 0,
    "updated": 1528975783
  },
  {
    "id": "3afdd15e-4dd4-4764-b26d-27241333e702",
    "data": [
      {
        "text": "I am looking around for a few other items",
        "userDefined": false
      }
    ],
    "isTemplate": false,
    "count": 0,
    "updated": 1528975783
  },
  {
    "id": "71ed81f9-3294-4024-95e0-dd2127bdb1d7",
    "data": [
      {
        "text": "-SCRIBETIME- I am researching a few different options.",
        "userDefined": false
      }
    ],
    "isTemplate": false,
    "count": 0,
    "updated": 1528975783
  },
  {
    "id": "f43353e7-d751-40a2-9328-043e89250f24",
    "data": [
      {
        "text": "i am looking at different sites",
        "userDefined": false
      }
    ],
    "isTemplate": false,
    "count": 0,
    "updated": 1528975783
  },
  {
    "id": "80cb3f6e-88d4-40b5-ac00-192de619d240",
    "data": [
      {
        "text": "Hi Megan I was just browsing your products",
        "userDefined": false
      }
    ],
    "isTemplate": false,
    "count": 0,
    "updated": 1528975783
  },
  {
    "id": "3d033bbd-70e1-48db-8029-636b2d16fff5",
    "data": [
      {
        "text": "i am currently looking into other options",
        "userDefined": false
      }
    ],
    "isTemplate": false,
    "count": 0,
    "updated": 1528975783
  },
  {
    "id": "664016bf-154d-4058-9838-93cb3c68031b",
    "data": [
      {
        "text": "I am still exploring my options",
        "userDefined": false
      }
    ],
    "isTemplate": false,
    "count": 0,
    "updated": 1528975783
  },
  {
    "id": "7cd7a2dd-13fa-49c9-ab36-00284e16fbe8",
    "data": [
      {
        "text": "I am currently in the middle of exploring some other alternatives",
        "userDefined": false
      }
    ],
    "isTemplate": false,
    "count": 0,
    "updated": 1528975783
  },
  {
    "id": "edbe08ce-0033-45e2-b684-83958cc990da",
    "data": [
      {
        "text": "Thank you for your response we are currently exploring other options in addition to yours",
        "userDefined": false
      }
    ],
    "isTemplate": false,
    "count": 0,
    "updated": 1528975783
  },
  {
    "id": "930cbbc9-7421-43d8-ab54-5e77c4f7f77a",
    "data": [
      {
        "text": "We are looking at all of the options before making a decision.",
        "userDefined": false
      }
    ],
    "isTemplate": false,
    "count": 0,
    "updated": 1528975783
  },
  {
    "id": "26bf0d9d-6f8a-42a7-a684-6db36432fd7e",
    "data": [
      {
        "text": "I am comparing -SCRIBETIME-",
        "userDefined": false
      }
    ],
    "isTemplate": false,
    "count": 0,
    "updated": 1528975783
  },
  {
    "id": "f52fe18f-81f4-4aeb-8244-4b7b7f32e59c",
    "data": [
      {
        "text": "i am currently doing a bit more research into alternatives",
        "userDefined": false
      }
    ],
    "isTemplate": false,
    "count": 0,
    "updated": 1528975783
  },
  {
    "id": "d46e13ed-bee3-44c5-af07-38daa12f55ca",
    "data": [
      {
        "text": "I will get back to you after exploring the market further.",
        "userDefined": false
      }
    ],
    "isTemplate": false,
    "count": 0,
    "updated": 1528975783
  },
  {
    "id": "10275fa4-c2c2-48e6-9837-914599c998b8",
    "data": [
      {
        "text": "i am looking at other options",
        "userDefined": false
      }
    ],
    "isTemplate": false,
    "count": 0,
    "updated": 1528975783
  },
  {
    "id": "fd8db0dc-aa5f-4e64-bbd7-532d61d35ce9",
    "data": [
      {
        "text": "i am still doing some research.",
        "userDefined": false
      }
    ],
    "isTemplate": false,
    "count": 0,
    "updated": 1528975783
  },
  {
    "id": "4419b592-ed2d-4209-9d6b-b8eb6d4fa415",
    "data": [
      {
        "text": "I am still exploring other software solutions at the moment.",
        "userDefined": false
      }
    ],
    "isTemplate": false,
    "count": 0,
    "updated": 1528975783
  },
  {
    "id": "898df0f1-9fbe-4243-bb2a-d685ef86ff20",
    "data": [
      {
        "text": "I am also exploring other alternatives at the moment",
        "userDefined": false
      }
    ],
    "isTemplate": false,
    "count": 0,
    "updated": 1528975783
  },
  {
    "id": "634f74f3-a4de-4b44-8cd7-176df12ac824",
    "data": [
      {
        "text": "i am looking for offers",
        "userDefined": false
      }
    ],
    "isTemplate": false,
    "count": 0,
    "updated": 1528975783
  },
  {
    "id": "87b24ae2-86f6-4b72-bb8a-5ff830c4d2bc",
    "data": [
      {
        "text": "Current we are exploring all our options",
        "userDefined": false
      }
    ],
    "isTemplate": false,
    "count": 0,
    "updated": 1528975783
  },
  {
    "id": "cc77d236-2c47-481c-80b7-643994d2e000",
    "data": [
      {
        "text": "There are so many options for my business currently",
        "userDefined": false
      }
    ],
    "isTemplate": false,
    "count": 0,
    "updated": 1528975783
  },
  {
    "id": "0fce4e1b-7687-4a07-8e29-1d5f40d54bc7",
    "data": [
      {
        "text": "I am exploring options to see what is the best fit.",
        "userDefined": false
      }
    ],
    "isTemplate": false,
    "count": 0,
    "updated": 1528975783
  },
  {
    "id": "e695490f-0954-48b3-98de-e894cddd62ad",
    "data": [
      {
        "text": "I am just looking",
        "userDefined": false
      }
    ],
    "isTemplate": false,
    "count": 0,
    "updated": 1528975783
  },
  {
    "id": "fe6f06cf-47ec-45c7-9838-b96dd23bc459",
    "data": [
      {
        "text": "I am considering multiple options -SCRIBETIME-.",
        "userDefined": false
      }
    ],
    "isTemplate": false,
    "count": 0,
    "updated": 1528975783
  },
  {
    "id": "c90cb76e-acc7-4df3-9f23-0c718111f0e4",
    "data": [
      {
        "text": "I need to explore other alternative routes before I decide to go down the road",
        "userDefined": false
      }
    ],
    "isTemplate": false,
    "count": 0,
    "updated": 1528975783
  },
  {
    "id": "20c787fc-9721-4c25-bcc6-25e5d3831b0a",
    "data": [
      {
        "text": "i am still trying to figure out if",
        "userDefined": false
      }
    ],
    "isTemplate": false,
    "count": 0,
    "updated": 1528975783
  },
  {
    "id": "6eda5656-75d0-45b3-a1ee-61ba56170253",
    "data": [
      {
        "text": "I am comparing other options",
        "userDefined": false
      }
    ],
    "isTemplate": false,
    "count": 0,
    "updated": 1528975783
  },
  {
    "id": "512fe6d8-be36-4865-b70a-692407b7f6c9",
    "data": [
      {
        "text": "I am looking at all of my options",
        "userDefined": false
      }
    ],
    "isTemplate": false,
    "count": 0,
    "updated": 1528975783
  },
  {
    "id": "e6bd4bd2-6374-4383-801c-1ebf71b266c8",
    "data": [
      {
        "text": "We are currently evaluating 4 companies with competing offers",
        "userDefined": false
      }
    ],
    "isTemplate": false,
    "count": 0,
    "updated": 1528975783
  },
  {
    "id": "f8a9cd93-5e66-4f5f-a8cb-1c002c8f5ce5",
    "data": [
      {
        "text": "i am looking into some other alternatives -SCRIBETIME-",
        "userDefined": false
      }
    ],
    "isTemplate": false,
    "count": 0,
    "updated": 1528975783
  },
  {
    "id": "7421f257-bcfc-4f96-aad1-33625590eabd",
    "data": [
      {
        "text": "At this moment I am still surfing around to see what best meets my needs.",
        "userDefined": false
      }
    ],
    "isTemplate": false,
    "count": 0,
    "updated": 1528975783
  },
  {
    "id": "26f4823c-26fc-49fe-a77d-b6344f6a76b8",
    "data": [
      {
        "text": "still figuring my needs out.",
        "userDefined": false
      }
    ],
    "isTemplate": false,
    "count": 0,
    "updated": 1528975783
  },
  {
    "id": "b4ed245c-de0d-4a85-8198-1a9df3dfc9ca",
    "data": [
      {
        "text": "I want to explore other options first.",
        "userDefined": false
      }
    ],
    "isTemplate": false,
    "count": 0,
    "updated": 1528975783
  },
  {
    "id": "6d90fcff-83e5-4e9d-810e-e640bdcaf787",
    "data": [
      {
        "text": "i am just looking at different options -SCRIBETIME-",
        "userDefined": false
      }
    ],
    "isTemplate": false,
    "count": 0,
    "updated": 1528975783
  },
  {
    "id": "7d942bcf-6a3e-42e9-8e51-9bc1d8811937",
    "data": [
      {
        "text": "I was browsing the website",
        "userDefined": false
      }
    ],
    "isTemplate": false,
    "count": 0,
    "updated": 1528975783
  },
  {
    "id": "f36ef268-c6f4-4d97-b1c2-6e45dc1b9afa",
    "data": [
      {
        "text": "Just checking on my options -SCRIBETIME-.",
        "userDefined": false
      }
    ],
    "isTemplate": false,
    "count": 0,
    "updated": 1528975783
  },
  {
    "id": "daa98327-d70f-4284-8fbd-2f57cc329da9",
    "data": [
      {
        "text": "I just browsed",
        "userDefined": false
      }
    ],
    "isTemplate": false,
    "count": 0,
    "updated": 1528975783
  },
  {
    "id": "8e719757-0cf8-4351-b29e-8febb737441a",
    "data": [
      {
        "text": "i am just browsing.",
        "userDefined": false
      }
    ],
    "isTemplate": false,
    "count": 0,
    "updated": 1528975783
  },
  {
    "id": "d158e6f3-cce2-4949-aca6-65a074d56048",
    "data": [
      {
        "text": "I was just browsing.",
        "userDefined": false
      }
    ],
    "isTemplate": false,
    "count": 0,
    "updated": 1528975783
  },
  {
    "id": "85cc62a6-b4d6-4180-81a6-0d8669b1f0e2",
    "data": [
      {
        "text": "I was browsing this website",
        "userDefined": false
      }
    ],
    "isTemplate": false,
    "count": 0,
    "updated": 1528975783
  },
  {
    "id": "538f2ed1-eca1-4e27-8b4f-7320d0ef4e97",
    "data": [
      {
        "text": "I was just browsing your website.",
        "userDefined": false
      }
    ],
    "isTemplate": false,
    "count": 1,
    "updated": 1528975783
  },
  {
    "id": "0c5b5d60-e736-4c11-a11a-457ee701b339",
    "data": [
      {
        "text": "I was just browsing",
        "userDefined": false
      }
    ],
    "isTemplate": false,
    "count": 0,
    "updated": 1528975783
  },
  {
    "id": "20090963-114a-4168-b75b-71b7a0af6ee8",
    "data": [
      {
        "text": "yeah i had visited your website",
        "userDefined": false
      }
    ],
    "isTemplate": false,
    "count": 0,
    "updated": 1528975783
  },
  {
    "id": "02fe7934-f96c-4978-a5af-b3148da95f67",
    "data": [
      {
        "text": "i am just shopping around at the moment.",
        "userDefined": false
      }
    ],
    "isTemplate": false,
    "count": 0,
    "updated": 1528975783
  },
  {
    "id": "713b8204-773a-47b9-8ec1-74081a82872f",
    "data": [
      {
        "text": "I was just checking out the website.",
        "userDefined": false
      }
    ],
    "isTemplate": false,
    "count": 0,
    "updated": 1528975783
  },
  {
    "id": "4acd3984-7de1-45f1-be65-bb15d8893536",
    "data": [
      {
        "text": "I was just browsing the website",
        "userDefined": false
      }
    ],
    "isTemplate": false,
    "count": 0,
    "updated": 1528975783
  },
  {
    "id": "aa1eea5d-d237-461c-8798-f7c7deda73ce",
    "data": [
      {
        "text": "I was just looking around",
        "userDefined": false
      }
    ],
    "isTemplate": false,
    "count": 0,
    "updated": 1528975783
  },
  {
    "id": "92c7dd18-8333-43b7-be2a-9d0f2374c169",
    "data": [
      {
        "text": "I was just browsing your site",
        "userDefined": false
      }
    ],
    "isTemplate": false,
    "count": 0,
    "updated": 1528975783
  },
  {
    "id": "05c3216a-0434-4311-b9dc-54870ec979e1",
    "data": [
      {
        "text": "I was just casually browsing the website",
        "userDefined": false
      }
    ],
    "isTemplate": false,
    "count": 0,
    "updated": 1528975783
  },
  {
    "id": "28d1b35b-2385-4dca-8eaa-47978b58bb89",
    "data": [
      {
        "text": "I like to browse many websites",
        "userDefined": false
      }
    ],
    "isTemplate": false,
    "count": 0,
    "updated": 1528975783
  },
  {
    "id": "5c02a3f0-9ada-45af-bff5-edf84717ec79",
    "data": [
      {
        "text": "Thank you I was just looking.",
        "userDefined": false
      }
    ],
    "isTemplate": false,
    "count": 0,
    "updated": 1528975783
  },
  {
    "id": "66264ea4-eea0-4421-9246-b4a961b9be7a",
    "data": [
      {
        "text": "i am just browsing for -SCRIBETIME-",
        "userDefined": false
      }
    ],
    "isTemplate": false,
    "count": 0,
    "updated": 1528975783
  },
  {
    "id": "27677310-07a6-4a16-a1bb-5f7864a6eaac",
    "data": [
      {
        "text": "I was just browsing the website.",
        "userDefined": false
      }
    ],
    "isTemplate": false,
    "count": 0,
    "updated": 1528975783
  },
  {
    "id": "54814bee-04ef-4111-8b4d-8ee2a480d380",
    "data": [
      {
        "text": "I was only casually browsing the website",
        "userDefined": false
      }
    ],
    "isTemplate": false,
    "count": 0,
    "updated": 1528975783
  },
  {
    "id": "c06b11a0-8fed-4b4a-8cb8-ad9f37f93ba9",
    "data": [
      {
        "text": "Sorry for the bad prospect - I was just browsing the site",
        "userDefined": false
      }
    ],
    "isTemplate": false,
    "count": 0,
    "updated": 1528975783
  },
  {
    "id": "6f5fab87-4ce0-460f-91f6-e9060802ecc8",
    "data": [
      {
        "text": "I was indeed browsing your site.",
        "userDefined": false
      }
    ],
    "isTemplate": false,
    "count": 0,
    "updated": 1528975783
  },
  {
    "id": "9662d7a6-7077-46f5-82f1-95f7eb33ea51",
    "data": [
      {
        "text": "Unfortunately I was just browsing your products",
        "userDefined": false
      }
    ],
    "isTemplate": false,
    "count": 0,
    "updated": 1528975783
  },
  {
    "id": "c091d047-8744-48f4-91fb-3e788b129ec5",
    "data": [
      {
        "text": "was doing so for preliminary research.",
        "userDefined": false
      }
    ],
    "isTemplate": false,
    "count": 0,
    "updated": 1528975783
  },
  {
    "id": "3bb94103-6dfe-4aad-b68e-a93a6a9fcab9",
    "data": [
      {
        "text": "I was only browsing the website to see what options I have available.",
        "userDefined": false
      }
    ],
    "isTemplate": false,
    "count": 1,
    "updated": 1528975783
  },
  {
    "id": "4bea8a2e-bd40-4e06-956d-b0e1b0f08564",
    "data": [
      {
        "text": "I am currently acquiring information",
        "userDefined": false
      }
    ],
    "isTemplate": false,
    "count": 0,
    "updated": 1528975783
  },
  {
    "id": "ec8b2a5a-b9f7-4036-aa15-6f8dc03748a1",
    "data": [
      {
        "text": "Am browsing.",
        "userDefined": false
      }
    ],
    "isTemplate": false,
    "count": 0,
    "updated": 1528975783
  },
  {
    "id": "44907170-057e-4e63-8b6e-ac8bf76e98e4",
    "data": [
      {
        "text": "I was just surfing the net",
        "userDefined": false
      }
    ],
    "isTemplate": false,
    "count": 0,
    "updated": 1528975783
  },
  {
    "id": "cf0ebb5d-983a-4188-a1e3-07b5688bd004",
    "data": [
      {
        "text": "I was just gathering some preliminary info.",
        "userDefined": false
      }
    ],
    "isTemplate": false,
    "count": 0,
    "updated": 1528975783
  },
  {
    "id": "59708c7b-4b45-45be-b748-ba679f299467",
    "data": [
      {
        "text": "Unfortunately I was looking at all options",
        "userDefined": false
      }
    ],
    "isTemplate": false,
    "count": 0,
    "updated": 1528975783
  },
  {
    "id": "db5131d0-e423-4ec7-b861-bfc9cafc6435",
    "data": [
      {
        "text": "I was just playing around on the site",
        "userDefined": false
      }
    ],
    "isTemplate": false,
    "count": 0,
    "updated": 1528975783
  },
  {
    "id": "771365d4-472c-4dde-b484-53b4a6d2878b",
    "data": [
      {
        "text": "I was simply browsing",
        "userDefined": false
      }
    ],
    "isTemplate": false,
    "count": 0,
    "updated": 1528975783
  },
  {
    "id": "112b6b85-40d6-49b6-b1d2-b3d18ad220f1",
    "data": [
      {
        "text": "I need to do some research before we talk.",
        "userDefined": false
      }
    ],
    "isTemplate": false,
    "count": 0,
    "updated": 1528975783
  },
  {
    "id": "f5a0a090-03a8-4103-8e3c-e2a50f2a33f2",
    "data": [
      {
        "text": "I am browsing -SCRIBETIME-.",
        "userDefined": false
      }
    ],
    "isTemplate": false,
    "count": 0,
    "updated": 1528975783
  },
  {
    "id": "6f3f3d6c-ab54-47ae-bb43-28fb7d47f6a8",
    "data": [
      {
        "text": "I have some other things on your website I need to look at first.",
        "userDefined": false
      }
    ],
    "isTemplate": false,
    "count": 0,
    "updated": 1528975783
  },
  {
    "id": "7ba68ca5-1996-4e21-8fa8-fae119b71686",
    "data": [
      {
        "text": "Once I can compare it to competitor product",
        "userDefined": false
      }
    ],
    "isTemplate": false,
    "count": 0,
    "updated": 1528975783
  },
  {
    "id": "9c671be5-986a-4923-a930-a6984e4bc0df",
    "data": [
      {
        "text": "I was just browsing websites",
        "userDefined": false
      }
    ],
    "isTemplate": false,
    "count": 0,
    "updated": 1528975783
  },
  {
    "id": "1cf8afaf-27d3-40da-a0a0-2f8193cecf36",
    "data": [
      {
        "text": "I was simply exploring",
        "userDefined": false
      }
    ],
    "isTemplate": false,
    "count": 0,
    "updated": 1528975783
  },
  {
    "id": "7a75d1ac-f0cd-49a1-b85e-0a671c643860",
    "data": [
      {
        "text": "I need to look into this further",
        "userDefined": false
      }
    ],
    "isTemplate": false,
    "count": 0,
    "updated": 1528975783
  },
  {
    "id": "7cc716dd-b592-43e2-bab4-84262a34e06b",
    "data": [
      {
        "text": "I was looking at product X",
        "userDefined": false
      }
    ],
    "isTemplate": false,
    "count": 0,
    "updated": 1528975783
  },
  {
    "id": "b3c20704-223d-4e93-98e5-c51ce01760fa",
    "data": [
      {
        "text": "I am currently exploring all of my options for this type of service",
        "userDefined": false
      }
    ],
    "isTemplate": false,
    "count": 0,
    "updated": 1528975783
  },
  {
    "id": "7edd3a3c-564f-4990-80bc-c4f9a432a66f",
    "data": [
      {
        "text": "I am looking at some potential other options.",
        "userDefined": false
      }
    ],
    "isTemplate": false,
    "count": 0,
    "updated": 1528975783
  },
  {
    "id": "6d432654-72ee-4ae1-b984-6705d90fc4f5",
    "data": [
      {
        "text": "My company is currently researching other options.",
        "userDefined": false
      }
    ],
    "isTemplate": false,
    "count": 0,
    "updated": 1528975783
  },
  {
    "id": "8aaf4e9f-aff6-4de8-9cb9-e7ce1ab41692",
    "data": [
      {
        "text": "I am exploring other alternatives",
        "userDefined": false
      }
    ],
    "isTemplate": false,
    "count": 3,
    "updated": 1528975783
  },
  {
    "id": "c5bb8f00-090c-4972-b0b7-e637f54a0f5c",
    "data": [
      {
        "text": "I am looking into a few additional options at the moment",
        "userDefined": false
      }
    ],
    "isTemplate": false,
    "count": 0,
    "updated": 1528975783
  },
  {
    "id": "67c8affe-844e-4fd0-9bd4-c277c73d7dc5",
    "data": [
      {
        "text": "We are currently exploring other options in addition to yours",
        "userDefined": false
      }
    ],
    "isTemplate": false,
    "count": 0,
    "updated": 1528975783
  },
  {
    "id": "f9440535-a947-404b-9120-c514123c6bad",
    "data": [
      {
        "text": "i am still looking at many possibilities",
        "userDefined": false
      }
    ],
    "isTemplate": false,
    "count": 0,
    "updated": 1528975783
  },
  {
    "id": "d4fbba5d-9e60-4351-a59c-da4425b313d5",
    "data": [
      {
        "text": "We are still exploring alternatives for a general solution.",
        "userDefined": false
      }
    ],
    "isTemplate": false,
    "count": 0,
    "updated": 1528975783
  },
  {
    "id": "317d1006-b0d4-45a9-8993-0accce7b26c8",
    "data": [
      {
        "text": "i am researching products at the moment",
        "userDefined": false
      }
    ],
    "isTemplate": false,
    "count": 0,
    "updated": 1528975783
  },
  {
    "id": "f63025e1-e1c2-4dc4-acb0-3fcfb36c3bd1",
    "data": [
      {
        "text": "I am weighing my options.",
        "userDefined": false
      }
    ],
    "isTemplate": false,
    "count": 0,
    "updated": 1528975783
  },
  {
    "id": "f2b86b2b-746d-4ad0-99ba-328285959334",
    "data": [
      {
        "text": "I have been checking out different alternatives for the product you offer.",
        "userDefined": false
      }
    ],
    "isTemplate": false,
    "count": 0,
    "updated": 1528975783
  },
  {
    "id": "94bce0e9-c665-454e-a18e-6e6c1a5a7240",
    "data": [
      {
        "text": "i am looking at other product offerings",
        "userDefined": false
      }
    ],
    "isTemplate": false,
    "count": 0,
    "updated": 1528975783
  },
  {
    "id": "09be46f8-fa41-4e18-8810-d621dee84296",
    "data": [
      {
        "text": "i am considering other options",
        "userDefined": false
      }
    ],
    "isTemplate": false,
    "count": 0,
    "updated": 1528975783
  },
  {
    "id": "8a381a2f-ced0-459c-91bb-007af7caf0ad",
    "data": [
      {
        "text": "Just giving you a heads up that I am in fact seeking other alternatives to what we discussed -SCRIBETIME-.",
        "userDefined": false
      }
    ],
    "isTemplate": false,
    "count": 0,
    "updated": 1528975783
  },
  {
    "id": "141d7071-51da-4871-9185-3b2a90a3cc84",
    "data": [
      {
        "text": "I am currently looking at what my options are at the moment.",
        "userDefined": false
      }
    ],
    "isTemplate": false,
    "count": 0,
    "updated": 1528975783
  },
  {
    "id": "424c2d70-0d18-4489-a612-b6e546bc3540",
    "data": [
      {
        "text": "I am still searching all my options currently",
        "userDefined": false
      }
    ],
    "isTemplate": false,
    "count": 0,
    "updated": 1528975783
  },
  {
    "id": "adb04260-7234-40e6-bebb-f81b2cff74c0",
    "data": [
      {
        "text": "I am still in the \"gathering information\" stage.",
        "userDefined": false
      }
    ],
    "isTemplate": false,
    "count": 0,
    "updated": 1528975783
  },
  {
    "id": "2873905e-da59-44b0-a505-6e1019cdba6b",
    "data": [
      {
        "text": "-SCRIBETIME- I am only doing research",
        "userDefined": false
      }
    ],
    "isTemplate": false,
    "count": 0,
    "updated": 1528975783
  },
  {
    "id": "38235e59-b6cd-4991-a4ac-079072ffe740",
    "data": [
      {
        "text": "wish to investigate some other options.",
        "userDefined": false
      }
    ],
    "isTemplate": false,
    "count": 0,
    "updated": 1528975783
  },
  {
    "id": "a2a4aa4b-27a3-4cff-add7-0113110d062e",
    "data": [
      {
        "text": "I wanted to explore a few more options",
        "userDefined": false
      }
    ],
    "isTemplate": false,
    "count": 0,
    "updated": 1528975783
  },
  {
    "id": "7601d651-6b3c-4b15-9147-45486d0adb41",
    "data": [
      {
        "text": "I am looking into alternative options.",
        "userDefined": false
      }
    ],
    "isTemplate": false,
    "count": 0,
    "updated": 1528975783
  },
  {
    "id": "12584b02-b4a0-4ce5-af20-3abcc89775d2",
    "data": [
      {
        "text": "I am investigating some other options.",
        "userDefined": false
      }
    ],
    "isTemplate": false,
    "count": 0,
    "updated": 1528975783
  },
  {
    "id": "48ca2c98-9a1a-44d7-97d9-19a422b9e793",
    "data": [
      {
        "text": "I am just starting my research into these products.",
        "userDefined": false
      }
    ],
    "isTemplate": false,
    "count": 0,
    "updated": 1528975783
  },
  {
    "id": "392c5e45-30e6-410c-8907-d91d92730682",
    "data": [
      {
        "text": "II\u0027m currently looking into other options",
        "userDefined": false
      }
    ],
    "isTemplate": false,
    "count": 0,
    "updated": 1528975783
  },
  {
    "id": "8a18958f-505c-4c85-9b88-946b8298f473",
    "data": [
      {
        "text": "Will get back to you when I finish exploring.",
        "userDefined": false
      }
    ],
    "isTemplate": false,
    "count": 0,
    "updated": 1528975783
  },
  {
    "id": "2992cadd-92aa-4205-bfbb-305325c07331",
    "data": [
      {
        "text": "We are looking at all of the options before making a choice.",
        "userDefined": false
      }
    ],
    "isTemplate": false,
    "count": 0,
    "updated": 1528975783
  },
  {
    "id": "a2b848c6-0202-4bbe-9095-6364a45be3f7",
    "data": [
      {
        "text": "As soon as I will finish browsing the market I will contact you if your offer is of any interest.",
        "userDefined": false
      }
    ],
    "isTemplate": false,
    "count": 0,
    "updated": 1528975783
  },
  {
    "id": "221055ed-4eff-48e2-9336-3603a5a754ba",
    "data": [
      {
        "text": "I have been looking at different options.",
        "userDefined": false
      }
    ],
    "isTemplate": false,
    "count": 0,
    "updated": 1528975783
  },
  {
    "id": "1d5958a6-0afd-4cf9-88eb-7c2a0be7e677",
    "data": [
      {
        "text": "I am currently doing some initial research into my companies needs",
        "userDefined": false
      }
    ],
    "isTemplate": false,
    "count": 0,
    "updated": 1528975783
  },
  {
    "id": "81f86adc-2c1f-4b40-a1cc-f8ce11ca9650",
    "data": [
      {
        "text": "I am currently exploring other alternatives",
        "userDefined": false
      }
    ],
    "isTemplate": false,
    "count": 0,
    "updated": 1528975783
  },
  {
    "id": "db682e14-2c4d-4385-a13e-dee60f81f5db",
    "data": [
      {
        "text": "i am checking out a few different options",
        "userDefined": false
      }
    ],
    "isTemplate": false,
    "count": 0,
    "updated": 1528975783
  },
  {
    "id": "9feb5de6-117a-43e0-b869-fe51d7dd0b9a",
    "data": [
      {
        "text": "I am still doing some research on the software we are interested in.",
        "userDefined": false
      }
    ],
    "isTemplate": false,
    "count": 0,
    "updated": 1528975783
  },
  {
    "id": "3902eb67-427f-43a6-83b1-30929c4f14be",
    "data": [
      {
        "text": "Our business is gathering information from a lot of potential companies -SCRIBETIME- to compare.",
        "userDefined": false
      }
    ],
    "isTemplate": false,
    "count": 0,
    "updated": 1528975783
  },
  {
    "id": "8d3cfb75-c27c-4f19-a1c4-3f677194209a",
    "data": [
      {
        "text": "We are still evaluating our needs with regards to your software",
        "userDefined": false
      }
    ],
    "isTemplate": false,
    "count": 0,
    "updated": 1528975783
  },
  {
    "id": "1d3a2e3c-b722-4c52-9db3-451aa205cfea",
    "data": [
      {
        "text": "I am looking at other options",
        "userDefined": false
      }
    ],
    "isTemplate": false,
    "count": 0,
    "updated": 1528975783
  },
  {
    "id": "792ec47b-ab84-45c5-8a70-24b9ec2ed92d",
    "data": [
      {
        "text": "I am exploring other software options -SCRIBETIME-",
        "userDefined": false
      }
    ],
    "isTemplate": false,
    "count": 0,
    "updated": 1528975783
  },
  {
    "id": "f5bc788c-323a-48ba-9f14-cebc2b1832c5",
    "data": [
      {
        "text": "I am currently exploring other alternatives.",
        "userDefined": false
      }
    ],
    "isTemplate": false,
    "count": 0,
    "updated": 1528975783
  },
  {
    "id": "877c753c-94c5-4eec-8463-3b5efea8a56c",
    "data": [
      {
        "text": "At this time I need to do some more research",
        "userDefined": false
      }
    ],
    "isTemplate": false,
    "count": 0,
    "updated": 1528975783
  },
  {
    "id": "f6ab17cc-0fee-4928-8c00-e70a5d1311ae",
    "data": [
      {
        "text": "I am currently checking with other alternatives.",
        "userDefined": false
      }
    ],
    "isTemplate": false,
    "count": 0,
    "updated": 1528975783
  },
  {
    "id": "ed8c73a5-c707-4302-8b86-c6e8f4643d9a",
    "data": [
      {
        "text": "i am currently shopping for new software.",
        "userDefined": false
      }
    ],
    "isTemplate": false,
    "count": 0,
    "updated": 1528975783
  },
  {
    "id": "617e0a82-b0eb-493d-a609-76c3e04f1fad",
    "data": [
      {
        "text": "i am getting quotes from different places.",
        "userDefined": false
      }
    ],
    "isTemplate": false,
    "count": 0,
    "updated": 1528975783
  },
  {
    "id": "6d768074-b47f-4ba0-a182-24e2b2b1c109",
    "data": [
      {
        "text": "I am currently considering my options",
        "userDefined": false
      }
    ],
    "isTemplate": false,
    "count": 0,
    "updated": 1528975783
  },
  {
    "id": "1ddbc055-1c5e-4e83-b71a-2659de129a5e",
    "data": [
      {
        "text": "I was just browsing at my different options.",
        "userDefined": false
      }
    ],
    "isTemplate": false,
    "count": 0,
    "updated": 1528975783
  },
  {
    "id": "9f3d7f01-84e6-42b9-956a-c2450e270bb3",
    "data": [
      {
        "text": "I am in the process of seeing what is available.",
        "userDefined": false
      }
    ],
    "isTemplate": false,
    "count": 0,
    "updated": 1528975783
  },
  {
    "id": "b5572d76-b868-4728-b691-d4ada03fe7c8",
    "data": [
      {
        "text": "I am currently looking at a few different options",
        "userDefined": false
      }
    ],
    "isTemplate": false,
    "count": 0,
    "updated": 1528975783
  },
  {
    "id": "18f26476-7446-4d46-845b-c402f206d2cc",
    "data": [
      {
        "text": "I am currently considering multiple options",
        "userDefined": false
      }
    ],
    "isTemplate": false,
    "count": 0,
    "updated": 1528975783
  },
  {
    "id": "ea6f03b7-c400-4c68-af88-03e560d4e446",
    "data": [
      {
        "text": "I am researching other offers -SCRIBETIME-",
        "userDefined": false
      }
    ],
    "isTemplate": false,
    "count": 0,
    "updated": 1528975783
  },
  {
    "id": "5ad3db6b-9446-4f9b-88ad-3b4936db22b5",
    "data": [
      {
        "text": "we are exploring other software alternaties",
        "userDefined": false
      }
    ],
    "isTemplate": false,
    "count": 0,
    "updated": 1528975783
  },
  {
    "id": "45f3be77-a6f9-4c03-a139-1f0988d68c50",
    "data": [
      {
        "text": "i am currents viewing other options",
        "userDefined": false
      }
    ],
    "isTemplate": false,
    "count": 0,
    "updated": 1528975783
  },
  {
    "id": "afa629d7-ccf9-468b-8581-0c914f849bb7",
    "data": [
      {
        "text": "Hi Megan I have alternative opportunities at the time -SCRIBETIME-",
        "userDefined": false
      }
    ],
    "isTemplate": false,
    "count": 0,
    "updated": 1528975783
  },
  {
    "id": "0e9757ed-65d3-4285-b42c-1ac1b1b7e144",
    "data": [
      {
        "text": "At the moment I am comparing alternatives from a high level perspective as I decide the initiatives that would be best for me to pursue details on.",
        "userDefined": false
      }
    ],
    "isTemplate": false,
    "count": 0,
    "updated": 1528975783
  },
  {
    "id": "78881576-8306-4a78-ac93-ec21f3b3dd09",
    "data": [
      {
        "text": "I am exploring some other options.",
        "userDefined": false
      }
    ],
    "isTemplate": false,
    "count": 0,
    "updated": 1528975783
  },
  {
    "id": "de89e18e-98ec-4e64-b5ae-09f79f3d5ff3",
    "data": [
      {
        "text": "We would love to discuss upgrade options with you.",
        "userDefined": false
      }
    ],
    "isTemplate": false,
    "count": 0,
    "updated": 1528975783
  },
  {
    "id": "b8bf74b3-3c29-4496-b8cd-bb7665bafb80",
    "data": [
      {
        "text": "I am seeing the competitors products.",
        "userDefined": false
      }
    ],
    "isTemplate": false,
    "count": 0,
    "updated": 1528975783
  },
  {
    "id": "8b9683c9-c6b1-4884-a2ed-b56d85d96b72",
    "data": [
      {
        "text": "I will get back to you after I have had a chance to look over my options.",
        "userDefined": false
      }
    ],
    "isTemplate": false,
    "count": 0,
    "updated": 1528975783
  },
  {
    "id": "dd74de77-3b67-4f89-8a11-77c1d3caf964",
    "data": [
      {
        "text": "At the moment I am exploring all options",
        "userDefined": false
      }
    ],
    "isTemplate": false,
    "count": 0,
    "updated": 1528975783
  },
  {
    "id": "73af5e90-5f1c-4f40-81df-9f15149973d5",
    "data": [
      {
        "text": "i am currently in the information gathering phase of my product search",
        "userDefined": false
      }
    ],
    "isTemplate": false,
    "count": 0,
    "updated": 1528975783
  },
  {
    "id": "9862cd25-1bea-40b1-9715-43d18e2214a5",
    "data": [
      {
        "text": "I am also looking at some competing websites",
        "userDefined": false
      }
    ],
    "isTemplate": false,
    "count": 0,
    "updated": 1528975783
  },
  {
    "id": "ffd2810b-0115-4a9c-bd8e-7a253aa868ca",
    "data": [
      {
        "text": "so that I can have some other options before I talk.",
        "userDefined": false
      }
    ],
    "isTemplate": false,
    "count": 0,
    "updated": 1528975783
  },
  {
    "id": "c54d0eb8-dca9-4bd0-8fe9-e4eae92ef1ef",
    "data": [
      {
        "text": "i am just looking at options so that I can figure out which one is going to meet our needs the best.",
        "userDefined": false
      }
    ],
    "isTemplate": false,
    "count": 0,
    "updated": 1528975783
  },
  {
    "id": "d5622b51-64d9-4330-8803-cbb7d4d1070e",
    "data": [
      {
        "text": "i am currently looking at a number of options.",
        "userDefined": false
      }
    ],
    "isTemplate": false,
    "count": 0,
    "updated": 1528975783
  },
  {
    "id": "7a7aaf46-e3af-437d-8493-72eccba0053b",
    "data": [
      {
        "text": "i am currently exploring other options",
        "userDefined": false
      }
    ],
    "isTemplate": false,
    "count": 0,
    "updated": 1528975783
  },
  {
    "id": "a5af1662-285b-4164-83ff-a79444e5a28b",
    "data": [
      {
        "text": "am exploring several alternatives.",
        "userDefined": false
      }
    ],
    "isTemplate": false,
    "count": 0,
    "updated": 1528975783
  },
  {
    "id": "08ee1356-095f-4df6-804c-071409f17ab0",
    "data": [
      {
        "text": "I am comparing price",
        "userDefined": false
      }
    ],
    "isTemplate": false,
    "count": 0,
    "updated": 1528975783
  },
  {
    "id": "bda0eba0-31bf-41ab-8b8f-b24ad06781c0",
    "data": [
      {
        "text": "I am considering several similar products",
        "userDefined": false
      }
    ],
    "isTemplate": false,
    "count": 0,
    "updated": 1528975783
  },
  {
    "id": "98034342-1b68-47cc-8a26-638783bba0e7",
    "data": [
      {
        "text": "seeing what options I have available.",
        "userDefined": false
      }
    ],
    "isTemplate": false,
    "count": 0,
    "updated": 1528975783
  },
  {
    "id": "8c31d075-3cf7-4881-8477-b65fe36960fd",
    "data": [
      {
        "text": "see what other options are out there.",
        "userDefined": false
      }
    ],
    "isTemplate": false,
    "count": 0,
    "updated": 1528975783
  },
  {
    "id": "238b53f9-4963-45c5-af33-ea2f925c446a",
    "data": [
      {
        "text": "i found other web store with similar offers .",
        "userDefined": false
      }
    ],
    "isTemplate": false,
    "count": 0,
    "updated": 1528975783
  },
  {
    "id": "5a9f1ea9-0503-4c18-824a-6b2377fb6a3e",
    "data": [
      {
        "text": ",",
        "userDefined": false
      }
    ],
    "isTemplate": false,
    "count": 0,
    "updated": 1528975783
  },
  {
    "id": "26e553d3-05a7-4dd5-b2a9-17143ba1e298",
    "data": [
      {
        "text": "i am actually shopping around for other products.",
        "userDefined": false
      }
    ],
    "isTemplate": false,
    "count": 0,
    "updated": 1528975783
  },
  {
    "id": "230366ae-d456-4a5a-86e5-422d2ae16715",
    "data": [
      {
        "text": "I am still researching the data",
        "userDefined": false
      }
    ],
    "isTemplate": false,
    "count": 0,
    "updated": 1528975783
  },
  {
    "id": "e542bb50-888b-4b33-b0a8-72c416c223ae",
    "data": [
      {
        "text": "i am just gathering info -SCRIBETIME-.",
        "userDefined": false
      }
    ],
    "isTemplate": false,
    "count": 0,
    "updated": 1528975783
  },
  {
    "id": "af2a38d1-c469-4895-8f82-6f0c37893737",
    "data": [
      {
        "text": "i will also add that I have been exploring my options lately",
        "userDefined": false
      }
    ],
    "isTemplate": false,
    "count": 0,
    "updated": 1528975783
  },
  {
    "id": "98dacde9-a3f1-4c30-8fc0-6faa3e02c86c",
    "data": [
      {
        "text": "I have some other items I need to review before making a decision.",
        "userDefined": false
      }
    ],
    "isTemplate": false,
    "count": 0,
    "updated": 1528975783
  },
  {
    "id": "c218518a-3236-4be4-b916-a74b3a1c0c19",
    "data": [
      {
        "text": "I am looking at a few options -SCRIBETIME-",
        "userDefined": false
      }
    ],
    "isTemplate": false,
    "count": 0,
    "updated": 1528975783
  },
  {
    "id": "b8ae27e2-90f7-42ac-8923-b79c22b3dfac",
    "data": [
      {
        "text": "would like to inform you that I am on the procees of comparing other options available",
        "userDefined": false
      }
    ],
    "isTemplate": false,
    "count": 0,
    "updated": 1528975783
  },
  {
    "id": "d01485a8-9c68-477e-b9b3-f4698411ee26",
    "data": [
      {
        "text": "i am currently comparing my options -SCRIBETIME-.",
        "userDefined": false
      }
    ],
    "isTemplate": false,
    "count": 0,
    "updated": 1528975783
  },
  {
    "id": "2cb1c554-69db-4775-aaad-6cba33cec661",
    "data": [
      {
        "text": "-SCRIBETIME- I am still evaluating all options.",
        "userDefined": false
      }
    ],
    "isTemplate": false,
    "count": 0,
    "updated": 1528975783
  },
  {
    "id": "4789fadc-5fd0-40c3-b780-c9df0e0e69c2",
    "data": [
      {
        "text": "Am exploring other opportunities",
        "userDefined": false
      }
    ],
    "isTemplate": false,
    "count": 0,
    "updated": 1528975783
  },
  {
    "id": "50536bc9-d20d-434a-ae41-bd824b977c32",
    "data": [
      {
        "text": "I am looking into several businesses",
        "userDefined": false
      }
    ],
    "isTemplate": false,
    "count": 0,
    "updated": 1528975783
  },
  {
    "id": "afd0be80-798c-4f16-bb8b-ffa33f4ca695",
    "data": [
      {
        "text": "comparing products",
        "userDefined": false
      }
    ],
    "isTemplate": false,
    "count": 0,
    "updated": 1528975783
  },
  {
    "id": "b3c0ce57-0164-486f-b4f0-e7dd554a4e8b",
    "data": [
      {
        "text": "I need to do some more research",
        "userDefined": false
      }
    ],
    "isTemplate": false,
    "count": 0,
    "updated": 1528975783
  },
  {
    "id": "acdebde4-5cfb-4f28-9bd8-e937b1e95460",
    "data": [
      {
        "text": "Gathering information -SCRIBETIME-.",
        "userDefined": false
      }
    ],
    "isTemplate": false,
    "count": 0,
    "updated": 1528975783
  },
  {
    "id": "c5c0fad9-1c07-4ed5-9297-140b26efa8ea",
    "data": [
      {
        "text": "Hello Megan I am still looking at options.",
        "userDefined": false
      }
    ],
    "isTemplate": false,
    "count": 0,
    "updated": 1528975783
  },
  {
    "id": "d4dbe2fb-2698-4145-845c-85496c9126e9",
    "data": [
      {
        "text": "We explored the options available with the software",
        "userDefined": false
      }
    ],
    "isTemplate": false,
    "count": 0,
    "updated": 1528975783
  },
  {
    "id": "f867db1c-103a-4f01-9418-24c6e49294ee",
    "data": [
      {
        "text": "I am browsing your offerings",
        "userDefined": false
      }
    ],
    "isTemplate": false,
    "count": 0,
    "updated": 1528975783
  },
  {
    "id": "44913d85-1885-44e9-9664-b048bea47e4c",
    "data": [
      {
        "text": "I did visit your site to learn more about your product.",
        "userDefined": false
      }
    ],
    "isTemplate": false,
    "count": 0,
    "updated": 1528975783
  },
  {
    "id": "6d035914-cc9f-4d82-bca2-0dbcbb1df83b",
    "data": [
      {
        "text": "I have found some interesting products on your website",
        "userDefined": false
      }
    ],
    "isTemplate": false,
    "count": 0,
    "updated": 1528975783
  },
  {
    "id": "6310f492-0379-4cc3-afe6-f1db5166db44",
    "data": [
      {
        "text": "first I want to get a feel for what else is available.",
        "userDefined": false
      }
    ],
    "isTemplate": false,
    "count": 0,
    "updated": 1528975783
  },
  {
    "id": "4193ab1c-5f6a-4db0-992c-5d920fd87495",
    "data": [
      {
        "text": "Can you contact me again -SCRIBETIME- so that I have a chance to become better acquainted with my options?",
        "userDefined": false
      }
    ],
    "isTemplate": false,
    "count": 0,
    "updated": 1528975783
  },
  {
    "id": "7b91ffe6-643c-4808-8b55-dd011f35f5f0",
    "data": [
      {
        "text": "I am still looking at my options",
        "userDefined": false
      }
    ],
    "isTemplate": false,
    "count": 1,
    "updated": 1528975783
  },
  {
    "id": "5c487c3e-d470-427c-96d9-9b9a76cb5eb1",
    "data": [
      {
        "text": "I am still in the process of gathering information.",
        "userDefined": false
      }
    ],
    "isTemplate": false,
    "count": 0,
    "updated": 1528975783
  },
  {
    "id": "5f5a1369-c4ba-4ea1-804d-c52f51f2c3aa",
    "data": [
      {
        "text": "i am still looking over the numbers",
        "userDefined": false
      }
    ],
    "isTemplate": false,
    "count": 0,
    "updated": 1528975783
  },
  {
    "id": "61b91520-b23b-4025-b727-876d9f7c1237",
    "data": [
      {
        "text": "Am exploring so i will come back to you later.",
        "userDefined": false
      }
    ],
    "isTemplate": false,
    "count": 0,
    "updated": 1528975783
  },
  {
    "id": "cd16a8c6-6418-4c46-8687-51d835c869dd",
    "data": [
      {
        "text": "I am still in the exploring process of my software purchase.",
        "userDefined": false
      }
    ],
    "isTemplate": false,
    "count": 0,
    "updated": 1528975783
  },
  {
    "id": "f734dc42-b69e-4ae7-8b76-7d606dec0d36",
    "data": [
      {
        "text": "I am currently exploring our options.",
        "userDefined": false
      }
    ],
    "isTemplate": false,
    "count": 0,
    "updated": 1528975783
  },
  {
    "id": "314fd3b4-e8d0-4c1a-8528-20dd92f66a83",
    "data": [
      {
        "text": "We are still looking over all the ideas -SCRIBETIME-.",
        "userDefined": false
      }
    ],
    "isTemplate": false,
    "count": 0,
    "updated": 1528975783
  },
  {
    "id": "ed92ce89-67f3-4ace-a656-eebed79db398",
    "data": [
      {
        "text": "i am still doing some research on my end to determine the best software.",
        "userDefined": false
      }
    ],
    "isTemplate": false,
    "count": 0,
    "updated": 1528975783
  },
  {
    "id": "a0fa055b-23d9-4f1c-9878-648a6abfcd17",
    "data": [
      {
        "text": "I am still exploring all possible options.",
        "userDefined": false
      }
    ],
    "isTemplate": false,
    "count": 0,
    "updated": 1528975783
  },
  {
    "id": "118d1cb3-c10a-4c85-b9a7-8dac773d6a6c",
    "data": [
      {
        "text": "I would like the time to still look around Megan.",
        "userDefined": false
      }
    ],
    "isTemplate": false,
    "count": 0,
    "updated": 1528975783
  },
  {
    "id": "2be45ba6-b7da-4bc7-8c86-78cef9de6217",
    "data": [
      {
        "text": "I am exploring all available options at the moment",
        "userDefined": false
      }
    ],
    "isTemplate": false,
    "count": 0,
    "updated": 1528975783
  },
  {
    "id": "fc1e60d5-5bb9-46d3-ad2f-dc11863e96b0",
    "data": [
      {
        "text": "I am still reviewing my options",
        "userDefined": false
      }
    ],
    "isTemplate": false,
    "count": 0,
    "updated": 1528975783
  },
  {
    "id": "2c625266-9143-4d6f-984d-02bbc2038749",
    "data": [
      {
        "text": "I AM STILL EXPLORING MY OPTIONS TO FIND THE BEST DEAL",
        "userDefined": false
      }
    ],
    "isTemplate": false,
    "count": 0,
    "updated": 1528975783
  },
  {
    "id": "f09664af-ab24-461e-b8d3-5871913c8104",
    "data": [
      {
        "text": "IF IT WOULD BE OK I WOULD LIKE TO DO SOME MORE LOOKING AROUND",
        "userDefined": false
      }
    ],
    "isTemplate": false,
    "count": 0,
    "updated": 1528975783
  },
  {
    "id": "3ecaf476-dbf3-4335-a255-fa0a233b5b84",
    "data": [
      {
        "text": "am still exploring",
        "userDefined": false
      }
    ],
    "isTemplate": false,
    "count": 1,
    "updated": 1528975783
  },
  {
    "id": "72dcf323-4ef0-45d5-bc4d-fa1647d26de4",
    "data": [
      {
        "text": "I am currently still exploring our needs",
        "userDefined": false
      }
    ],
    "isTemplate": false,
    "count": 0,
    "updated": 1528975783
  },
  {
    "id": "8d1fa5ca-4ea2-4471-8f05-50a2b49a3f1a",
    "data": [
      {
        "text": "once I have had a chance to look things over.",
        "userDefined": false
      }
    ],
    "isTemplate": false,
    "count": 0,
    "updated": 1528975783
  },
  {
    "id": "9f20c15c-e65d-43c5-a918-b4ea7844c1f2",
    "data": [
      {
        "text": "I am still exploring",
        "userDefined": false
      }
    ],
    "isTemplate": false,
    "count": 0,
    "updated": 1528975783
  },
  {
    "id": "4813f262-c27f-42f6-9a81-5d1b504b3783",
    "data": [
      {
        "text": "i am going to look at my options",
        "userDefined": false
      }
    ],
    "isTemplate": false,
    "count": 0,
    "updated": 1528975783
  },
  {
    "id": "e980eaba-56c5-4deb-95e3-9a28c0e10284",
    "data": [
      {
        "text": "Megan we are exploring different options",
        "userDefined": false
      }
    ],
    "isTemplate": false,
    "count": 0,
    "updated": 1528975783
  },
  {
    "id": "f472a371-e968-4314-be43-143d1771fce7",
    "data": [
      {
        "text": "I am still exploring options",
        "userDefined": false
      }
    ],
    "isTemplate": false,
    "count": 1,
    "updated": 1528975783
  },
  {
    "id": "6a62e324-9233-4362-b883-6ad36b2feb72",
    "data": [
      {
        "text": "i am currently exploring all my software buying options",
        "userDefined": false
      }
    ],
    "isTemplate": false,
    "count": 0,
    "updated": 1528975783
  },
  {
    "id": "ddc76a10-0bd4-4353-92b0-1e73ef3d5c93",
    "data": [
      {
        "text": "I am in the process of exploring our options for security software.",
        "userDefined": false
      }
    ],
    "isTemplate": false,
    "count": 0,
    "updated": 1528975783
  },
  {
    "id": "c2312df0-8712-4f3f-97c3-3ee5d203f582",
    "data": [
      {
        "text": "I would like to have more time exploring.",
        "userDefined": false
      }
    ],
    "isTemplate": false,
    "count": 0,
    "updated": 1528975783
  },
  {
    "id": "7c86621c-bef4-49d5-bc7c-2cfd92a88c70",
    "data": [
      {
        "text": "Megan - -SCRIBETIME- we are still evaluating all of our different options in this area",
        "userDefined": false
      }
    ],
    "isTemplate": false,
    "count": 0,
    "updated": 1528975783
  },
  {
    "id": "a104aaed-586c-4d01-a2b1-d275166ab61d",
    "data": [
      {
        "text": "are looking at a lot of different companies.",
        "userDefined": false
      }
    ],
    "isTemplate": false,
    "count": 0,
    "updated": 1528975783
  },
  {
    "id": "4c7d1d3e-89e3-4802-a307-fd15010c7f85",
    "data": [
      {
        "text": "i am looking for the alternates.",
        "userDefined": false
      }
    ],
    "isTemplate": false,
    "count": 0,
    "updated": 1528975783
  },
  {
    "id": "fb8753f8-2488-4112-b06f-fb4d7bd3e156",
    "data": [
      {
        "text": "I am still exploring the software options.",
        "userDefined": false
      }
    ],
    "isTemplate": false,
    "count": 0,
    "updated": 1528975783
  },
  {
    "id": "c1d2dd47-7e8f-4a9a-a270-1908f826af78",
    "data": [
      {
        "text": "I will get back in touch with you when I have had more time explore each option.",
        "userDefined": false
      }
    ],
    "isTemplate": false,
    "count": 0,
    "updated": 1528975783
  },
  {
    "id": "85846369-0709-422e-a755-919b3c11321a",
    "data": [
      {
        "text": "Hi Megan I am still exploring my options",
        "userDefined": false
      }
    ],
    "isTemplate": false,
    "count": 0,
    "updated": 1528975783
  },
  {
    "id": "18844e79-5057-47ec-9f01-0b06a2098f5b",
    "data": [
      {
        "text": "as there are a lot of different solutions out there I would like to dive into my options more before giving a concrete decision.",
        "userDefined": false
      }
    ],
    "isTemplate": false,
    "count": 0,
    "updated": 1528975783
  },
  {
    "id": "fd1fb231-728a-437a-87c1-02edcb79a44d",
    "data": [
      {
        "text": "I am still browsing the market",
        "userDefined": false
      }
    ],
    "isTemplate": false,
    "count": 0,
    "updated": 1528975783
  },
  {
    "id": "b1bd923a-3ecd-45a5-9e53-ade65cb71424",
    "data": [
      {
        "text": "I have been exploring many possibilities.",
        "userDefined": false
      }
    ],
    "isTemplate": false,
    "count": 0,
    "updated": 1528975783
  },
  {
    "id": "10a6a607-437c-4a59-886c-47d82046605c",
    "data": [
      {
        "text": "I am currently exploring all of my options",
        "userDefined": false
      }
    ],
    "isTemplate": false,
    "count": 0,
    "updated": 1528975783
  },
  {
    "id": "6b40e322-1fed-4930-b6de-8386d2c0fbec",
    "data": [
      {
        "text": "I am still exporing my options",
        "userDefined": false
      }
    ],
    "isTemplate": false,
    "count": 0,
    "updated": 1528975783
  },
  {
    "id": "9756a667-33c9-431f-9b33-d24b862d049e",
    "data": [
      {
        "text": "I am still exploring my options with the software",
        "userDefined": false
      }
    ],
    "isTemplate": false,
    "count": 0,
    "updated": 1528975783
  },
  {
    "id": "e6c32a5c-48d8-4e19-a4a9-b531269f42b7",
    "data": [
      {
        "text": "I am currently exploring several options for our software needs.",
        "userDefined": false
      }
    ],
    "isTemplate": false,
    "count": 0,
    "updated": 1528975783
  },
  {
    "id": "d208e23b-3983-4456-b5ca-f3ce8059bc63",
    "data": [
      {
        "text": "Now i am exploring",
        "userDefined": false
      }
    ],
    "isTemplate": false,
    "count": 0,
    "updated": 1528975783
  },
  {
    "id": "81383c54-6def-4430-ae62-4de1b023048d",
    "data": [
      {
        "text": "I am still searching for other possibilities.",
        "userDefined": false
      }
    ],
    "isTemplate": false,
    "count": 0,
    "updated": 1528975783
  },
  {
    "id": "e44d0c54-ea78-4061-a566-45e057b75a1e",
    "data": [
      {
        "text": "I am in the process of evaluating software packages.",
        "userDefined": false
      }
    ],
    "isTemplate": false,
    "count": 0,
    "updated": 1528975783
  },
  {
    "id": "c692da66-809c-4421-87d0-41c8cdaaac70",
    "data": [
      {
        "text": "I am still exploring the software",
        "userDefined": false
      }
    ],
    "isTemplate": false,
    "count": 1,
    "updated": 1528975783
  },
  {
    "id": "e28a2740-6983-43a4-90cd-fd4b9c43d796",
    "data": [
      {
        "text": "I need some time to evaluate our options.",
        "userDefined": false
      }
    ],
    "isTemplate": false,
    "count": 0,
    "updated": 1528975783
  },
  {
    "id": "e524bc2b-6a24-466f-a399-85d34015a9ae",
    "data": [
      {
        "text": "I have been exploring my options lately",
        "userDefined": false
      }
    ],
    "isTemplate": false,
    "count": 0,
    "updated": 1528975783
  },
  {
    "id": "c3019076-d3b6-4654-a752-7801a467e204",
    "data": [
      {
        "text": "I am still looking at other products I will get back to you when my decision is made.",
        "userDefined": false
      }
    ],
    "isTemplate": false,
    "count": 0,
    "updated": 1528975783
  },
  {
    "id": "b8695c03-6d5b-4a6a-af54-4e0bfdd5530f",
    "data": [
      {
        "text": "would need further time to explore the software",
        "userDefined": false
      }
    ],
    "isTemplate": false,
    "count": 0,
    "updated": 1528975783
  },
  {
    "id": "935f616e-2d09-41f7-a9aa-9e4fcf9f2d62",
    "data": [
      {
        "text": "We are still exploring all of our potential options",
        "userDefined": false
      }
    ],
    "isTemplate": false,
    "count": 0,
    "updated": 1528975783
  },
  {
    "id": "ac4a1958-b635-42f6-b1aa-8264a05ff255",
    "data": [
      {
        "text": "I am still trying the software",
        "userDefined": false
      }
    ],
    "isTemplate": false,
    "count": 0,
    "updated": 1528975783
  },
  {
    "id": "29ea79d9-ca87-4ce8-a98f-af3eb5122858",
    "data": [
      {
        "text": "Hi Megan i am still doing my research so let me reach back out to you at a later datte.",
        "userDefined": false
      }
    ],
    "isTemplate": false,
    "count": 0,
    "updated": 1528975783
  },
  {
    "id": "e072261b-4403-44e3-abdd-e292d9f44250",
    "data": [
      {
        "text": "At this moment I am still in the process of figuring out which software I would like to buy for our company.",
        "userDefined": false
      }
    ],
    "isTemplate": false,
    "count": 0,
    "updated": 1528975783
  },
  {
    "id": "02e74dac-57c2-436f-95d4-99636e7f41ba",
    "data": [
      {
        "text": "We have actually had a few other reach out to us about similar services",
        "userDefined": false
      }
    ],
    "isTemplate": false,
    "count": 0,
    "updated": 1528975783
  },
  {
    "id": "27b4c884-71c1-4fb4-b643-30e5d872fff3",
    "data": [
      {
        "text": "we are currently exploring some options we may have.",
        "userDefined": false
      }
    ],
    "isTemplate": false,
    "count": 0,
    "updated": 1528975783
  },
  {
    "id": "d9c131a5-2bd5-45a4-a7cc-242c70fd18c4",
    "data": [
      {
        "text": "We are still weighing our options",
        "userDefined": false
      }
    ],
    "isTemplate": false,
    "count": 0,
    "updated": 1528975783
  },
  {
    "id": "35fbd4fc-8e89-4b5b-bd05-641d1cb0c6bd",
    "data": [
      {
        "text": "The company is still in the early stages of looking for a software",
        "userDefined": false
      }
    ],
    "isTemplate": false,
    "count": 0,
    "updated": 1528975783
  },
  {
    "id": "fe98ebc9-1442-456f-822f-00fcc760a1fc",
    "data": [
      {
        "text": "Megan - still looking into it",
        "userDefined": false
      }
    ],
    "isTemplate": false,
    "count": 0,
    "updated": 1528975783
  },
  {
    "id": "8f892f69-8f2a-4ea6-880b-e17f6d889c8c",
    "data": [
      {
        "text": "I am still exploring different options.",
        "userDefined": false
      }
    ],
    "isTemplate": false,
    "count": 0,
    "updated": 1528975783
  },
  {
    "id": "247c5563-0ed8-4f88-9433-a5f81afe62e6",
    "data": [
      {
        "text": "We are still considering a few options for cloud securtiy softwares",
        "userDefined": false
      }
    ],
    "isTemplate": false,
    "count": 0,
    "updated": 1528975783
  },
  {
    "id": "dc3cb6a9-5360-48c9-a932-24393360128a",
    "data": [
      {
        "text": "we will have a look into what you are offering",
        "userDefined": false
      }
    ],
    "isTemplate": false,
    "count": 0,
    "updated": 1528975783
  },
  {
    "id": "2461c3d7-7bf9-499d-ad37-180e8f77abdf",
    "data": [
      {
        "text": "i would love to do some more research on it",
        "userDefined": false
      }
    ],
    "isTemplate": false,
    "count": 0,
    "updated": 1528975783
  },
  {
    "id": "8c3aec9b-2b34-4bf1-915b-67fe17bebef7",
    "data": [
      {
        "text": "still looking at options for software",
        "userDefined": false
      }
    ],
    "isTemplate": false,
    "count": 0,
    "updated": 1528975783
  },
  {
    "id": "30227fcd-155e-44c6-a8a4-99c8e0c19c20",
    "data": [
      {
        "text": "We are still checking other could security software at the moment",
        "userDefined": false
      }
    ],
    "isTemplate": false,
    "count": 0,
    "updated": 1528975783
  },
  {
    "id": "3f2b30c6-1e72-40cd-917a-37e591fbcaa3",
    "data": [
      {
        "text": "I am going to need more time before I make any decisions as I am comparison shopping at the moment to see what fits my needs the best",
        "userDefined": false
      }
    ],
    "isTemplate": false,
    "count": 0,
    "updated": 1528975783
  },
  {
    "id": "c8c1f7e3-62f1-472c-982c-304e5bd40904",
    "data": [
      {
        "text": "We are still evaluating the software",
        "userDefined": false
      }
    ],
    "isTemplate": false,
    "count": 0,
    "updated": 1528975783
  },
  {
    "id": "ac71f0ef-9036-41e5-87d5-d526d81531e9",
    "data": [
      {
        "text": "We are evaluating security software for a client side solution which uses cloud platform",
        "userDefined": false
      }
    ],
    "isTemplate": false,
    "count": 0,
    "updated": 1528975783
  },
  {
    "id": "f0157563-237c-423f-9d14-91089c8708c3",
    "data": [
      {
        "text": "I am still looking over options that are reasonable in cost.",
        "userDefined": false
      }
    ],
    "isTemplate": false,
    "count": 0,
    "updated": 1528975783
  },
  {
    "id": "ff0a21e4-1282-43cd-a86c-d516a852a46a",
    "data": [
      {
        "text": "I am looking for a security product which suites to our business needs.",
        "userDefined": false
      }
    ],
    "isTemplate": false,
    "count": 0,
    "updated": 1528975783
  },
  {
    "id": "4b0f99a6-b23a-40f0-9877-05c1df80549d",
    "data": [
      {
        "text": "In that process I looked at SimpleSoftware security suite.",
        "userDefined": false
      }
    ],
    "isTemplate": false,
    "count": 0,
    "updated": 1528975783
  },
  {
    "id": "20bb9b6a-9f42-4fa6-8923-c2b806f2308f",
    "data": [
      {
        "text": "I am looking at cloud system solutions.",
        "userDefined": false
      }
    ],
    "isTemplate": false,
    "count": 0,
    "updated": 1528975783
  },
  {
    "id": "2a038179-c628-4a3e-bcf1-8d233514d558",
    "data": [
      {
        "text": "We have looked at several software possibilities",
        "userDefined": false
      }
    ],
    "isTemplate": false,
    "count": 0,
    "updated": 1528975783
  },
  {
    "id": "6116e9d2-3461-49ab-a132-5a5040aaf4cc",
    "data": [
      {
        "text": "I am looking into the book.",
        "userDefined": false
      }
    ],
    "isTemplate": false,
    "count": 0,
    "updated": 1528975783
  },
  {
    "id": "eda16b1c-5b3e-4f90-8984-2f090fd17b44",
    "data": [
      {
        "text": "a few others to compare product",
        "userDefined": false
      }
    ],
    "isTemplate": false,
    "count": 0,
    "updated": 1528975783
  },
  {
    "id": "b7e72c2b-f453-4b3c-9bda-2b89e8d495d6",
    "data": [
      {
        "text": "I was testing various analytics plugins in Slack",
        "userDefined": false
      }
    ],
    "isTemplate": false,
    "count": 0,
    "updated": 1528975783
  },
  {
    "id": "033772a4-3594-4c75-a96b-95bf65a30fc5",
    "data": [
      {
        "text": "comparing it to our current solution",
        "userDefined": false
      }
    ],
    "isTemplate": false,
    "count": 0,
    "updated": 1528975783
  }
]