[
  {
    "id": "150b6158-d778-4e2d-8079-d366b53c3c35",
    "data": [
      {
        "text": "Hi Megan",
        "userDefined": false
      }
    ],
    "isTemplate": false,
    "count": 193,
    "updated": 1528975783
  },
  {
    "id": "5943c82d-30e3-4306-9916-455bca4dc47a",
    "data": [
      {
        "text": "Sorry for the inconvenience",
        "userDefined": false
      }
    ],
    "isTemplate": false,
    "count": 0,
    "updated": 1528975783
  },
  {
    "id": "372d8bad-c0d9-43c7-a7d3-723b335bc218",
    "data": [
      {
        "text": "Thank you Megan",
        "userDefined": false
      }
    ],
    "isTemplate": false,
    "count": 0,
    "updated": 1528975783
  },
  {
    "id": "f265c3aa-fdde-43ec-8a54-4c860ff32b8c",
    "data": [
      {
        "text": "Thank you for reaching out to assist.",
        "userDefined": false
      }
    ],
    "isTemplate": false,
    "count": 0,
    "updated": 1528975783
  },
  {
    "id": "b1abe454-da7e-48b7-94eb-1134782dbb9b",
    "data": [
      {
        "text": "Sincerely",
        "userDefined": false
      }
    ],
    "isTemplate": false,
    "count": 24,
    "updated": 1528975783
  },
  {
    "id": "4e417640-1270-4618-b46c-269416a43c9d",
    "data": [
      {
        "text": "Thanks for your all your hard work mite.",
        "userDefined": false
      }
    ],
    "isTemplate": false,
    "count": 0,
    "updated": 1528975783
  },
  {
    "id": "6d07b20a-c9dc-4fc4-b075-5d3d12c5b833",
    "data": [
      {
        "text": "Have a nice day",
        "userDefined": false
      }
    ],
    "isTemplate": false,
    "count": 1,
    "updated": 1528975783
  },
  {
    "id": "beab25b3-6765-4cdb-8c4f-9a781c49ffb3",
    "data": [
      {
        "text": "Thank you",
        "userDefined": false
      }
    ],
    "isTemplate": false,
    "count": 50,
    "updated": 1528975783
  },
  {
    "id": "09f8a21f-971f-4ed5-984d-ded597981be3",
    "data": [
      {
        "text": "-have a good day",
        "userDefined": false
      }
    ],
    "isTemplate": false,
    "count": 0,
    "updated": 1528975783
  },
  {
    "id": "63ccb38e-9386-4eb4-ba42-76f1efb5cbc2",
    "data": [
      {
        "text": "Sorry.",
        "userDefined": false
      }
    ],
    "isTemplate": false,
    "count": 0,
    "updated": 1528975783
  },
  {
    "id": "6d620b6e-459a-40b1-b5c8-18d77b092699",
    "data": [
      {
        "text": "I appreciate your attention to the matter.",
        "userDefined": false
      }
    ],
    "isTemplate": false,
    "count": 0,
    "updated": 1528975783
  },
  {
    "id": "79f8bd29-cd05-489d-9c7e-f0dca3e3fa96",
    "data": [
      {
        "text": "Thanks",
        "userDefined": false
      }
    ],
    "isTemplate": false,
    "count": 74,
    "updated": 1528975783
  },
  {
    "id": "557d910f-23aa-4ddd-a5fa-7dbfd9ebed18",
    "data": [
      {
        "text": "Hi Doug Thanks for the notes.",
        "userDefined": false
      }
    ],
    "isTemplate": false,
    "count": 0,
    "updated": 1528975783
  },
  {
    "id": "cdace600-5afc-4c6f-ba10-a8bce579869b",
    "data": [
      {
        "text": "Hi",
        "userDefined": false
      }
    ],
    "isTemplate": false,
    "count": 18,
    "updated": 1528975783
  },
  {
    "id": "829939d5-d6d6-4aa8-90b4-7144241db096",
    "data": [
      {
        "text": "Good morning Megan",
        "userDefined": false
      }
    ],
    "isTemplate": false,
    "count": 0,
    "updated": 1528975783
  },
  {
    "id": "0edd989b-fa39-4a2b-bf86-f3d417bf2f8d",
    "data": [
      {
        "text": "Best regards",
        "userDefined": false
      }
    ],
    "isTemplate": false,
    "count": 4,
    "updated": 1528975783
  },
  {
    "id": "dee14a04-43bc-47de-981d-80dd3290a328",
    "data": [
      {
        "text": "Hi Megan: Sure",
        "userDefined": false
      }
    ],
    "isTemplate": false,
    "count": 0,
    "updated": 1528975783
  },
  {
    "id": "127b6222-9648-4e56-bc4c-adf6266d8367",
    "data": [
      {
        "text": "Hello Megan",
        "userDefined": false
      }
    ],
    "isTemplate": false,
    "count": 23,
    "updated": 1528975783
  },
  {
    "id": "5edb4c74-c19d-4dac-87ac-093751d72261",
    "data": [
      {
        "text": "Hi megan",
        "userDefined": false
      }
    ],
    "isTemplate": false,
    "count": 0,
    "updated": 1528975783
  },
  {
    "id": "df3b361f-1cdd-497c-bd81-a2d699f40653",
    "data": [
      {
        "text": "Thanks for the inquiry.",
        "userDefined": false
      }
    ],
    "isTemplate": false,
    "count": 3,
    "updated": 1528975783
  },
  {
    "id": "ba35c017-9e87-4ca8-b57a-9e378bd2d203",
    "data": [
      {
        "text": "Thanks for the email.",
        "userDefined": false
      }
    ],
    "isTemplate": false,
    "count": 5,
    "updated": 1528975783
  },
  {
    "id": "5e033d78-c704-4f1d-b192-e5a730f38acb",
    "data": [
      {
        "text": "thanks for your note.",
        "userDefined": false
      }
    ],
    "isTemplate": false,
    "count": 0,
    "updated": 1528975783
  },
  {
    "id": "75043ac4-ee6a-4154-afbc-df6f4d1f13fb",
    "data": [
      {
        "text": "best",
        "userDefined": false
      }
    ],
    "isTemplate": false,
    "count": 0,
    "updated": 1528975783
  },
  {
    "id": "a2884184-7fc1-4907-b928-de90602a33f6",
    "data": [
      {
        "text": "Hi Doug",
        "userDefined": false
      }
    ],
    "isTemplate": false,
    "count": 0,
    "updated": 1528975783
  },
  {
    "id": "d395d986-f4d6-4612-b096-14b9dcde229d",
    "data": [
      {
        "text": "Thanks Doug",
        "userDefined": false
      }
    ],
    "isTemplate": false,
    "count": 0,
    "updated": 1528975783
  },
  {
    "id": "20e75410-3ab3-480e-80d7-175a75021da2",
    "data": [
      {
        "text": "All the best.",
        "userDefined": false
      }
    ],
    "isTemplate": false,
    "count": 0,
    "updated": 1528975783
  },
  {
    "id": "a5fad039-657d-4e1b-ae1e-f3ff10eb71a0",
    "data": [
      {
        "text": "thanks.",
        "userDefined": false
      }
    ],
    "isTemplate": false,
    "count": 3,
    "updated": 1528975783
  },
  {
    "id": "23d86139-cc2d-4017-808f-62b8f68bed3e",
    "data": [
      {
        "text": "Hi Tina",
        "userDefined": false
      }
    ],
    "isTemplate": false,
    "count": 22,
    "updated": 1528975783
  },
  {
    "id": "d9801295-425e-4499-92ca-77d2427ff7e7",
    "data": [
      {
        "text": "HI Megan",
        "userDefined": false
      }
    ],
    "isTemplate": false,
    "count": 2,
    "updated": 1528975783
  },
  {
    "id": "4861cac2-c800-40de-9995-c4337d309136",
    "data": [
      {
        "text": "Good afternoon Megan",
        "userDefined": false
      }
    ],
    "isTemplate": false,
    "count": 1,
    "updated": 1528975783
  },
  {
    "id": "232179f3-b75f-48db-9ecf-37c3467edc75",
    "data": [
      {
        "text": "Thanks for reaching out",
        "userDefined": false
      }
    ],
    "isTemplate": false,
    "count": 7,
    "updated": 1528975783
  },
  {
    "id": "1cfbc377-2251-4734-abd0-775f440fa36d",
    "data": [
      {
        "text": "thanks!",
        "userDefined": false
      }
    ],
    "isTemplate": false,
    "count": 0,
    "updated": 1528975783
  },
  {
    "id": "3f2b7fc8-3d24-4de7-a74d-9d6e1c74dd62",
    "data": [
      {
        "text": "Best",
        "userDefined": false
      }
    ],
    "isTemplate": false,
    "count": 12,
    "updated": 1528975783
  },
  {
    "id": "5d51a08c-76b8-4cd9-9aa6-8b9a9c8dce48",
    "data": [
      {
        "text": "Hi Megan.",
        "userDefined": false
      }
    ],
    "isTemplate": false,
    "count": 2,
    "updated": 1528975783
  },
  {
    "id": "6cff93e8-1bee-40d4-a596-ed0d75e09fff",
    "data": [
      {
        "text": "Hello",
        "userDefined": false
      }
    ],
    "isTemplate": false,
    "count": 12,
    "updated": 1528975783
  },
  {
    "id": "862919d0-4f37-4a13-99db-904e73776c57",
    "data": [
      {
        "text": "Hey Megan",
        "userDefined": false
      }
    ],
    "isTemplate": false,
    "count": 6,
    "updated": 1528975783
  },
  {
    "id": "b5b21280-1999-43d1-bcd9-003a3050f05c",
    "data": [
      {
        "text": "Thank you for your time",
        "userDefined": false
      }
    ],
    "isTemplate": false,
    "count": 5,
    "updated": 1528975783
  },
  {
    "id": "e29eb091-5366-4342-9894-f3e520fa411a",
    "data": [
      {
        "text": "Thank you for getting in touch with me.",
        "userDefined": false
      }
    ],
    "isTemplate": false,
    "count": 8,
    "updated": 1528975783
  },
  {
    "id": "5919d2e7-8aeb-4d91-b1ca-0bab38795d19",
    "data": [
      {
        "text": "Thank You",
        "userDefined": false
      }
    ],
    "isTemplate": false,
    "count": 4,
    "updated": 1528975783
  },
  {
    "id": "ad5fd5b7-eb24-4e4c-9198-734e2eb3fc97",
    "data": [
      {
        "text": "Thanks for your email",
        "userDefined": false
      }
    ],
    "isTemplate": false,
    "count": 3,
    "updated": 1528975783
  },
  {
    "id": "4280429e-cc3e-4b86-9e5e-eee7c74b35cd",
    "data": [
      {
        "text": "Kind regards",
        "userDefined": false
      }
    ],
    "isTemplate": false,
    "count": 7,
    "updated": 1528975783
  },
  {
    "id": "7e971269-9910-4bd5-826f-cb6b0aade4c2",
    "data": [
      {
        "text": "Thanks.",
        "userDefined": false
      }
    ],
    "isTemplate": false,
    "count": 6,
    "updated": 1528975783
  },
  {
    "id": "6a336cab-79e9-4e2f-9cb1-6d68828c2689",
    "data": [
      {
        "text": "Best Regards",
        "userDefined": false
      }
    ],
    "isTemplate": false,
    "count": 6,
    "updated": 1528975783
  },
  {
    "id": "6eadbd4e-1308-47b2-84fb-5584ddded897",
    "data": [
      {
        "text": "Thank you for your mail",
        "userDefined": false
      }
    ],
    "isTemplate": false,
    "count": 1,
    "updated": 1528975783
  },
  {
    "id": "424da77b-dcee-4ff0-8bf5-7175cf435210",
    "data": [
      {
        "text": "- Regards",
        "userDefined": false
      }
    ],
    "isTemplate": false,
    "count": 6,
    "updated": 1528975783
  },
  {
    "id": "536b8a1c-9d62-44ac-b6c0-6eb7a45b37a6",
    "data": [
      {
        "text": "Thank you.",
        "userDefined": false
      }
    ],
    "isTemplate": false,
    "count": 27,
    "updated": 1528975783
  },
  {
    "id": "8c01abc4-7d03-4534-ac5a-35720720cdd3",
    "data": [
      {
        "text": "Regards Bhopraj - PRIVILEGED",
        "userDefined": false
      }
    ],
    "isTemplate": false,
    "count": 0,
    "updated": 1528975783
  },
  {
    "id": "c7b58b38-1fdc-4de5-90b8-2cc38252b96d",
    "data": [
      {
        "text": "Thanks for reaching out.",
        "userDefined": false
      }
    ],
    "isTemplate": false,
    "count": 7,
    "updated": 1528975783
  },
  {
    "id": "4c4ae280-a4e1-456c-972a-e3c870dc90f6",
    "data": [
      {
        "text": "Hi Megan Thank you for your email.",
        "userDefined": false
      }
    ],
    "isTemplate": false,
    "count": 5,
    "updated": 1528975783
  },
  {
    "id": "8efb74bb-9e7b-440d-8253-59a43d38e50e",
    "data": [
      {
        "text": "Thank you so much for reaching out to me about the CompleteSecurity software.",
        "userDefined": false
      }
    ],
    "isTemplate": false,
    "count": 3,
    "updated": 1528975783
  },
  {
    "id": "c4c33752-c528-40a8-bf22-8ce4955a9a1e",
    "data": [
      {
        "text": "Thank you so much for reaching out.",
        "userDefined": false
      }
    ],
    "isTemplate": false,
    "count": 0,
    "updated": 1528975783
  },
  {
    "id": "13d5d772-4e86-4d54-9492-8c836ca9ecdc",
    "data": [
      {
        "text": ",",
        "userDefined": false
      }
    ],
    "isTemplate": false,
    "count": 1,
    "updated": 1528975783
  },
  {
    "id": "cd7acda6-e02f-4af4-b731-9986740351be",
    "data": [
      {
        "text": "I appreciate you reaching out to me.",
        "userDefined": false
      }
    ],
    "isTemplate": false,
    "count": 2,
    "updated": 1528975783
  },
  {
    "id": "4ddf8e75-fe78-4eff-9473-f06a4aae7a95",
    "data": [
      {
        "text": "Hey",
        "userDefined": false
      }
    ],
    "isTemplate": false,
    "count": 2,
    "updated": 1528975783
  },
  {
    "id": "901ffae2-ffa7-4bf3-92d6-c47859f3b763",
    "data": [
      {
        "text": "Thanks in advance",
        "userDefined": false
      }
    ],
    "isTemplate": false,
    "count": 0,
    "updated": 1528975783
  },
  {
    "id": "7f03f63d-012b-4b07-9e33-6f0f19bde78d",
    "data": [
      {
        "text": "Hi Tina Thanks for connecting.",
        "userDefined": false
      }
    ],
    "isTemplate": false,
    "count": 0,
    "updated": 1528975783
  },
  {
    "id": "b39ecaa5-3c27-44a3-a593-02aeb0a34a4c",
    "data": [
      {
        "text": "Dear Ms. Teena",
        "userDefined": false
      }
    ],
    "isTemplate": false,
    "count": 0,
    "updated": 1528975783
  },
  {
    "id": "1003f06b-7eca-4bd5-895e-e147cf21b55b",
    "data": [
      {
        "text": "Warm Regards",
        "userDefined": false
      }
    ],
    "isTemplate": false,
    "count": 0,
    "updated": 1528975783
  },
  {
    "id": "04dad582-18f0-4bee-9794-5bb3f0787005",
    "data": [
      {
        "text": "Hi Tina Thanks for the quick note ☺ well",
        "userDefined": false
      }
    ],
    "isTemplate": false,
    "count": 0,
    "updated": 1528975783
  },
  {
    "id": "fcc05b19-51cb-4c89-8cd7-1b25d0a08146",
    "data": [
      {
        "text": "all the very best.",
        "userDefined": false
      }
    ],
    "isTemplate": false,
    "count": 0,
    "updated": 1528975783
  },
  {
    "id": "df0e12ee-b0c2-4ff3-90a6-3cc70243b612",
    "data": [
      {
        "text": "Good morning",
        "userDefined": false
      }
    ],
    "isTemplate": false,
    "count": 0,
    "updated": 1528975783
  },
  {
    "id": "fe5e865f-1b2e-43d2-a196-53380a9adc05",
    "data": [
      {
        "text": "Thank you for reaching out.",
        "userDefined": false
      }
    ],
    "isTemplate": false,
    "count": 5,
    "updated": 1528975783
  },
  {
    "id": "a239177f-5e29-4b57-b1ea-fa8b44c20110",
    "data": [
      {
        "text": "Thank you so much",
        "userDefined": false
      }
    ],
    "isTemplate": false,
    "count": 0,
    "updated": 1528975783
  },
  {
    "id": "a867f3bc-4fd6-4ce4-bb42-db30f9bb5f7a",
    "data": [
      {
        "text": "Hello Sir",
        "userDefined": false
      }
    ],
    "isTemplate": false,
    "count": 0,
    "updated": 1528975783
  },
  {
    "id": "d30420b5-0d65-45a4-944e-015265d1b5b4",
    "data": [
      {
        "text": "greeting",
        "userDefined": false
      }
    ],
    "isTemplate": false,
    "count": 0,
    "updated": 1528975783
  },
  {
    "id": "cd80e5de-3316-4f96-9fa2-d6650f0bfc5c",
    "data": [
      {
        "text": "hope you are doing great.",
        "userDefined": false
      }
    ],
    "isTemplate": false,
    "count": 2,
    "updated": 1528975783
  },
  {
    "id": "4df5309b-db39-4ea4-a3a2-39f08134516a",
    "data": [
      {
        "text": "With Gratitude",
        "userDefined": false
      }
    ],
    "isTemplate": false,
    "count": 0,
    "updated": 1528975783
  },
  {
    "id": "19313999-8bb8-4726-96aa-31e82afccd9b",
    "data": [
      {
        "text": "Thanks for writing in.",
        "userDefined": false
      }
    ],
    "isTemplate": false,
    "count": 0,
    "updated": 1528975783
  },
  {
    "id": "05a071a1-567c-4f85-bd9e-998868b0a95a",
    "data": [
      {
        "text": "Thanks for your email Tina.",
        "userDefined": false
      }
    ],
    "isTemplate": false,
    "count": 0,
    "updated": 1528975783
  },
  {
    "id": "e2df6e62-0423-4b02-bf98-caec29850d9b",
    "data": [
      {
        "text": "- Thanks",
        "userDefined": false
      }
    ],
    "isTemplate": false,
    "count": 0,
    "updated": 1528975783
  },
  {
    "id": "224a46ec-44d2-4346-b2a6-b18eac88afe0",
    "data": [
      {
        "text": "Regards",
        "userDefined": false
      }
    ],
    "isTemplate": false,
    "count": 27,
    "updated": 1528975783
  },
  {
    "id": "408c1800-de9c-4d8b-9adc-60d2a7caf170",
    "data": [
      {
        "text": "Hi Megan; thank you for contacting me.",
        "userDefined": false
      }
    ],
    "isTemplate": false,
    "count": 0,
    "updated": 1528975783
  },
  {
    "id": "69eadd0b-89fc-420f-93c0-252e54c4885e",
    "data": [
      {
        "text": "Thank you once again.",
        "userDefined": false
      }
    ],
    "isTemplate": false,
    "count": 0,
    "updated": 1528975783
  },
  {
    "id": "203e0292-b91f-4c74-ba8d-154b6fcd5a91",
    "data": [
      {
        "text": "Thank you all the same",
        "userDefined": false
      }
    ],
    "isTemplate": false,
    "count": 0,
    "updated": 1528975783
  },
  {
    "id": "f0805c99-25b2-4b97-beef-151870b34f02",
    "data": [
      {
        "text": "wish you success.",
        "userDefined": false
      }
    ],
    "isTemplate": false,
    "count": 0,
    "updated": 1528975783
  },
  {
    "id": "396ebd4c-f71c-4457-9390-4fe89995e1b3",
    "data": [
      {
        "text": "Dear Anushrut",
        "userDefined": false
      }
    ],
    "isTemplate": false,
    "count": 4,
    "updated": 1528975783
  },
  {
    "id": "89fab036-70b1-4fc2-9bb3-ab4f4b223986",
    "data": [
      {
        "text": "Thank-you",
        "userDefined": false
      }
    ],
    "isTemplate": false,
    "count": 2,
    "updated": 1528975783
  },
  {
    "id": "46027834-d1b4-4187-925e-38a69fd084f4",
    "data": [
      {
        "text": "Thanks for reaching out to me",
        "userDefined": false
      }
    ],
    "isTemplate": false,
    "count": 1,
    "updated": 1528975783
  },
  {
    "id": "dda6ef01-b69d-4667-a4ce-396906bafe75",
    "data": [
      {
        "text": "Have a nice day.",
        "userDefined": false
      }
    ],
    "isTemplate": false,
    "count": 0,
    "updated": 1528975783
  },
  {
    "id": "33859a93-2515-4c74-bad2-bc38017c5485",
    "data": [
      {
        "text": "Thank you for reaching out to me",
        "userDefined": false
      }
    ],
    "isTemplate": false,
    "count": 6,
    "updated": 1528975783
  },
  {
    "id": "2c8d7a12-232d-4d93-811b-7ae84aa76059",
    "data": [
      {
        "text": "have a great day.",
        "userDefined": false
      }
    ],
    "isTemplate": false,
    "count": 0,
    "updated": 1528975783
  },
  {
    "id": "2e6f6971-90a4-4f0b-a3f1-2a9970b4637e",
    "data": [
      {
        "text": "Thank you for the follow-up.",
        "userDefined": false
      }
    ],
    "isTemplate": false,
    "count": 4,
    "updated": 1528975783
  },
  {
    "id": "8316cf65-56c0-483c-9b63-763a019572df",
    "data": [
      {
        "text": "Thank you for your email.",
        "userDefined": false
      }
    ],
    "isTemplate": false,
    "count": 3,
    "updated": 1528975783
  },
  {
    "id": "d0de4e45-a70d-4f33-aaaa-8c8da8a30b4a",
    "data": [
      {
        "text": "All the best",
        "userDefined": false
      }
    ],
    "isTemplate": false,
    "count": 4,
    "updated": 1528975783
  },
  {
    "id": "6b13e883-bf46-4326-932e-2fe4de6af76a",
    "data": [
      {
        "text": "Thanks Adam",
        "userDefined": false
      }
    ],
    "isTemplate": false,
    "count": 2,
    "updated": 1528975783
  },
  {
    "id": "f0b97574-7683-4fa4-ad47-f45c136f28b5",
    "data": [
      {
        "text": "Thank you for your offer.",
        "userDefined": false
      }
    ],
    "isTemplate": false,
    "count": 2,
    "updated": 1528975783
  },
  {
    "id": "5b213de2-fbdb-454c-9ef8-33472cf707a6",
    "data": [
      {
        "text": "Hey!",
        "userDefined": false
      }
    ],
    "isTemplate": false,
    "count": 0,
    "updated": 1528975783
  },
  {
    "id": "9f4fc547-81ca-4e3e-ab00-c8a3ce640e2f",
    "data": [
      {
        "text": "Hello Megan I did attend the LA cyber security expo -SCRIBETIME-.",
        "userDefined": false
      }
    ],
    "isTemplate": false,
    "count": 1,
    "updated": 1528975783
  },
  {
    "id": "505c43bf-43d2-4adf-aace-634cfc8a36df",
    "data": [
      {
        "text": "thanks",
        "userDefined": false
      }
    ],
    "isTemplate": false,
    "count": 1,
    "updated": 1528975783
  },
  {
    "id": "08f823cc-7b7b-4abc-9e3c-d099e8d6efd9",
    "data": [
      {
        "text": "Regards Mukesh Mohanty HR Manager Chesa Dental Care Services Phone: -SCRIBEPHONE- Address: 51-52",
        "userDefined": false
      }
    ],
    "isTemplate": false,
    "count": 0,
    "updated": 1528975783
  },
  {
    "id": "158a7829-abbf-4d45-b94a-b83aa681f89a",
    "data": [
      {
        "text": "Thanks Mr. Tejus.",
        "userDefined": false
      }
    ],
    "isTemplate": false,
    "count": 0,
    "updated": 1528975783
  },
  {
    "id": "4eb5254b-6ccf-46cd-97b3-1638c965e443",
    "data": [
      {
        "text": "Hello Mr. Tejus",
        "userDefined": false
      }
    ],
    "isTemplate": false,
    "count": 0,
    "updated": 1528975783
  },
  {
    "id": "6202125f-09c2-4539-b8c9-e69c97189e94",
    "data": [
      {
        "text": "☺ - Regards",
        "userDefined": false
      }
    ],
    "isTemplate": false,
    "count": 1,
    "updated": 1528975783
  },
  {
    "id": "78c04ad9-791f-4115-9ecf-3c036a53caed",
    "data": [
      {
        "text": "thank you for contacting us.",
        "userDefined": false
      }
    ],
    "isTemplate": false,
    "count": 0,
    "updated": 1528975783
  },
  {
    "id": "1a08bd6a-995d-4a37-862c-f5684409917a",
    "data": [
      {
        "text": "Cheers",
        "userDefined": false
      }
    ],
    "isTemplate": false,
    "count": 0,
    "updated": 1528975783
  },
  {
    "id": "f0c6735f-59bf-417f-800a-9e93d11fa357",
    "data": [
      {
        "text": "Thanks!",
        "userDefined": false
      }
    ],
    "isTemplate": false,
    "count": 8,
    "updated": 1528975783
  },
  {
    "id": "ea183a90-17d6-467d-8740-2d9bd5cc1512",
    "data": [
      {
        "text": "Hi there",
        "userDefined": false
      }
    ],
    "isTemplate": false,
    "count": 1,
    "updated": 1528975783
  },
  {
    "id": "8ac5910b-b367-4037-b52a-b76957c6599e",
    "data": [
      {
        "text": "Thank You for emailing",
        "userDefined": false
      }
    ],
    "isTemplate": false,
    "count": 0,
    "updated": 1528975783
  },
  {
    "id": "2c6045e9-022a-4272-8825-7adccb2a13d8",
    "data": [
      {
        "text": "Glad you kept my on your radar.",
        "userDefined": false
      }
    ],
    "isTemplate": false,
    "count": 0,
    "updated": 1528975783
  },
  {
    "id": "07840f71-aa4e-4be4-912b-4d3df22ad3b8",
    "data": [
      {
        "text": "Dear Tina",
        "userDefined": false
      }
    ],
    "isTemplate": false,
    "count": 11,
    "updated": 1528975783
  },
  {
    "id": "3d094c8d-f87a-4941-bb6c-28710d17a084",
    "data": [
      {
        "text": "-SCRIBEPHONE- Thanks",
        "userDefined": false
      }
    ],
    "isTemplate": false,
    "count": 0,
    "updated": 1528975783
  },
  {
    "id": "57159f72-ed35-40a4-ab72-818c2120cf92",
    "data": [
      {
        "text": "Hello Mr. Shankar",
        "userDefined": false
      }
    ],
    "isTemplate": false,
    "count": 0,
    "updated": 1528975783
  },
  {
    "id": "a60a8ce4-f1bc-47f3-8f0e-99506070ce92",
    "data": [
      {
        "text": "Thanks for your proposal.",
        "userDefined": false
      }
    ],
    "isTemplate": false,
    "count": 0,
    "updated": 1528975783
  },
  {
    "id": "0e232dbe-b46c-4332-89a6-1644a327296e",
    "data": [
      {
        "text": "Dear Ms. Arora",
        "userDefined": false
      }
    ],
    "isTemplate": false,
    "count": 0,
    "updated": 1528975783
  },
  {
    "id": "ff18e2b2-58b1-460d-94db-d767a228ef11",
    "data": [
      {
        "text": "thanks Adam",
        "userDefined": false
      }
    ],
    "isTemplate": false,
    "count": 0,
    "updated": 1528975783
  },
  {
    "id": "6de4ac03-4409-4123-a50f-4a0e3e9685c7",
    "data": [
      {
        "text": "Thanks for contact me.",
        "userDefined": false
      }
    ],
    "isTemplate": false,
    "count": 0,
    "updated": 1528975783
  },
  {
    "id": "dd3e7d60-7179-454f-868b-f66f3b0508ab",
    "data": [
      {
        "text": "Thank you for emailing me.",
        "userDefined": false
      }
    ],
    "isTemplate": false,
    "count": 0,
    "updated": 1528975783
  },
  {
    "id": "df317dd3-0618-4ba4-8ee6-552396207ca7",
    "data": [
      {
        "text": "Thank you for reaching out to me.",
        "userDefined": false
      }
    ],
    "isTemplate": false,
    "count": 2,
    "updated": 1528975783
  },
  {
    "id": "ed6aee09-59d8-4074-b6cf-58a8a015fe0b",
    "data": [
      {
        "text": "thank you for the email regarding your software",
        "userDefined": false
      }
    ],
    "isTemplate": false,
    "count": 0,
    "updated": 1528975783
  },
  {
    "id": "dd94e9da-d28f-4008-8537-f5cbb43d13a3",
    "data": [
      {
        "text": "Hi Anushrut",
        "userDefined": false
      }
    ],
    "isTemplate": false,
    "count": 3,
    "updated": 1528975783
  },
  {
    "id": "d7e72026-a8ef-47c2-9515-793df3c5d084",
    "data": [
      {
        "text": "Sorry",
        "userDefined": false
      }
    ],
    "isTemplate": false,
    "count": 2,
    "updated": 1528975783
  },
  {
    "id": "9adc24ef-d068-4016-9767-7d9e30bba621",
    "data": [
      {
        "text": "Dear Tina Thanks",
        "userDefined": false
      }
    ],
    "isTemplate": false,
    "count": 0,
    "updated": 1528975783
  },
  {
    "id": "9b92145c-1756-4209-8d24-c2fcfb42db01",
    "data": [
      {
        "text": "Pooja V Thanks a lot.",
        "userDefined": false
      }
    ],
    "isTemplate": false,
    "count": 0,
    "updated": 1528975783
  },
  {
    "id": "17691f32-cfff-409a-974e-dd5a48062b5e",
    "data": [
      {
        "text": "Greetings from Pelorus Technologies Pvt.",
        "userDefined": false
      }
    ],
    "isTemplate": false,
    "count": 0,
    "updated": 1528975783
  },
  {
    "id": "99b7c31f-eb0e-4540-ad79-33e7c5e672ae",
    "data": [
      {
        "text": "Warm regards",
        "userDefined": false
      }
    ],
    "isTemplate": false,
    "count": 0,
    "updated": 1528975783
  },
  {
    "id": "687a2553-a1d9-4ba1-b5e6-cd8603e9ee89",
    "data": [
      {
        "text": "RegardsV BharathiPartnerNomus Comm SystemsHyderabad",
        "userDefined": false
      }
    ],
    "isTemplate": false,
    "count": 0,
    "updated": 1528975783
  },
  {
    "id": "15702fc7-d52c-4dcc-a04c-c93ca40f9253",
    "data": [
      {
        "text": "thank you for reaching out.",
        "userDefined": false
      }
    ],
    "isTemplate": false,
    "count": 0,
    "updated": 1528975783
  },
  {
    "id": "317e218f-6bf2-4837-ab5e-f9c898b639b3",
    "data": [
      {
        "text": "Hi Megan: Unfortunately",
        "userDefined": false
      }
    ],
    "isTemplate": false,
    "count": 0,
    "updated": 1528975783
  },
  {
    "id": "dc82f48f-5e33-47da-aeb7-51ff09417d86",
    "data": [
      {
        "text": "Thanks for your time",
        "userDefined": false
      }
    ],
    "isTemplate": false,
    "count": 0,
    "updated": 1528975783
  },
  {
    "id": "ccb59daf-7143-4277-9670-d116d4b2cfa9",
    "data": [
      {
        "text": "I apologize",
        "userDefined": false
      }
    ],
    "isTemplate": false,
    "count": 0,
    "updated": 1528975783
  },
  {
    "id": "d1ec4544-2959-40c4-ab23-7a6aceefb67a",
    "data": [
      {
        "text": "thank you for reaching out to me regarding these software you are wanting me to try -SCRIBETIME-",
        "userDefined": false
      }
    ],
    "isTemplate": false,
    "count": 0,
    "updated": 1528975783
  },
  {
    "id": "3e7e8916-957d-4a2e-b4f0-0c45ed513053",
    "data": [
      {
        "text": "Apologies",
        "userDefined": false
      }
    ],
    "isTemplate": false,
    "count": 0,
    "updated": 1528975783
  },
  {
    "id": "9b0aaf01-24e1-49fe-bced-ade51c837f55",
    "data": [
      {
        "text": "Dear Ms. Tina Arora",
        "userDefined": false
      }
    ],
    "isTemplate": false,
    "count": 0,
    "updated": 1528975783
  },
  {
    "id": "a7641f73-abf3-4705-adcd-dad52fc2d5c6",
    "data": [
      {
        "text": "Maj Gen Deepinder Singh.",
        "userDefined": false
      }
    ],
    "isTemplate": false,
    "count": 0,
    "updated": 1528975783
  },
  {
    "id": "22e02754-7ed1-4cfc-b85d-c1bc01818757",
    "data": [
      {
        "text": "- Best Regards",
        "userDefined": false
      }
    ],
    "isTemplate": false,
    "count": 0,
    "updated": 1528975783
  },
  {
    "id": "89123d53-1fe4-40d1-a841-85d82e3f5e72",
    "data": [
      {
        "text": "HI Tina",
        "userDefined": false
      }
    ],
    "isTemplate": false,
    "count": 0,
    "updated": 1528975783
  },
  {
    "id": "c8fd45f6-a1e2-479d-a9d4-91ce7d90f15d",
    "data": [
      {
        "text": "My sincere apologies for you having to wait for my response.",
        "userDefined": false
      }
    ],
    "isTemplate": false,
    "count": 0,
    "updated": 1528975783
  },
  {
    "id": "1664666f-72de-452b-9d3b-38d9092d9a4f",
    "data": [
      {
        "text": "Hello Mr. Bhavik",
        "userDefined": false
      }
    ],
    "isTemplate": false,
    "count": 0,
    "updated": 1528975783
  },
  {
    "id": "01cdb1e3-1542-4e56-baca-2be0972036d6",
    "data": [
      {
        "text": "Glad to be connected.",
        "userDefined": false
      }
    ],
    "isTemplate": false,
    "count": 1,
    "updated": 1528975783
  },
  {
    "id": "c40b1ef0-9eb5-4dbf-8b4e-50b503bea5d8",
    "data": [
      {
        "text": "Hi Tina Yes.",
        "userDefined": false
      }
    ],
    "isTemplate": false,
    "count": 0,
    "updated": 1528975783
  },
  {
    "id": "c3400b78-9725-4e68-ba3d-8b08a51a6cd8",
    "data": [
      {
        "text": "PPP ,Manager",
        "userDefined": false
      }
    ],
    "isTemplate": false,
    "count": 0,
    "updated": 1528975783
  },
  {
    "id": "52f97783-a742-437f-b2c5-7a9c861a2e8e",
    "data": [
      {
        "text": "Thank you for the offer",
        "userDefined": false
      }
    ],
    "isTemplate": false,
    "count": 0,
    "updated": 1528975783
  },
  {
    "id": "12961a15-8a50-4591-9010-7817a52b9c73",
    "data": [
      {
        "text": "We appreciate your reaching out.",
        "userDefined": false
      }
    ],
    "isTemplate": false,
    "count": 0,
    "updated": 1528975783
  },
  {
    "id": "3ff7f6d5-1caa-48a4-9bf2-dd07128a9ac1",
    "data": [
      {
        "text": "Thanks for getting in touch",
        "userDefined": false
      }
    ],
    "isTemplate": false,
    "count": 0,
    "updated": 1528975783
  },
  {
    "id": "1694693d-cb75-45cb-b813-5dd26dcfdb3c",
    "data": [
      {
        "text": "Sorry for the inconvenience.",
        "userDefined": false
      }
    ],
    "isTemplate": false,
    "count": 0,
    "updated": 1528975783
  },
  {
    "id": "fc4a96e1-8668-4be3-962f-6385f0d83052",
    "data": [
      {
        "text": "Thanks for reaching out to us.",
        "userDefined": false
      }
    ],
    "isTemplate": false,
    "count": 1,
    "updated": 1528975783
  },
  {
    "id": "e48587f0-5d85-4be8-ae80-b3d902b1754c",
    "data": [
      {
        "text": "Many Thanks Adam.",
        "userDefined": false
      }
    ],
    "isTemplate": false,
    "count": 0,
    "updated": 1528975783
  },
  {
    "id": "bade5b93-ae04-42db-9425-b29eadeb3ea7",
    "data": [
      {
        "text": "Thank you for contacting me",
        "userDefined": false
      }
    ],
    "isTemplate": false,
    "count": 1,
    "updated": 1528975783
  },
  {
    "id": "103653d2-ecb0-46e9-afd9-d7f49653de75",
    "data": [
      {
        "text": "sorry.",
        "userDefined": false
      }
    ],
    "isTemplate": false,
    "count": 0,
    "updated": 1528975783
  },
  {
    "id": "d8df869b-0895-4376-8d36-aa036361e070",
    "data": [
      {
        "text": "Thank you kindly",
        "userDefined": false
      }
    ],
    "isTemplate": false,
    "count": 0,
    "updated": 1528975783
  },
  {
    "id": "664514dc-19d5-45a9-add3-134c9368f64d",
    "data": [
      {
        "text": "Yours truly",
        "userDefined": false
      }
    ],
    "isTemplate": false,
    "count": 0,
    "updated": 1528975783
  },
  {
    "id": "2489b320-eb3b-453e-a680-eb946ad5c906",
    "data": [
      {
        "text": "thank you for your patience",
        "userDefined": false
      }
    ],
    "isTemplate": false,
    "count": 0,
    "updated": 1528975783
  },
  {
    "id": "410e84c2-1594-471c-bfac-49fa4e7da584",
    "data": [
      {
        "text": "Thanks for contacting us.",
        "userDefined": false
      }
    ],
    "isTemplate": false,
    "count": 0,
    "updated": 1528975783
  },
  {
    "id": "20aaae85-428f-415a-a316-97cad102e400",
    "data": [
      {
        "text": "I appreciate the offer Megan.",
        "userDefined": false
      }
    ],
    "isTemplate": false,
    "count": 0,
    "updated": 1528975783
  },
  {
    "id": "5964b547-7d45-40dc-9c02-d9aac760ed84",
    "data": [
      {
        "text": "Thank you for sending over the information about your software",
        "userDefined": false
      }
    ],
    "isTemplate": false,
    "count": 0,
    "updated": 1528975783
  },
  {
    "id": "eca188bd-e02e-4076-baff-55448eba1f7c",
    "data": [
      {
        "text": "Cheers!",
        "userDefined": false
      }
    ],
    "isTemplate": false,
    "count": 0,
    "updated": 1528975783
  },
  {
    "id": "e3aee0d1-210c-4c00-8328-7d7b12215e7e",
    "data": [
      {
        "text": "With respect to your below mail",
        "userDefined": false
      }
    ],
    "isTemplate": false,
    "count": 0,
    "updated": 1528975783
  },
  {
    "id": "69d8ade1-5479-409b-bb45-7bee3e6c08be",
    "data": [
      {
        "text": "Thanks for giving us the opportunity to see your work.",
        "userDefined": false
      }
    ],
    "isTemplate": false,
    "count": 0,
    "updated": 1528975783
  },
  {
    "id": "98d83c33-3d49-4257-85d8-d0b4beb9183e",
    "data": [
      {
        "text": "thank you for reaching out to me in regards to the software you are wanting me to try -SCRIBETIME-",
        "userDefined": false
      }
    ],
    "isTemplate": false,
    "count": 0,
    "updated": 1528975783
  },
  {
    "id": "a69349c3-d41c-4498-8d40-692014c0f476",
    "data": [
      {
        "text": "It is appreciated.",
        "userDefined": false
      }
    ],
    "isTemplate": false,
    "count": 0,
    "updated": 1528975783
  },
  {
    "id": "bade15bf-034f-4e18-8396-c6be4c6cf667",
    "data": [
      {
        "text": "I appreciate you reaching out.",
        "userDefined": false
      }
    ],
    "isTemplate": false,
    "count": 0,
    "updated": 1528975783
  },
  {
    "id": "6ac147d7-124f-4219-a5d3-f14c7621e49b",
    "data": [
      {
        "text": "Dear Tina Arora",
        "userDefined": false
      }
    ],
    "isTemplate": false,
    "count": 0,
    "updated": 1528975783
  },
  {
    "id": "288f13ee-2300-449e-bf61-6ed29af3f3df",
    "data": [
      {
        "text": "Megan it is nice of you to contact me",
        "userDefined": false
      }
    ],
    "isTemplate": false,
    "count": 0,
    "updated": 1528975783
  },
  {
    "id": "65f55ad3-2c14-4a73-9156-29e00654f962",
    "data": [
      {
        "text": "I appreciate your inquiry",
        "userDefined": false
      }
    ],
    "isTemplate": false,
    "count": 0,
    "updated": 1528975783
  },
  {
    "id": "19230549-79f8-4e68-84ba-3650fda50626",
    "data": [
      {
        "text": "Thank you for continuing to try",
        "userDefined": false
      }
    ],
    "isTemplate": false,
    "count": 0,
    "updated": 1528975783
  },
  {
    "id": "2f366e94-1be9-4da6-a764-71f586619356",
    "data": [
      {
        "text": "So sorry to waste your time.",
        "userDefined": false
      }
    ],
    "isTemplate": false,
    "count": 0,
    "updated": 1528975783
  },
  {
    "id": "a488fb8b-d1da-43b2-9a7c-5feeaa1da8f3",
    "data": [
      {
        "text": "Thank you!",
        "userDefined": false
      }
    ],
    "isTemplate": false,
    "count": 0,
    "updated": 1528975783
  },
  {
    "id": "7e0d4f42-2c51-41be-9243-ddd84b963223",
    "data": [
      {
        "text": "Hello Megan I did attend the LA cyber security expo -SCRIBETIME-",
        "userDefined": false
      }
    ],
    "isTemplate": false,
    "count": 0,
    "updated": 1528975783
  },
  {
    "id": "14ee59f8-754c-4083-aa46-1fa10af6f508",
    "data": [
      {
        "text": "Many Thanks for your email.",
        "userDefined": false
      }
    ],
    "isTemplate": false,
    "count": 0,
    "updated": 1528975783
  },
  {
    "id": "8924636b-e9e8-4a99-8e63-ae4f2ec95cf7",
    "data": [
      {
        "text": "please.",
        "userDefined": false
      }
    ],
    "isTemplate": false,
    "count": 0,
    "updated": 1528975783
  },
  {
    "id": "61206532-784e-4f90-a12f-922e4c300ef4",
    "data": [
      {
        "text": "Hello Mr. Nitin",
        "userDefined": false
      }
    ],
    "isTemplate": false,
    "count": 0,
    "updated": 1528975783
  },
  {
    "id": "1f2087a1-72dd-477f-83ce-27a6158c571c",
    "data": [
      {
        "text": "Hello M",
        "userDefined": false
      }
    ],
    "isTemplate": false,
    "count": 0,
    "updated": 1528975783
  },
  {
    "id": "c2be4f75-57b4-465f-bb82-125182eaf09f",
    "data": [
      {
        "text": "Thank you for reaching out",
        "userDefined": false
      }
    ],
    "isTemplate": false,
    "count": 3,
    "updated": 1528975783
  },
  {
    "id": "a149b6a6-a1d1-417a-b7a3-106ca57f2c99",
    "data": [
      {
        "text": "Hi Megan:",
        "userDefined": false
      }
    ],
    "isTemplate": false,
    "count": 0,
    "updated": 1528975783
  },
  {
    "id": "e576f5d3-3e2a-41e0-ba0d-9446a7501bb7",
    "data": [
      {
        "text": "Dear Megan",
        "userDefined": false
      }
    ],
    "isTemplate": false,
    "count": 0,
    "updated": 1528975783
  },
  {
    "id": "073fc0f8-0e6b-4a1f-bde3-afef5a684a66",
    "data": [
      {
        "text": "Hi!",
        "userDefined": false
      }
    ],
    "isTemplate": false,
    "count": 0,
    "updated": 1528975783
  },
  {
    "id": "694ea7b3-868b-409e-bb62-5fbb315f9935",
    "data": [
      {
        "text": "Thank you in advance!",
        "userDefined": false
      }
    ],
    "isTemplate": false,
    "count": 0,
    "updated": 1528975783
  },
  {
    "id": "b977ee17-1afc-43fd-a737-4a9ab98f7f8f",
    "data": [
      {
        "text": "Hello Mega",
        "userDefined": false
      }
    ],
    "isTemplate": false,
    "count": 1,
    "updated": 1528975783
  },
  {
    "id": "2d370bde-9101-43a8-9145-e5f352838db9",
    "data": [
      {
        "text": "Greetings",
        "userDefined": false
      }
    ],
    "isTemplate": false,
    "count": 1,
    "updated": 1528975783
  },
  {
    "id": "1bb98adc-4df5-4d1c-833f-d83ce9e32880",
    "data": [
      {
        "text": "Thank you so much for your time",
        "userDefined": false
      }
    ],
    "isTemplate": false,
    "count": 0,
    "updated": 1528975783
  },
  {
    "id": "b0292ff8-91b1-4178-8d95-c75f74e0e355",
    "data": [
      {
        "text": "Hi Tina I am really sorry for the delay in reply.",
        "userDefined": false
      }
    ],
    "isTemplate": false,
    "count": 0,
    "updated": 1528975783
  },
  {
    "id": "c450529d-a6b6-4510-877b-1ec1045e716d",
    "data": [
      {
        "text": "Thanks for your mail",
        "userDefined": false
      }
    ],
    "isTemplate": false,
    "count": 0,
    "updated": 1528975783
  },
  {
    "id": "fcdd454b-5eb9-4ea1-a8d1-a4082b2dd62b",
    "data": [
      {
        "text": "Hi Thanks for reaching out",
        "userDefined": false
      }
    ],
    "isTemplate": false,
    "count": 0,
    "updated": 1528975783
  },
  {
    "id": "62374c02-173d-43f8-822f-c9b9290fdda6",
    "data": [
      {
        "text": "Hello Mr. Anand",
        "userDefined": false
      }
    ],
    "isTemplate": false,
    "count": 0,
    "updated": 1528975783
  },
  {
    "id": "7987b4a2-bfe5-4a1d-8601-a93d1100b8f3",
    "data": [
      {
        "text": "I hope you had a great -SCRIBETIME-.",
        "userDefined": false
      }
    ],
    "isTemplate": false,
    "count": 0,
    "updated": 1528975783
  },
  {
    "id": "da3cb074-063c-4807-87ca-ee5bbee7ba4d",
    "data": [
      {
        "text": "Thank you for reaching out to be",
        "userDefined": false
      }
    ],
    "isTemplate": false,
    "count": 0,
    "updated": 1528975783
  },
  {
    "id": "36416190-a65f-4fcd-bb73-9e00998fbb0a",
    "data": [
      {
        "text": "Thank you Megan.",
        "userDefined": false
      }
    ],
    "isTemplate": false,
    "count": 2,
    "updated": 1528975783
  },
  {
    "id": "647be8ec-00c9-4f84-a203-cb5d1aa58b6f",
    "data": [
      {
        "text": "I appreciate the email.",
        "userDefined": false
      }
    ],
    "isTemplate": false,
    "count": 0,
    "updated": 1528975783
  },
  {
    "id": "7dc2372a-7ad5-4642-bb00-2a53172687f1",
    "data": [
      {
        "text": "Hello Mr. Bipradas",
        "userDefined": false
      }
    ],
    "isTemplate": false,
    "count": 0,
    "updated": 1528975783
  },
  {
    "id": "e9f64d72-0a88-4b1c-9260-975681ceaaf7",
    "data": [
      {
        "text": "Hello Tina Arora",
        "userDefined": false
      }
    ],
    "isTemplate": false,
    "count": 0,
    "updated": 1528975783
  },
  {
    "id": "c78130b2-ab8b-4524-b5a1-2fbd3dd6d97e",
    "data": [
      {
        "text": "Thank you for contacting me;",
        "userDefined": false
      }
    ],
    "isTemplate": false,
    "count": 0,
    "updated": 1528975783
  },
  {
    "id": "ce28cd45-faac-4931-ac75-71a581b71c31",
    "data": [
      {
        "text": "Please feel free",
        "userDefined": false
      }
    ],
    "isTemplate": false,
    "count": 0,
    "updated": 1528975783
  },
  {
    "id": "f500117d-d5ef-4485-80dd-ffb1b517ef3e",
    "data": [
      {
        "text": "Dear Madam",
        "userDefined": false
      }
    ],
    "isTemplate": false,
    "count": 0,
    "updated": 1528975783
  },
  {
    "id": "eb2a109c-6009-4c00-bc1a-6faa812a53ad",
    "data": [
      {
        "text": "Hello Team",
        "userDefined": false
      }
    ],
    "isTemplate": false,
    "count": 0,
    "updated": 1528975783
  },
  {
    "id": "8f5d3916-e429-4b14-b0e0-568e9c8a2ac5",
    "data": [
      {
        "text": "Hello Shiv",
        "userDefined": false
      }
    ],
    "isTemplate": false,
    "count": 0,
    "updated": 1528975783
  },
  {
    "id": "81a73fa3-d5a7-437e-b285-91af255b8fd9",
    "data": [
      {
        "text": "sorry about the time lapse in a return email.",
        "userDefined": false
      }
    ],
    "isTemplate": false,
    "count": 0,
    "updated": 1528975783
  },
  {
    "id": "87a06182-fd4b-4601-8c30-8b18ae66138b",
    "data": [
      {
        "text": "I am available: Monday 4pm-5pm Tuesday 9am-11am Wednesday 10am-11am Thursday 3pm-4pm Let me know which time works best for you.",
        "userDefined": false
      }
    ],
    "isTemplate": false,
    "count": 0,
    "updated": 1528975783
  },
  {
    "id": "d181f7b8-7a18-48c5-b99e-8dbddbb79e75",
    "data": [
      {
        "text": "Have a great day.",
        "userDefined": false
      }
    ],
    "isTemplate": false,
    "count": 0,
    "updated": 1528975783
  },
  {
    "id": "2b11ae54-0c77-4d54-a7e7-319257dc66ee",
    "data": [
      {
        "text": "thank you for reaching out to me -SCRIBETIME-",
        "userDefined": false
      }
    ],
    "isTemplate": false,
    "count": 0,
    "updated": 1528975783
  },
  {
    "id": "108bb6b4-b0d4-4ed9-9456-8189de694d82",
    "data": [
      {
        "text": "Hi Megan - apologies",
        "userDefined": false
      }
    ],
    "isTemplate": false,
    "count": 0,
    "updated": 1528975783
  },
  {
    "id": "531ce02a-50f0-428f-915f-b36a09a8ac21",
    "data": [
      {
        "text": "Please accept my deepest apologies for not being available on the calls.",
        "userDefined": false
      }
    ],
    "isTemplate": false,
    "count": 0,
    "updated": 1528975783
  },
  {
    "id": "d281e200-9ef3-4ca7-bf89-09d91514364d",
    "data": [
      {
        "text": "Thanks Megan.",
        "userDefined": false
      }
    ],
    "isTemplate": false,
    "count": 2,
    "updated": 1528975783
  },
  {
    "id": "9e04fef8-df83-4350-b4ac-c995b71741c0",
    "data": [
      {
        "text": "Thank you Adam Filmaker",
        "userDefined": false
      }
    ],
    "isTemplate": false,
    "count": 0,
    "updated": 1528975783
  },
  {
    "id": "3a293153-c25c-4f8b-8452-63200bc63672",
    "data": [
      {
        "text": "thank you.",
        "userDefined": false
      }
    ],
    "isTemplate": false,
    "count": 0,
    "updated": 1528975783
  },
  {
    "id": "d6731f06-afa0-46fa-93a9-4555867722a2",
    "data": [
      {
        "text": "Hi Rutika",
        "userDefined": false
      }
    ],
    "isTemplate": false,
    "count": 7,
    "updated": 1528975783
  },
  {
    "id": "492f408f-e5f3-4651-bb5a-fb68c1cf5cae",
    "data": [
      {
        "text": "Hope all is well at YC!",
        "userDefined": false
      }
    ],
    "isTemplate": false,
    "count": 0,
    "updated": 1528975783
  },
  {
    "id": "28beba79-ad7d-4c47-9620-3aa762c4085d",
    "data": [
      {
        "text": "Thanks for your email.",
        "userDefined": false
      }
    ],
    "isTemplate": false,
    "count": 1,
    "updated": 1528975783
  },
  {
    "id": "dae8a746-2e2b-4b07-89d8-ef4029bd262b",
    "data": [
      {
        "text": "Thank you Regards Adam",
        "userDefined": false
      }
    ],
    "isTemplate": false,
    "count": 1,
    "updated": 1528975783
  },
  {
    "id": "f720c56e-e0d9-44ab-8971-33a7e8a36c0d",
    "data": [
      {
        "text": "Many thanks for getting in touch",
        "userDefined": false
      }
    ],
    "isTemplate": false,
    "count": 0,
    "updated": 1528975783
  },
  {
    "id": "7716652a-1ebc-47bb-a7ba-7bbbfecb1f1e",
    "data": [
      {
        "text": "sorry",
        "userDefined": false
      }
    ],
    "isTemplate": false,
    "count": 0,
    "updated": 1528975783
  },
  {
    "id": "6db30e82-41ca-4461-b143-041c45419562",
    "data": [
      {
        "text": "Thank you for your offer",
        "userDefined": false
      }
    ],
    "isTemplate": false,
    "count": 3,
    "updated": 1528975783
  },
  {
    "id": "80ca5a90-e088-4675-937b-aac8d267528f",
    "data": [
      {
        "text": "I appreciate your communication with us",
        "userDefined": false
      }
    ],
    "isTemplate": false,
    "count": 0,
    "updated": 1528975783
  },
  {
    "id": "2feaf2e1-2ff0-4ed0-ab8e-53e620c1a1fc",
    "data": [
      {
        "text": "Have a great day",
        "userDefined": false
      }
    ],
    "isTemplate": false,
    "count": 0,
    "updated": 1528975783
  },
  {
    "id": "9adabd07-e129-4dd6-9eb2-a8cfbaca5ce1",
    "data": [
      {
        "text": "Hey Rutika",
        "userDefined": false
      }
    ],
    "isTemplate": false,
    "count": 2,
    "updated": 1528975783
  },
  {
    "id": "43df94f9-8d3c-45eb-942e-d983e81f1f5a",
    "data": [
      {
        "text": "Thank you so much for reaching me out.",
        "userDefined": false
      }
    ],
    "isTemplate": false,
    "count": 0,
    "updated": 1528975783
  },
  {
    "id": "e991b996-4fc6-4d19-8af8-3ff9297e26b5",
    "data": [
      {
        "text": "thanks for reaching out.",
        "userDefined": false
      }
    ],
    "isTemplate": false,
    "count": 1,
    "updated": 1528975783
  },
  {
    "id": "dca23457-8bad-46fc-a0db-cedd3cbebc61",
    "data": [
      {
        "text": "Thanks for reaching out!",
        "userDefined": false
      }
    ],
    "isTemplate": false,
    "count": 0,
    "updated": 1528975783
  },
  {
    "id": "acd4d08f-82f4-48f8-b3f2-cc3c2b2ba1bf",
    "data": [
      {
        "text": "I appreciate you reaching out to me",
        "userDefined": false
      }
    ],
    "isTemplate": false,
    "count": 0,
    "updated": 1528975783
  },
  {
    "id": "386ae28b-94bb-4a79-a4cf-7fbfa22dbbf9",
    "data": [
      {
        "text": "Hello.",
        "userDefined": false
      }
    ],
    "isTemplate": false,
    "count": 3,
    "updated": 1528975783
  },
  {
    "id": "45c5963d-62fc-40ec-913e-8ba8150157ce",
    "data": [
      {
        "text": "Thank you for the email.",
        "userDefined": false
      }
    ],
    "isTemplate": false,
    "count": 0,
    "updated": 1528975783
  },
  {
    "id": "503e083b-73ae-4181-a621-61fe7cb15a58",
    "data": [
      {
        "text": "Best of luck to you.",
        "userDefined": false
      }
    ],
    "isTemplate": false,
    "count": 0,
    "updated": 1528975783
  },
  {
    "id": "aef7866e-7d7d-47e9-90b8-254fd587db5d",
    "data": [
      {
        "text": "Thank you for reaching out for me",
        "userDefined": false
      }
    ],
    "isTemplate": false,
    "count": 0,
    "updated": 1528975783
  },
  {
    "id": "0b779325-6b39-45db-8aea-a7cdaabe598f",
    "data": [
      {
        "text": "Megan - Thanks for the inquiry",
        "userDefined": false
      }
    ],
    "isTemplate": false,
    "count": 0,
    "updated": 1528975783
  },
  {
    "id": "b6935849-4c2d-4c42-b81d-5180fe4c1642",
    "data": [
      {
        "text": "Tnx",
        "userDefined": false
      }
    ],
    "isTemplate": false,
    "count": 0,
    "updated": 1528975783
  },
  {
    "id": "5fab59b5-19de-4ba8-81ff-3dc4ee42d0fe",
    "data": [
      {
        "text": "Congrats on the progress with the company - looks like you are doing some interesting stuff!",
        "userDefined": false
      }
    ],
    "isTemplate": false,
    "count": 0,
    "updated": 1528975783
  },
  {
    "id": "24104bc0-f318-4832-93b0-2539ad614dff",
    "data": [
      {
        "text": "Good luck!",
        "userDefined": false
      }
    ],
    "isTemplate": false,
    "count": 0,
    "updated": 1528975783
  },
  {
    "id": "b203bed2-3b0e-430c-baeb-45a2594d3b98",
    "data": [
      {
        "text": "Sorry I missed this earlier.",
        "userDefined": false
      }
    ],
    "isTemplate": false,
    "count": 0,
    "updated": 1528975783
  },
  {
    "id": "3b41d1c9-1916-496d-884b-b152fdbb18dd",
    "data": [
      {
        "text": "Thanks for your note",
        "userDefined": false
      }
    ],
    "isTemplate": false,
    "count": 0,
    "updated": 1528975783
  },
  {
    "id": "d3c4f745-2921-4ba5-a9b8-34828a6f1e84",
    "data": [
      {
        "text": "Thank you Adam",
        "userDefined": false
      }
    ],
    "isTemplate": false,
    "count": 0,
    "updated": 1528975783
  },
  {
    "id": "87fa89f3-f98f-4c5f-b236-8f598544761e",
    "data": [
      {
        "text": "Appreciate the follow up.",
        "userDefined": false
      }
    ],
    "isTemplate": false,
    "count": 0,
    "updated": 1528975783
  },
  {
    "id": "d5835efb-7569-4f6d-9a34-4f9c000dd793",
    "data": [
      {
        "text": "I apologize for the false leads",
        "userDefined": false
      }
    ],
    "isTemplate": false,
    "count": 0,
    "updated": 1528975783
  },
  {
    "id": "e2632d04-afb5-4c5e-a308-e6e476cddaeb",
    "data": [
      {
        "text": "Thank you muchly",
        "userDefined": false
      }
    ],
    "isTemplate": false,
    "count": 0,
    "updated": 1528975783
  },
  {
    "id": "4920299d-78f2-4b4c-af78-dcfde4757889",
    "data": [
      {
        "text": "Thanks for reaching out Megan",
        "userDefined": false
      }
    ],
    "isTemplate": false,
    "count": 0,
    "updated": 1528975783
  },
  {
    "id": "a27d8225-7638-4249-9453-382ab1dff552",
    "data": [
      {
        "text": "Thank you for the information",
        "userDefined": false
      }
    ],
    "isTemplate": false,
    "count": 0,
    "updated": 1528975783
  },
  {
    "id": "08b618a6-cd37-439d-ba09-d372412964b9",
    "data": [
      {
        "text": "\u003e Hi Anna",
        "userDefined": false
      }
    ],
    "isTemplate": false,
    "count": 0,
    "updated": 1528975783
  },
  {
    "id": "20e0644c-c523-467b-80ab-4021abe35758",
    "data": [
      {
        "text": "Thanks Ruchika.",
        "userDefined": false
      }
    ],
    "isTemplate": false,
    "count": 0,
    "updated": 1528975783
  },
  {
    "id": "466e20cb-be3e-40cb-b1a6-dfbc73d4c4af",
    "data": [
      {
        "text": "Thanks Mike (to BCC) Great to meet you Rutika",
        "userDefined": false
      }
    ],
    "isTemplate": false,
    "count": 0,
    "updated": 1528975783
  },
  {
    "id": "48bfbd25-5071-4949-a318-cf4ee28868b0",
    "data": [
      {
        "text": "Great chatting with you -SCRIBETIME-.",
        "userDefined": false
      }
    ],
    "isTemplate": false,
    "count": 0,
    "updated": 1528975783
  },
  {
    "id": "0d642036-9a5a-454a-a943-b441e021b80a",
    "data": [
      {
        "text": "Thank you very much.",
        "userDefined": false
      }
    ],
    "isTemplate": false,
    "count": 1,
    "updated": 1528975783
  },
  {
    "id": "d85564e9-31b8-42e8-93e0-046c778207cd",
    "data": [
      {
        "text": "Dear Megan: Thank you for contacting me",
        "userDefined": false
      }
    ],
    "isTemplate": false,
    "count": 0,
    "updated": 1528975783
  },
  {
    "id": "7b1d07c7-e320-4c23-bba0-ac77bf257394",
    "data": [
      {
        "text": "Thanks again.",
        "userDefined": false
      }
    ],
    "isTemplate": false,
    "count": 1,
    "updated": 1528975783
  },
  {
    "id": "d6e073fe-9263-4941-bf11-1b76fe524403",
    "data": [
      {
        "text": "Thanks for the note.",
        "userDefined": false
      }
    ],
    "isTemplate": false,
    "count": 0,
    "updated": 1528975783
  },
  {
    "id": "6880010d-971f-40d6-ad65-404c064bed06",
    "data": [
      {
        "text": "-SCRIBETIME- -SCRIBETIME- Unavailable -SCRIBETIME- Thank you Adam",
        "userDefined": false
      }
    ],
    "isTemplate": false,
    "count": 0,
    "updated": 1528975783
  },
  {
    "id": "ba4c449f-5039-4cb4-8404-db64a9d9683c",
    "data": [
      {
        "text": "Thank you for contacting me.",
        "userDefined": false
      }
    ],
    "isTemplate": false,
    "count": 1,
    "updated": 1528975783
  },
  {
    "id": "99c3d7cc-3d9d-467e-bcff-dea12140524f",
    "data": [
      {
        "text": "Best Adam",
        "userDefined": false
      }
    ],
    "isTemplate": false,
    "count": 0,
    "updated": 1528975783
  },
  {
    "id": "e3874d16-a813-43c1-b755-e968130a88e2",
    "data": [
      {
        "text": "any time -SCRIBETIME- Thanks!",
        "userDefined": false
      }
    ],
    "isTemplate": false,
    "count": 0,
    "updated": 1528975783
  },
  {
    "id": "0ceef533-3308-4f8b-85ca-bd2db6607cd3",
    "data": [
      {
        "text": "Thanks for contacting me.",
        "userDefined": false
      }
    ],
    "isTemplate": false,
    "count": 0,
    "updated": 1528975783
  },
  {
    "id": "aa664e05-0c35-4a0a-ba24-4166cdae56e8",
    "data": [
      {
        "text": "kind regards Adam",
        "userDefined": false
      }
    ],
    "isTemplate": false,
    "count": 0,
    "updated": 1528975783
  },
  {
    "id": "2f0f972a-fd29-40bc-aa39-982a99539434",
    "data": [
      {
        "text": "Thanks anyway.",
        "userDefined": false
      }
    ],
    "isTemplate": false,
    "count": 0,
    "updated": 1528975783
  },
  {
    "id": "3ac47c0c-24ca-46bc-8f95-dca59d029040",
    "data": [
      {
        "text": "Thank You for contacting me.",
        "userDefined": false
      }
    ],
    "isTemplate": false,
    "count": 0,
    "updated": 1528975783
  },
  {
    "id": "9cb40f8c-a6de-4752-b2ba-cf6c332d5e6b",
    "data": [
      {
        "text": "Many thanks",
        "userDefined": false
      }
    ],
    "isTemplate": false,
    "count": 1,
    "updated": 1528975783
  },
  {
    "id": "43e47b25-ecf8-4052-b1ac-884b2d31b98b",
    "data": [
      {
        "text": "Thank you for getting in touch.",
        "userDefined": false
      }
    ],
    "isTemplate": false,
    "count": 0,
    "updated": 1528975783
  },
  {
    "id": "94eae163-184f-4e1a-a7ff-2006583c03b7",
    "data": [
      {
        "text": "thank you",
        "userDefined": false
      }
    ],
    "isTemplate": false,
    "count": 0,
    "updated": 1528975783
  },
  {
    "id": "84c8a5bc-dbcc-4f03-8f49-dfa92bfe33c6",
    "data": [
      {
        "text": "Thanks for following up.",
        "userDefined": false
      }
    ],
    "isTemplate": false,
    "count": 0,
    "updated": 1528975783
  },
  {
    "id": "99eae5bc-75e7-49ef-80fe-38de51999458",
    "data": [
      {
        "text": "Thanks for your message",
        "userDefined": false
      }
    ],
    "isTemplate": false,
    "count": 0,
    "updated": 1528975783
  },
  {
    "id": "cd712bef-579a-4c59-a991-c02ce77b3630",
    "data": [
      {
        "text": "Good day Megan",
        "userDefined": false
      }
    ],
    "isTemplate": false,
    "count": 0,
    "updated": 1528975783
  },
  {
    "id": "e191ff31-d2b5-4f95-8ac4-0a624503c9bc",
    "data": [
      {
        "text": "Thank you for your inquiry",
        "userDefined": false
      }
    ],
    "isTemplate": false,
    "count": 0,
    "updated": 1528975783
  },
  {
    "id": "5f0812f3-f4c1-426e-bf6e-10e22ff8f8ae",
    "data": [
      {
        "text": "Thank you for responding.",
        "userDefined": false
      }
    ],
    "isTemplate": false,
    "count": 0,
    "updated": 1528975783
  },
  {
    "id": "3054997a-f725-4b48-8eb7-21bd3c2aef11",
    "data": [
      {
        "text": "Regards.",
        "userDefined": false
      }
    ],
    "isTemplate": false,
    "count": 0,
    "updated": 1528975783
  },
  {
    "id": "46cecc08-25e0-48f4-9df9-007c0a35fc9d",
    "data": [
      {
        "text": "appreciate you reaching out.",
        "userDefined": false
      }
    ],
    "isTemplate": false,
    "count": 0,
    "updated": 1528975783
  },
  {
    "id": "9d25323c-c6ff-4252-983a-9e878f7cb858",
    "data": [
      {
        "text": "Hi Megan- Thank you for your response.",
        "userDefined": false
      }
    ],
    "isTemplate": false,
    "count": 0,
    "updated": 1528975783
  },
  {
    "id": "660d4e31-3c64-4c04-813a-9f54a2310fbb",
    "data": [
      {
        "text": "Thank you for the offer for discussion",
        "userDefined": false
      }
    ],
    "isTemplate": false,
    "count": 0,
    "updated": 1528975783
  },
  {
    "id": "814580c2-2b58-4045-b530-f2c3c53987f1",
    "data": [
      {
        "text": "thank you again for the opportunity.",
        "userDefined": false
      }
    ],
    "isTemplate": false,
    "count": 0,
    "updated": 1528975783
  },
  {
    "id": "5fd88d4a-a5e5-4fc0-b4a3-feb8a86e4bc0",
    "data": [
      {
        "text": "Thank you for the email",
        "userDefined": false
      }
    ],
    "isTemplate": false,
    "count": 0,
    "updated": 1528975783
  },
  {
    "id": "74372ec2-7135-4365-9198-1f80a10bbc80",
    "data": [
      {
        "text": "Thanks for reaching out to me.",
        "userDefined": false
      }
    ],
    "isTemplate": false,
    "count": 1,
    "updated": 1528975783
  },
  {
    "id": "419460bd-7573-487f-afa1-6a1e42358301",
    "data": [
      {
        "text": "I appreciate the follow up",
        "userDefined": false
      }
    ],
    "isTemplate": false,
    "count": 0,
    "updated": 1528975783
  },
  {
    "id": "6a357f89-4471-4705-971b-f48c36e2f180",
    "data": [
      {
        "text": "Hi Megan Thank you for getting back to me",
        "userDefined": false
      }
    ],
    "isTemplate": false,
    "count": 0,
    "updated": 1528975783
  },
  {
    "id": "a91bb8fa-eb22-478f-a927-4f21b0b4a039",
    "data": [
      {
        "text": "kind regards",
        "userDefined": false
      }
    ],
    "isTemplate": false,
    "count": 0,
    "updated": 1528975783
  },
  {
    "id": "92fb9170-987c-4fb5-860f-2b6d43275f2d",
    "data": [
      {
        "text": "Regards Adam",
        "userDefined": false
      }
    ],
    "isTemplate": false,
    "count": 1,
    "updated": 1528975783
  },
  {
    "id": "9cfd19af-19e4-419a-904e-7e9efea97ddc",
    "data": [
      {
        "text": "thank you for your help",
        "userDefined": false
      }
    ],
    "isTemplate": false,
    "count": 0,
    "updated": 1528975783
  },
  {
    "id": "392c4c5c-2886-4ce7-bea0-6180ecac72e2",
    "data": [
      {
        "text": "I am sorry",
        "userDefined": false
      }
    ],
    "isTemplate": false,
    "count": 0,
    "updated": 1528975783
  },
  {
    "id": "6ca61c46-9ae1-4520-b2de-b2cf7e10abbb",
    "data": [
      {
        "text": "Thanks for the response",
        "userDefined": false
      }
    ],
    "isTemplate": false,
    "count": 1,
    "updated": 1528975783
  },
  {
    "id": "ee19bdb6-0c44-462a-928e-8c5243705cba",
    "data": [
      {
        "text": "Thank you for your efforts",
        "userDefined": false
      }
    ],
    "isTemplate": false,
    "count": 0,
    "updated": 1528975783
  },
  {
    "id": "7e684494-223f-43b3-a262-f2f21ae461ea",
    "data": [
      {
        "text": "Dear Ms Megan",
        "userDefined": false
      }
    ],
    "isTemplate": false,
    "count": 0,
    "updated": 1528975783
  },
  {
    "id": "d2908413-59d0-49d4-9bc8-18db584ce8c4",
    "data": [
      {
        "text": "Hope you are doing well!",
        "userDefined": false
      }
    ],
    "isTemplate": false,
    "count": 0,
    "updated": 1528975783
  },
  {
    "id": "a4379a4e-78f0-4ddc-aacc-5748964c75d7",
    "data": [
      {
        "text": "Thank you for your help thus far",
        "userDefined": false
      }
    ],
    "isTemplate": false,
    "count": 0,
    "updated": 1528975783
  },
  {
    "id": "f8da1332-e9b4-4ee9-8cfd-634ba7328b28",
    "data": [
      {
        "text": "Good day.",
        "userDefined": false
      }
    ],
    "isTemplate": false,
    "count": 0,
    "updated": 1528975783
  },
  {
    "id": "d28b4651-ada8-47cf-88ad-c7804c2d5e5b",
    "data": [
      {
        "text": "Thanks for your patience",
        "userDefined": false
      }
    ],
    "isTemplate": false,
    "count": 0,
    "updated": 1528975783
  },
  {
    "id": "723d02d0-7e0e-4e59-8078-7fe58ded7664",
    "data": [
      {
        "text": "Thanks for letting me know more about your product",
        "userDefined": false
      }
    ],
    "isTemplate": false,
    "count": 0,
    "updated": 1528975783
  },
  {
    "id": "3ecc52ea-5ed3-4408-9d29-930d174f7ba4",
    "data": [
      {
        "text": "Thanks Nurzhan",
        "userDefined": false
      }
    ],
    "isTemplate": false,
    "count": 0,
    "updated": 1528975783
  },
  {
    "id": "7d0c70d2-944c-49fb-a67a-9ff37f72ea43",
    "data": [
      {
        "text": "Hi Artyom",
        "userDefined": false
      }
    ],
    "isTemplate": false,
    "count": 0,
    "updated": 1528975783
  }
]