[
  {
    "id": "6db9cba4-088e-44be-859b-bc47e145d5d3",
    "data": [
      {
        "text": "we use internal tools",
        "userDefined": false
      }
    ],
    "isTemplate": false,
    "count": 1,
    "updated": 1528975783
  },
  {
    "id": "bab42a31-209d-495f-b080-a1cf9b21e4b2",
    "data": [
      {
        "text": "We have other tools in place -SCRIBETIME-.",
        "userDefined": false
      }
    ],
    "isTemplate": false,
    "count": 1,
    "updated": 1528975783
  },
  {
    "id": "7c979d83-ccb9-4fbc-99d4-5758110b13dd",
    "data": [
      {
        "text": "I am ok for everything",
        "userDefined": false
      }
    ],
    "isTemplate": false,
    "count": 0,
    "updated": 1528975783
  },
  {
    "id": "2e1d94f8-1751-48b0-8e9f-de2a0834c12e",
    "data": [
      {
        "text": "Our software needs have been met.",
        "userDefined": false
      }
    ],
    "isTemplate": false,
    "count": 0,
    "updated": 1528975783
  },
  {
    "id": "39996465-cbc8-4d6e-9e82-6a63365ae650",
    "data": [
      {
        "text": "We currently have our own AI credit underwriting models",
        "userDefined": false
      }
    ],
    "isTemplate": false,
    "count": 0,
    "updated": 1528975783
  },
  {
    "id": "40bad2a8-69d5-4185-bb80-4b9d4234a9c9",
    "data": [
      {
        "text": "It is too similar to one I currently use.",
        "userDefined": false
      }
    ],
    "isTemplate": false,
    "count": 0,
    "updated": 1528975783
  },
  {
    "id": "e97a9f2b-0b7a-464c-a0c8-13289710c31f",
    "data": [
      {
        "text": "I am extremely sorry that I do not want to try it I am just happy with the software I have",
        "userDefined": false
      }
    ],
    "isTemplate": false,
    "count": 0,
    "updated": 1528975783
  },
  {
    "id": "602cbdfc-4629-4e36-a123-2e77c2011ded",
    "data": [
      {
        "text": "I am satisfied with the cybersecurity software I am currently using",
        "userDefined": false
      }
    ],
    "isTemplate": false,
    "count": 0,
    "updated": 1528975783
  },
  {
    "id": "c7c96fc1-62a9-4072-8993-cbde7c50e103",
    "data": [
      {
        "text": "My current software is working well for me",
        "userDefined": false
      }
    ],
    "isTemplate": false,
    "count": 0,
    "updated": 1528975783
  },
  {
    "id": "a1263256-95d5-4dba-b94c-d1668a2d126c",
    "data": [
      {
        "text": "however I think i am all set for -SCRIBETIME-.",
        "userDefined": false
      }
    ],
    "isTemplate": false,
    "count": 0,
    "updated": 1528975783
  },
  {
    "id": "2dd18bcf-c6bb-4e12-a1f6-173eb7db4a68",
    "data": [
      {
        "text": "quite happy with the solution.",
        "userDefined": false
      }
    ],
    "isTemplate": false,
    "count": 0,
    "updated": 1528975783
  },
  {
    "id": "1e1ead35-4dda-4d42-ac2e-b68113b1f589",
    "data": [
      {
        "text": "We are already using happay card for the same activity.",
        "userDefined": false
      }
    ],
    "isTemplate": false,
    "count": 0,
    "updated": 1528975783
  },
  {
    "id": "91929476-300f-4878-a7b2-945617f324f6",
    "data": [
      {
        "text": "These take care of our needs adequately.",
        "userDefined": false
      }
    ],
    "isTemplate": false,
    "count": 0,
    "updated": 1528975783
  },
  {
    "id": "10bd3f83-2928-44de-be13-5919c116eacc",
    "data": [
      {
        "text": "Our In-house Tech team is catering to the Organisations requirements in this respect.",
        "userDefined": false
      }
    ],
    "isTemplate": false,
    "count": 0,
    "updated": 1528975783
  },
  {
    "id": "86f1e07f-9f5a-4b9d-b427-537acc35c6ef",
    "data": [
      {
        "text": "were are all set",
        "userDefined": false
      }
    ],
    "isTemplate": false,
    "count": 0,
    "updated": 1528975783
  },
  {
    "id": "87734010-cd0c-42c4-a748-2c62bc03f451",
    "data": [
      {
        "text": "We also have customised apps for our Medical Reps on the field.",
        "userDefined": false
      }
    ],
    "isTemplate": false,
    "count": 0,
    "updated": 1528975783
  },
  {
    "id": "3b64b945-c0e2-43fe-8ccf-63126ed27009",
    "data": [
      {
        "text": "We already have everything automated",
        "userDefined": false
      }
    ],
    "isTemplate": false,
    "count": 0,
    "updated": 1528975783
  },
  {
    "id": "45a815a0-0143-4c75-84de-5e414c9eb772",
    "data": [
      {
        "text": "We have already using technology",
        "userDefined": false
      }
    ],
    "isTemplate": false,
    "count": 0,
    "updated": 1528975783
  },
  {
    "id": "bb7cfe30-49bf-4f5f-99c5-e049a87eb3e8",
    "data": [
      {
        "text": "we have systems in order in our company.",
        "userDefined": false
      }
    ],
    "isTemplate": false,
    "count": 0,
    "updated": 1528975783
  },
  {
    "id": "1076de01-f16a-403a-99bf-7abf3fee19e8",
    "data": [
      {
        "text": "We are already using some solutions for the cases mentioned by you.",
        "userDefined": false
      }
    ],
    "isTemplate": false,
    "count": 0,
    "updated": 1528975783
  },
  {
    "id": "16869be4-1b02-40e4-83f1-b35d043e9e3b",
    "data": [
      {
        "text": "my current software is working well for me as of -SCRIBETIME-.",
        "userDefined": false
      }
    ],
    "isTemplate": false,
    "count": 0,
    "updated": 1528975783
  },
  {
    "id": "1fc4d443-1adc-4be9-99b4-c73f66d6a640",
    "data": [
      {
        "text": "We already have globally requisitioned software for these tasks so would not be requiring this.",
        "userDefined": false
      }
    ],
    "isTemplate": false,
    "count": 0,
    "updated": 1528975783
  },
  {
    "id": "230a5cda-0c2f-4de2-a77f-7a16b8952245",
    "data": [
      {
        "text": "We already have a system in place for the same.",
        "userDefined": false
      }
    ],
    "isTemplate": false,
    "count": 0,
    "updated": 1528975783
  },
  {
    "id": "c7ce888f-336a-4697-b3cf-0cc866b1902e",
    "data": [
      {
        "text": "we have an ERP system in place to handle all these issues",
        "userDefined": false
      }
    ],
    "isTemplate": false,
    "count": 0,
    "updated": 1528975783
  },
  {
    "id": "1c955284-1279-49ec-9377-b1febd2f21a9",
    "data": [
      {
        "text": "Kindly note we might not be keen on this product as we have an internal ERP.",
        "userDefined": false
      }
    ],
    "isTemplate": false,
    "count": 0,
    "updated": 1528975783
  },
  {
    "id": "80860dc5-3df6-4563-8b21-5f000ef6cd14",
    "data": [
      {
        "text": "Hi Tina Our existing ERP takes care of this.",
        "userDefined": false
      }
    ],
    "isTemplate": false,
    "count": 0,
    "updated": 1528975783
  },
  {
    "id": "3c33291a-6fad-4af1-8d4c-deb07bb11201",
    "data": [
      {
        "text": "we have our own product",
        "userDefined": false
      }
    ],
    "isTemplate": false,
    "count": 0,
    "updated": 1528975783
  },
  {
    "id": "63ee9576-70f7-4fd4-8deb-43065c0d68c9",
    "data": [
      {
        "text": ",",
        "userDefined": false
      }
    ],
    "isTemplate": false,
    "count": 0,
    "updated": 1528975783
  },
  {
    "id": "79c73695-2427-4052-ba92-51f5515fc2ac",
    "data": [
      {
        "text": "we are fine with the software we currently use.",
        "userDefined": false
      }
    ],
    "isTemplate": false,
    "count": 0,
    "updated": 1528975783
  },
  {
    "id": "fc4668ed-a72d-4ad0-94b8-df956f30b8b1",
    "data": [
      {
        "text": "This is probably due to the fact that we already have internal systems in place for all the items you mentioned.",
        "userDefined": false
      }
    ],
    "isTemplate": false,
    "count": 0,
    "updated": 1528975783
  },
  {
    "id": "19104619-0a43-4898-980b-9bf837c8d9cc",
    "data": [
      {
        "text": "we are comfortable with our current software solutions.",
        "userDefined": false
      }
    ],
    "isTemplate": false,
    "count": 0,
    "updated": 1528975783
  },
  {
    "id": "88f2d49c-ca00-4165-be5e-0f7debbf865a",
    "data": [
      {
        "text": "We are currently happy with our existing solutions at our company.",
        "userDefined": false
      }
    ],
    "isTemplate": false,
    "count": 0,
    "updated": 1528975783
  },
  {
    "id": "17cc971c-e637-4d9f-b4f9-0962cf4d0a6d",
    "data": [
      {
        "text": "our current solution is still functioning to",
        "userDefined": false
      }
    ],
    "isTemplate": false,
    "count": 0,
    "updated": 1528975783
  },
  {
    "id": "e1887da4-5dd8-4250-9204-c74cbdbe2384",
    "data": [
      {
        "text": "i am currently happy with my existing solution.",
        "userDefined": false
      }
    ],
    "isTemplate": false,
    "count": 0,
    "updated": 1528975783
  },
  {
    "id": "0052ff63-e122-4a57-8828-36b09f287fca",
    "data": [
      {
        "text": "My current solution is all I ever need",
        "userDefined": false
      }
    ],
    "isTemplate": false,
    "count": 0,
    "updated": 1528975783
  },
  {
    "id": "ed0057a3-9e19-47b8-99f0-300be756ae47",
    "data": [
      {
        "text": "I am already using a software",
        "userDefined": false
      }
    ],
    "isTemplate": false,
    "count": 0,
    "updated": 1528975783
  },
  {
    "id": "ae9236f3-d7e6-412c-997f-16a5fa4aa3a0",
    "data": [
      {
        "text": "I am happy with the solutions I already have in this purpose.",
        "userDefined": false
      }
    ],
    "isTemplate": false,
    "count": 0,
    "updated": 1528975783
  },
  {
    "id": "a705932c-135b-416b-973b-288649e75d67",
    "data": [
      {
        "text": "This software that we use is enough Megan",
        "userDefined": false
      }
    ],
    "isTemplate": false,
    "count": 0,
    "updated": 1528975783
  },
  {
    "id": "5a03b7c3-05e5-47df-a31b-3f4952045706",
    "data": [
      {
        "text": "Megan I have already got software that does this job so I do not think I can use your product",
        "userDefined": false
      }
    ],
    "isTemplate": false,
    "count": 0,
    "updated": 1528975783
  },
  {
    "id": "f4f97f55-dc79-4f8d-80a1-7b85319b26f8",
    "data": [
      {
        "text": "Our company is satisfied with our current vendor",
        "userDefined": false
      }
    ],
    "isTemplate": false,
    "count": 0,
    "updated": 1528975783
  },
  {
    "id": "43832f96-e989-4558-959a-5ca10e13a1a2",
    "data": [
      {
        "text": "i am happy with my actual settings.",
        "userDefined": false
      }
    ],
    "isTemplate": false,
    "count": 0,
    "updated": 1528975783
  },
  {
    "id": "04094221-2a73-4e7f-951b-035e4656d440",
    "data": [
      {
        "text": "-SCRIBETIME- we are happy with what we already have.",
        "userDefined": false
      }
    ],
    "isTemplate": false,
    "count": 0,
    "updated": 1528975783
  },
  {
    "id": "9ca874b6-5d8b-4183-aa5b-34323a3afea3",
    "data": [
      {
        "text": "I am happy with my current software so I am not interested in buying your software.",
        "userDefined": false
      }
    ],
    "isTemplate": false,
    "count": 0,
    "updated": 1528975783
  },
  {
    "id": "41bbdca5-caa7-4394-8c26-8fa44e66c88c",
    "data": [
      {
        "text": "We are satisfied.",
        "userDefined": false
      }
    ],
    "isTemplate": false,
    "count": 0,
    "updated": 1528975783
  },
  {
    "id": "ccaad45a-9b48-419b-b52b-5d2ef6efcc74",
    "data": [
      {
        "text": "our current software solutions are satisfactory",
        "userDefined": false
      }
    ],
    "isTemplate": false,
    "count": 0,
    "updated": 1528975783
  },
  {
    "id": "213785f5-9195-43ac-81e5-992b5cf075fd",
    "data": [
      {
        "text": "i am happy of my solutions",
        "userDefined": false
      }
    ],
    "isTemplate": false,
    "count": 0,
    "updated": 1528975783
  },
  {
    "id": "6ecd1b82-f929-4bd3-8e10-bca705d4087b",
    "data": [
      {
        "text": "Actually i am happy with my existing software",
        "userDefined": false
      }
    ],
    "isTemplate": false,
    "count": 0,
    "updated": 1528975783
  },
  {
    "id": "1dce0f6d-16b4-4927-91ad-06261de3c3e5",
    "data": [
      {
        "text": "I am currently happy with the solutions I have at the moment",
        "userDefined": false
      }
    ],
    "isTemplate": false,
    "count": 0,
    "updated": 1528975783
  },
  {
    "id": "a85dd8e1-5c7c-44b6-b17c-a0379ea16774",
    "data": [
      {
        "text": "Our existing solution meets our current needs.",
        "userDefined": false
      }
    ],
    "isTemplate": false,
    "count": 0,
    "updated": 1528975783
  },
  {
    "id": "f6df1238-8855-4b7a-bf94-e8fa20ee2b63",
    "data": [
      {
        "text": "I think we have found a mutually beneficial solution",
        "userDefined": false
      }
    ],
    "isTemplate": false,
    "count": 0,
    "updated": 1528975783
  },
  {
    "id": "a9ae0ffa-633e-4594-ae43-da6f8a17e419",
    "data": [
      {
        "text": "We are happy with our existing security solutions.",
        "userDefined": false
      }
    ],
    "isTemplate": false,
    "count": 0,
    "updated": 1528975783
  },
  {
    "id": "a4bb48c3-d0ed-44cb-b770-8c2d589475b1",
    "data": [
      {
        "text": "we are happy with our existing systems.",
        "userDefined": false
      }
    ],
    "isTemplate": false,
    "count": 0,
    "updated": 1528975783
  },
  {
    "id": "74d521d9-3ebd-4f7d-9c87-90c817bcb7a0",
    "data": [
      {
        "text": "We already have an Internal System for the same",
        "userDefined": false
      }
    ],
    "isTemplate": false,
    "count": 0,
    "updated": 1528975783
  },
  {
    "id": "eb8866f3-d380-43f4-83f6-4c3a7d363596",
    "data": [
      {
        "text": "I am very happy with my solutions",
        "userDefined": false
      }
    ],
    "isTemplate": false,
    "count": 0,
    "updated": 1528975783
  },
  {
    "id": "01ac6bd9-7af7-40e2-91f1-0d116de2f82f",
    "data": [
      {
        "text": "We are very satisfied with our current vendor",
        "userDefined": false
      }
    ],
    "isTemplate": false,
    "count": 0,
    "updated": 1528975783
  },
  {
    "id": "8d3a5832-d6a4-4274-90e2-b5a55b2296a4",
    "data": [
      {
        "text": "We already have existing software that does this",
        "userDefined": false
      }
    ],
    "isTemplate": false,
    "count": 0,
    "updated": 1528975783
  },
  {
    "id": "439b3844-839e-475b-8f3d-ea3be548c0e9",
    "data": [
      {
        "text": "We are already having the same features on our CRM",
        "userDefined": false
      }
    ],
    "isTemplate": false,
    "count": 0,
    "updated": 1528975783
  },
  {
    "id": "cb5ff2e1-db18-4ed7-9239-2117ce93552d",
    "data": [
      {
        "text": "we are happy with that.",
        "userDefined": false
      }
    ],
    "isTemplate": false,
    "count": 0,
    "updated": 1528975783
  },
  {
    "id": "18d40a43-76d8-45e3-9475-f72ebc287893",
    "data": [
      {
        "text": "I think i have all the information I need.",
        "userDefined": false
      }
    ],
    "isTemplate": false,
    "count": 0,
    "updated": 1528975783
  },
  {
    "id": "ebc91c4b-9d47-4dd4-8899-5fe06e350d6c",
    "data": [
      {
        "text": "our company already has the most up-to-date cyber security software -SCRIBETIME-",
        "userDefined": false
      }
    ],
    "isTemplate": false,
    "count": 0,
    "updated": 1528975783
  },
  {
    "id": "f5add817-c49b-4c4e-bdd3-593bdecb30a2",
    "data": [
      {
        "text": "So far I found all I need",
        "userDefined": false
      }
    ],
    "isTemplate": false,
    "count": 0,
    "updated": 1528975783
  },
  {
    "id": "689d7f09-7025-400e-a546-7c3298b45361",
    "data": [
      {
        "text": "I got what I needed",
        "userDefined": false
      }
    ],
    "isTemplate": false,
    "count": 0,
    "updated": 1528975783
  },
  {
    "id": "d2b7cf6a-a469-47f0-8c38-579d6902ccc3",
    "data": [
      {
        "text": "I have already purchased software from another vendor.",
        "userDefined": false
      }
    ],
    "isTemplate": false,
    "count": 0,
    "updated": 1528975783
  },
  {
    "id": "83aa3d09-57e0-4fe7-93d5-78c9bc3d9eee",
    "data": [
      {
        "text": "I found another product that accomplished the same thing.",
        "userDefined": false
      }
    ],
    "isTemplate": false,
    "count": 0,
    "updated": 1528975783
  },
  {
    "id": "7c41b963-5ac3-40a5-b01b-d1091e6596e2",
    "data": [
      {
        "text": "I got a better offer elsewhere.",
        "userDefined": false
      }
    ],
    "isTemplate": false,
    "count": 0,
    "updated": 1528975783
  },
  {
    "id": "33a37348-da7d-4cb8-bb56-be205eb591d6",
    "data": [
      {
        "text": "Our software is up to date",
        "userDefined": false
      }
    ],
    "isTemplate": false,
    "count": 0,
    "updated": 1528975783
  },
  {
    "id": "29930462-48cc-4acb-89c3-e44bda88eeef",
    "data": [
      {
        "text": "I was able to find something at the expo",
        "userDefined": false
      }
    ],
    "isTemplate": false,
    "count": 0,
    "updated": 1528975783
  },
  {
    "id": "edd520b6-3bf4-46b6-9700-141563f139c6",
    "data": [
      {
        "text": "currently we have another software we are using",
        "userDefined": false
      }
    ],
    "isTemplate": false,
    "count": 0,
    "updated": 1528975783
  },
  {
    "id": "81ba5a2d-999b-4beb-af41-5bc45307560e",
    "data": [
      {
        "text": "I currently have a good reliable cybersecurity software that I am satisfied with.",
        "userDefined": false
      }
    ],
    "isTemplate": false,
    "count": 0,
    "updated": 1528975783
  },
  {
    "id": "d06ba329-ab4f-4223-8f9e-2fc5618ac8f8",
    "data": [
      {
        "text": "I have already decided to go with another cybersecurity software",
        "userDefined": false
      }
    ],
    "isTemplate": false,
    "count": 0,
    "updated": 1528975783
  },
  {
    "id": "401bfc41-aa0b-49ad-b1de-ee3e59b747af",
    "data": [
      {
        "text": "I am extremely satisfied with the current software I have",
        "userDefined": false
      }
    ],
    "isTemplate": false,
    "count": 0,
    "updated": 1528975783
  },
  {
    "id": "35e77e8a-9c7b-427c-b30e-d736edd48a22",
    "data": [
      {
        "text": "I am happy with my existing software",
        "userDefined": false
      }
    ],
    "isTemplate": false,
    "count": 0,
    "updated": 1528975783
  },
  {
    "id": "a039ab22-842f-4eec-8069-7161293889d8",
    "data": [
      {
        "text": "i am happy with my current software solutions.",
        "userDefined": false
      }
    ],
    "isTemplate": false,
    "count": 0,
    "updated": 1528975783
  },
  {
    "id": "94ef230c-e10c-49d5-be76-c997c86c4a79",
    "data": [
      {
        "text": "What I have been using has been solid so far",
        "userDefined": false
      }
    ],
    "isTemplate": false,
    "count": 0,
    "updated": 1528975783
  },
  {
    "id": "39f959a3-351d-49f4-a3a4-d8e37d97aa59",
    "data": [
      {
        "text": "I like my current setup.",
        "userDefined": false
      }
    ],
    "isTemplate": false,
    "count": 0,
    "updated": 1528975783
  },
  {
    "id": "a652a4bd-05df-4330-90fd-7f379e726cb5",
    "data": [
      {
        "text": "Am satisfied with the solutions i have -SCRIBETIME- please.",
        "userDefined": false
      }
    ],
    "isTemplate": false,
    "count": 0,
    "updated": 1528975783
  },
  {
    "id": "0a9cf4d6-0abd-47ec-afdd-8ee7551e8ee7",
    "data": [
      {
        "text": "I am currently very satisfied with my existing solution",
        "userDefined": false
      }
    ],
    "isTemplate": false,
    "count": 0,
    "updated": 1528975783
  },
  {
    "id": "297db942-efdd-4ac4-be03-4eed98d01026",
    "data": [
      {
        "text": "This email is to let you know that I am happy with my current software provider.",
        "userDefined": false
      }
    ],
    "isTemplate": false,
    "count": 0,
    "updated": 1528975783
  },
  {
    "id": "f40bba79-3b16-4851-abbf-3dffefd4644c",
    "data": [
      {
        "text": "we are happy with our existing software",
        "userDefined": false
      }
    ],
    "isTemplate": false,
    "count": 1,
    "updated": 1528975783
  },
  {
    "id": "6189a368-8d2a-4c75-a972-83df88fa2d07",
    "data": [
      {
        "text": "are not looking to switch -SCRIBETIME-.",
        "userDefined": false
      }
    ],
    "isTemplate": false,
    "count": 0,
    "updated": 1528975783
  },
  {
    "id": "990c6e24-9d2c-4978-a882-4ffdd4255c46",
    "data": [
      {
        "text": "I am happy with the solutions we currently have in place.",
        "userDefined": false
      }
    ],
    "isTemplate": false,
    "count": 0,
    "updated": 1528975783
  },
  {
    "id": "85069089-786d-4ab0-932d-5d9d10df3992",
    "data": [
      {
        "text": "We are currently very pleased with the software",
        "userDefined": false
      }
    ],
    "isTemplate": false,
    "count": 0,
    "updated": 1528975783
  },
  {
    "id": "f0c0391f-60bd-404e-8a39-fb42d225e358",
    "data": [
      {
        "text": "it is providing us with all the solutions for our present needs.",
        "userDefined": false
      }
    ],
    "isTemplate": false,
    "count": 0,
    "updated": 1528975783
  },
  {
    "id": "ce596a1f-0b58-46da-aa6c-25b7772e9f89",
    "data": [
      {
        "text": "I currently have this other software",
        "userDefined": false
      }
    ],
    "isTemplate": false,
    "count": 0,
    "updated": 1528975783
  },
  {
    "id": "be091af4-e353-4a98-a6b9-759c1bae79fb",
    "data": [
      {
        "text": "am happy with it",
        "userDefined": false
      }
    ],
    "isTemplate": false,
    "count": 0,
    "updated": 1528975783
  },
  {
    "id": "2c019cfe-820e-433c-9015-a99a69bc2a8f",
    "data": [
      {
        "text": "my company is currently satisfied with our existing solutions",
        "userDefined": false
      }
    ],
    "isTemplate": false,
    "count": 0,
    "updated": 1528975783
  },
  {
    "id": "1db884fb-01ed-430d-b21d-ca995421d4bb",
    "data": [
      {
        "text": "see no need to switch.",
        "userDefined": false
      }
    ],
    "isTemplate": false,
    "count": 0,
    "updated": 1528975783
  },
  {
    "id": "b319b8f6-24a9-4654-a06a-9606d80d215f",
    "data": [
      {
        "text": "Our company is happy with our existing solutions",
        "userDefined": false
      }
    ],
    "isTemplate": false,
    "count": 0,
    "updated": 1528975783
  },
  {
    "id": "5195d116-7f20-4e3a-a009-fa3f90230696",
    "data": [
      {
        "text": "do not see a need any changes.",
        "userDefined": false
      }
    ],
    "isTemplate": false,
    "count": 0,
    "updated": 1528975783
  },
  {
    "id": "478757ad-3335-4bf0-8a12-ea342a7f8324",
    "data": [
      {
        "text": "I am content with our existing solutions.",
        "userDefined": false
      }
    ],
    "isTemplate": false,
    "count": 0,
    "updated": 1528975783
  },
  {
    "id": "e44924e1-670b-4126-bb01-7bbc888914a9",
    "data": [
      {
        "text": "THANKS FOR ALL THE INFORMATION ABOUT YOUR SOFTWARE THAT YOU OFFER AFTER ALOT OF THINKING I BELIEVE WHAT WE HAVE -SCRIBETIME- IS DOING THE JOB THAT WE NEED",
        "userDefined": false
      }
    ],
    "isTemplate": false,
    "count": 0,
    "updated": 1528975783
  },
  {
    "id": "9ac67c9c-5957-4210-ad28-94cde9efe946",
    "data": [
      {
        "text": "i am happy with our existing solutions",
        "userDefined": false
      }
    ],
    "isTemplate": false,
    "count": 0,
    "updated": 1528975783
  },
  {
    "id": "fdf1c977-7bcb-481d-885a-4539ae34f673",
    "data": [
      {
        "text": "i am happy with the software suite we are currently running",
        "userDefined": false
      }
    ],
    "isTemplate": false,
    "count": 0,
    "updated": 1528975783
  },
  {
    "id": "60c79bd2-85a3-4784-8722-42c9570f90ca",
    "data": [
      {
        "text": "We are happy with our current software",
        "userDefined": false
      }
    ],
    "isTemplate": false,
    "count": 0,
    "updated": 1528975783
  },
  {
    "id": "3124233e-e8e4-4cba-99c5-d8c709ebce99",
    "data": [
      {
        "text": "our current software is working really well for us",
        "userDefined": false
      }
    ],
    "isTemplate": false,
    "count": 0,
    "updated": 1528975783
  },
  {
    "id": "726e5311-1295-475f-b19f-6bd67c4e59bd",
    "data": [
      {
        "text": "we do not want to make a change.",
        "userDefined": false
      }
    ],
    "isTemplate": false,
    "count": 0,
    "updated": 1528975783
  },
  {
    "id": "83df9abc-ab17-4e9e-8cf6-aee63fa1b7ec",
    "data": [
      {
        "text": "Megan We are currently satisfied with our current system thank you",
        "userDefined": false
      }
    ],
    "isTemplate": false,
    "count": 0,
    "updated": 1528975783
  },
  {
    "id": "8e1ef9c9-7914-4a5c-9ae3-fdc7fe12943d",
    "data": [
      {
        "text": "I feel that the solutions we have fill our needs",
        "userDefined": false
      }
    ],
    "isTemplate": false,
    "count": 0,
    "updated": 1528975783
  },
  {
    "id": "fae1d4be-541b-4edf-a8c3-e442d4a20166",
    "data": [
      {
        "text": "I am happy with my existing solutions so I have no interest in discussing any new software.",
        "userDefined": false
      }
    ],
    "isTemplate": false,
    "count": 0,
    "updated": 1528975783
  },
  {
    "id": "2c52303f-fd63-46c6-aec1-6b00d37129d6",
    "data": [
      {
        "text": "Megan - we already have software in place that meets our needs",
        "userDefined": false
      }
    ],
    "isTemplate": false,
    "count": 0,
    "updated": 1528975783
  },
  {
    "id": "9bd5c08d-0fc2-490c-81a9-03397422c533",
    "data": [
      {
        "text": "We are happy with our existing security software.",
        "userDefined": false
      }
    ],
    "isTemplate": false,
    "count": 0,
    "updated": 1528975783
  },
  {
    "id": "6727deac-7f1c-43d9-878a-3344b73037da",
    "data": [
      {
        "text": "Megan - We are very pleased -SCRIBETIME- with our current security solution.",
        "userDefined": false
      }
    ],
    "isTemplate": false,
    "count": 0,
    "updated": 1528975783
  },
  {
    "id": "09ef835b-89ad-42bf-9f2c-4395708ddada",
    "data": [
      {
        "text": "I am happy with the solutions that are in place.",
        "userDefined": false
      }
    ],
    "isTemplate": false,
    "count": 0,
    "updated": 1528975783
  },
  {
    "id": "94b3bde3-50fc-4e87-98fb-eb5bbbb4b92c",
    "data": [
      {
        "text": "we are not looking for a new solution",
        "userDefined": false
      }
    ],
    "isTemplate": false,
    "count": 1,
    "updated": 1528975783
  },
  {
    "id": "ebf58036-817d-4df3-a301-247cb610b38c",
    "data": [
      {
        "text": "i am happy with my solutions.",
        "userDefined": false
      }
    ],
    "isTemplate": false,
    "count": 0,
    "updated": 1528975783
  },
  {
    "id": "62416adb-b466-42d8-9841-e91961c71b97",
    "data": [
      {
        "text": "We are currently happy with existing solutions we -SCRIBETIME- have in place.",
        "userDefined": false
      }
    ],
    "isTemplate": false,
    "count": 0,
    "updated": 1528975783
  },
  {
    "id": "a94d7c11-7a13-4682-94f6-61665fdbe18e",
    "data": [
      {
        "text": "I actually am very happy with the current software I have.",
        "userDefined": false
      }
    ],
    "isTemplate": false,
    "count": 0,
    "updated": 1528975783
  },
  {
    "id": "32b14230-1449-43c1-841a-c5ec2c9f52c0",
    "data": [
      {
        "text": "Hi Megan Currently I am happy with my existing solutions",
        "userDefined": false
      }
    ],
    "isTemplate": false,
    "count": 0,
    "updated": 1528975783
  },
  {
    "id": "919de58a-146b-4a4e-8e16-afc15d3461b4",
    "data": [
      {
        "text": "I am actually using another solution at the moment",
        "userDefined": false
      }
    ],
    "isTemplate": false,
    "count": 0,
    "updated": 1528975783
  },
  {
    "id": "87cfde46-ddf2-46b9-a562-56cf52c949ee",
    "data": [
      {
        "text": "I am quite satisfied with my security software",
        "userDefined": false
      }
    ],
    "isTemplate": false,
    "count": 0,
    "updated": 1528975783
  },
  {
    "id": "e21af3f8-a3a2-4651-90f4-abc8b980a2f4",
    "data": [
      {
        "text": "I have everything I need at the moment.",
        "userDefined": false
      }
    ],
    "isTemplate": false,
    "count": 0,
    "updated": 1528975783
  },
  {
    "id": "9c534116-11d8-48e7-a7df-954b605c14b3",
    "data": [
      {
        "text": "we are happy with our existing solutions.",
        "userDefined": false
      }
    ],
    "isTemplate": false,
    "count": 1,
    "updated": 1528975783
  },
  {
    "id": "84180835-2ede-468a-9bea-b44417425d60",
    "data": [
      {
        "text": "that is doing just fine for the moment.",
        "userDefined": false
      }
    ],
    "isTemplate": false,
    "count": 1,
    "updated": 1528975783
  },
  {
    "id": "19feab7d-c4e5-47a0-ba46-45110ebdfa8d",
    "data": [
      {
        "text": "We are happy with what we are doing with Statsbot -SCRIBETIME-",
        "userDefined": false
      }
    ],
    "isTemplate": false,
    "count": 1,
    "updated": 1528975783
  },
  {
    "id": "d0202f3c-a668-42f5-8ab6-d5ca59b00a83",
    "data": [
      {
        "text": "I am happy with our existing solution.",
        "userDefined": false
      }
    ],
    "isTemplate": false,
    "count": 1,
    "updated": 1528975783
  },
  {
    "id": "95151fca-9461-4074-9f97-3def0bc915a8",
    "data": [
      {
        "text": "we have decided to stick with the current software for -SCRIBETIME-.",
        "userDefined": false
      }
    ],
    "isTemplate": false,
    "count": 0,
    "updated": 1528975783
  },
  {
    "id": "8d230409-0d0e-4ba7-a07d-4eee71288f3a",
    "data": [
      {
        "text": "I am currently satisifed with my existing solutions",
        "userDefined": false
      }
    ],
    "isTemplate": false,
    "count": 0,
    "updated": 1528975783
  },
  {
    "id": "cdaae956-9b78-4cb6-8bb6-57a937780fc9",
    "data": [
      {
        "text": "I am happy with my existing solutions.",
        "userDefined": false
      }
    ],
    "isTemplate": false,
    "count": 1,
    "updated": 1528975783
  },
  {
    "id": "e58ad9c2-165a-4769-89b9-24a1ce07c489",
    "data": [
      {
        "text": "I am not seeking to replace my existing software.",
        "userDefined": false
      }
    ],
    "isTemplate": false,
    "count": 0,
    "updated": 1528975783
  },
  {
    "id": "f942c9f8-1617-4b51-9530-b058eabac1b3",
    "data": [
      {
        "text": "i am happy with my existing solutions",
        "userDefined": false
      }
    ],
    "isTemplate": false,
    "count": 0,
    "updated": 1528975783
  },
  {
    "id": "5a9a5663-f4ab-4e61-abe5-762da1f84973",
    "data": [
      {
        "text": "Everything is working out great.",
        "userDefined": false
      }
    ],
    "isTemplate": false,
    "count": 0,
    "updated": 1528975783
  },
  {
    "id": "f5c4d01a-b5cb-4f5e-baa2-6c314d93e089",
    "data": [
      {
        "text": "We are not interested in changing our software -SCRIBETIME- as our current solution meets all of our expectations.",
        "userDefined": false
      }
    ],
    "isTemplate": false,
    "count": 0,
    "updated": 1528975783
  },
  {
    "id": "167e76f8-b9f4-4f9a-aaf0-0109f940bf1d",
    "data": [
      {
        "text": "This is about the secure software product.I am sorry to let you know that i am really happy with my current software solution so i will like to stick with it.Thank for your comprehension.",
        "userDefined": false
      }
    ],
    "isTemplate": false,
    "count": 0,
    "updated": 1528975783
  },
  {
    "id": "4749154c-205d-4866-b6c1-203024d82656",
    "data": [
      {
        "text": "we are not looking to replace our current solution.",
        "userDefined": false
      }
    ],
    "isTemplate": false,
    "count": 0,
    "updated": 1528975783
  },
  {
    "id": "7fb7db95-fdf4-4d00-b58c-70b68b5c532a",
    "data": [
      {
        "text": "my current software is all I would ever need - at least at the moment.",
        "userDefined": false
      }
    ],
    "isTemplate": false,
    "count": 0,
    "updated": 1528975783
  },
  {
    "id": "d5695e07-a3f0-42b4-aa27-d75f274c4ee0",
    "data": [
      {
        "text": "I do not need to upgrade.",
        "userDefined": false
      }
    ],
    "isTemplate": false,
    "count": 0,
    "updated": 1528975783
  },
  {
    "id": "852d0474-8d55-4600-b827-67a4de4c536a",
    "data": [
      {
        "text": "Megan I have decided that what I have -SCRIBETIME- is the way I need to stay .",
        "userDefined": false
      }
    ],
    "isTemplate": false,
    "count": 0,
    "updated": 1528975783
  },
  {
    "id": "c71a42d3-efaa-4eb6-8dfb-9b6365fb5a5f",
    "data": [
      {
        "text": "we are happy with our existing solutions",
        "userDefined": false
      }
    ],
    "isTemplate": false,
    "count": 0,
    "updated": 1528975783
  },
  {
    "id": "a8a9c2e4-400c-4e93-91b3-e2b55d0d0026",
    "data": [
      {
        "text": "I am very happy with the current software that i currently have.",
        "userDefined": false
      }
    ],
    "isTemplate": false,
    "count": 0,
    "updated": 1528975783
  },
  {
    "id": "92eda810-c785-4894-b9c4-988980fc1fdf",
    "data": [
      {
        "text": "We are happy with our current software solutions -SCRIBETIME-.",
        "userDefined": false
      }
    ],
    "isTemplate": false,
    "count": 0,
    "updated": 1528975783
  },
  {
    "id": "6f0c46a6-857a-4a20-a679-45155961ff83",
    "data": [
      {
        "text": "I am happy with our current software.",
        "userDefined": false
      }
    ],
    "isTemplate": false,
    "count": 0,
    "updated": 1528975783
  },
  {
    "id": "dcb135ce-b0ac-49fb-9244-4e0927f25921",
    "data": [
      {
        "text": "I am currently happy with the software I have.",
        "userDefined": false
      }
    ],
    "isTemplate": false,
    "count": 0,
    "updated": 1528975783
  },
  {
    "id": "a543ca09-6659-4967-8057-b93646458aee",
    "data": [
      {
        "text": "Hi Megan This program we have currently fits our needs",
        "userDefined": false
      }
    ],
    "isTemplate": false,
    "count": 0,
    "updated": 1528975783
  },
  {
    "id": "87df9fdd-cf20-4a2c-9a0f-ccbdc162cb5a",
    "data": [
      {
        "text": "are not looking to change things up at the moment.",
        "userDefined": false
      }
    ],
    "isTemplate": false,
    "count": 0,
    "updated": 1528975783
  },
  {
    "id": "0c31aa1d-f398-41c4-8ca5-29aadd5cded2",
    "data": [
      {
        "text": "we are pretty pleased with our existing software at the moment",
        "userDefined": false
      }
    ],
    "isTemplate": false,
    "count": 0,
    "updated": 1528975783
  },
  {
    "id": "f922ee10-9630-448e-9166-fd8e4cd4eb45",
    "data": [
      {
        "text": "have no need to purchase new software.",
        "userDefined": false
      }
    ],
    "isTemplate": false,
    "count": 0,
    "updated": 1528975783
  },
  {
    "id": "4d836213-3f1e-4400-bbe3-888591fd45df",
    "data": [
      {
        "text": "we are extremely satisfied with our existing solutions",
        "userDefined": false
      }
    ],
    "isTemplate": false,
    "count": 0,
    "updated": 1528975783
  },
  {
    "id": "66c0b218-5d8c-4f6c-a547-2718e490081e",
    "data": [
      {
        "text": "will be making no changes with them.",
        "userDefined": false
      }
    ],
    "isTemplate": false,
    "count": 0,
    "updated": 1528975783
  },
  {
    "id": "c3fe675b-3271-405c-8e47-0d83c3c56260",
    "data": [
      {
        "text": "We are happy with our existing solutions",
        "userDefined": false
      }
    ],
    "isTemplate": false,
    "count": 0,
    "updated": 1528975783
  },
  {
    "id": "7fdb8505-7d3b-41c8-9a8b-36cff0a6dae7",
    "data": [
      {
        "text": "We are not currently looking for a security software as we already have one in place.",
        "userDefined": false
      }
    ],
    "isTemplate": false,
    "count": 0,
    "updated": 1528975783
  },
  {
    "id": "c4874e06-421e-4769-81d2-46dcfab1a394",
    "data": [
      {
        "text": "we already have it covered.",
        "userDefined": false
      }
    ],
    "isTemplate": false,
    "count": 0,
    "updated": 1528975783
  },
  {
    "id": "a30324b9-883e-4f5c-ac33-36c0b26f3660",
    "data": [
      {
        "text": "At the moment we are quite satisfied with the existing we have already implemented.",
        "userDefined": false
      }
    ],
    "isTemplate": false,
    "count": 0,
    "updated": 1528975783
  },
  {
    "id": "6035997a-f893-4851-921a-dd1d277c50e5",
    "data": [
      {
        "text": "we are happy with our current software at the moment.",
        "userDefined": false
      }
    ],
    "isTemplate": false,
    "count": 0,
    "updated": 1528975783
  },
  {
    "id": "b6bf2cf6-5fba-4b76-bb4f-9d1266aecbef",
    "data": [
      {
        "text": "We are happy with our software",
        "userDefined": false
      }
    ],
    "isTemplate": false,
    "count": 0,
    "updated": 1528975783
  },
  {
    "id": "afe9651f-84a5-4a61-b9c7-e9f28fbd9758",
    "data": [
      {
        "text": "-SCRIBETIME- we are satisfied with our existing solutions",
        "userDefined": false
      }
    ],
    "isTemplate": false,
    "count": 0,
    "updated": 1528975783
  },
  {
    "id": "825253e1-7e4c-448c-a8b0-f02554dd10f4",
    "data": [
      {
        "text": "i am happy with my existing software.",
        "userDefined": false
      }
    ],
    "isTemplate": false,
    "count": 0,
    "updated": 1528975783
  },
  {
    "id": "a30142e6-e566-4918-b75c-3956c355d0a8",
    "data": [
      {
        "text": "we are currently satisfied with our vendor.",
        "userDefined": false
      }
    ],
    "isTemplate": false,
    "count": 0,
    "updated": 1528975783
  },
  {
    "id": "152610fe-129b-47f3-8e48-20e8189f593b",
    "data": [
      {
        "text": "Hello:",
        "userDefined": false
      }
    ],
    "isTemplate": false,
    "count": 0,
    "updated": 1528975783
  },
  {
    "id": "fc51dc03-c06b-4ed7-b705-a8775fb48e7c",
    "data": [
      {
        "text": "I have found that I am currently happy with the software that I am using.",
        "userDefined": false
      }
    ],
    "isTemplate": false,
    "count": 0,
    "updated": 1528975783
  },
  {
    "id": "2fe5fd80-0b73-43f3-8d45-ff3bf8389712",
    "data": [
      {
        "text": "Hello Megan I am currently happy with my existing solutions",
        "userDefined": false
      }
    ],
    "isTemplate": false,
    "count": 0,
    "updated": 1528975783
  },
  {
    "id": "486a2a97-a278-4396-8daf-cd03957f6376",
    "data": [
      {
        "text": "Everything we use -SCRIBETIME- works great in our skeem of things !",
        "userDefined": false
      }
    ],
    "isTemplate": false,
    "count": 0,
    "updated": 1528975783
  },
  {
    "id": "85645cbd-3fc8-4e6f-9888-65440d1c8e39",
    "data": [
      {
        "text": "I wanted to let you know that i am happy with your existing solutions.",
        "userDefined": false
      }
    ],
    "isTemplate": false,
    "count": 0,
    "updated": 1528975783
  },
  {
    "id": "ab644396-a3e9-444e-a2e0-9099b1a53eae",
    "data": [
      {
        "text": "I think -SCRIBETIME- I will stick with my existing software.",
        "userDefined": false
      }
    ],
    "isTemplate": false,
    "count": 0,
    "updated": 1528975783
  },
  {
    "id": "82d43ade-11d5-421c-8919-9e9c5746e0e6",
    "data": [
      {
        "text": "It fits well within my current workflow",
        "userDefined": false
      }
    ],
    "isTemplate": false,
    "count": 0,
    "updated": 1528975783
  },
  {
    "id": "f2c53041-fc27-4ea9-9018-fe7475b614fa",
    "data": [
      {
        "text": "I do not need a change.",
        "userDefined": false
      }
    ],
    "isTemplate": false,
    "count": 0,
    "updated": 1528975783
  },
  {
    "id": "d5f150d1-3eed-47de-8650-c85af6c3544f",
    "data": [
      {
        "text": "do not have a need to switch.",
        "userDefined": false
      }
    ],
    "isTemplate": false,
    "count": 0,
    "updated": 1528975783
  },
  {
    "id": "0ce6e2fb-6417-4902-85e9-84f6249cd331",
    "data": [
      {
        "text": "I actually am not interested in switching my current provider.",
        "userDefined": false
      }
    ],
    "isTemplate": false,
    "count": 0,
    "updated": 1528975783
  },
  {
    "id": "0895e70c-e064-4d67-b2c7-e4e9ed587d94",
    "data": [
      {
        "text": "I am currently very happy with your existing solutions.",
        "userDefined": false
      }
    ],
    "isTemplate": false,
    "count": 0,
    "updated": 1528975783
  },
  {
    "id": "81dc7597-d455-4fbf-a8d6-27b891656a7a",
    "data": [
      {
        "text": "Our company is happy with what we have in regards to security management.",
        "userDefined": false
      }
    ],
    "isTemplate": false,
    "count": 0,
    "updated": 1528975783
  },
  {
    "id": "7de50b6d-3186-48e5-9a13-566223bf72b5",
    "data": [
      {
        "text": "We are happy with our existing solutions.",
        "userDefined": false
      }
    ],
    "isTemplate": false,
    "count": 0,
    "updated": 1528975783
  },
  {
    "id": "aba129e6-b35f-45a1-aa3c-ef38cd8bd789",
    "data": [
      {
        "text": "The system I use -SCRIBETIME- is perfect for my needs.",
        "userDefined": false
      }
    ],
    "isTemplate": false,
    "count": 0,
    "updated": 1528975783
  },
  {
    "id": "f5a0da03-d57a-4865-9830-d38a08b8fa06",
    "data": [
      {
        "text": "We are currently happy with our current software.",
        "userDefined": false
      }
    ],
    "isTemplate": false,
    "count": 0,
    "updated": 1528975783
  },
  {
    "id": "9d57d495-f23c-4073-9d5d-64d3ebd6a5cb",
    "data": [
      {
        "text": "I am happy with what I h ave",
        "userDefined": false
      }
    ],
    "isTemplate": false,
    "count": 0,
    "updated": 1528975783
  },
  {
    "id": "9623ccf1-ebbe-4335-990f-472e8031a660",
    "data": [
      {
        "text": "our current Solution provider is doing a good job",
        "userDefined": false
      }
    ],
    "isTemplate": false,
    "count": 0,
    "updated": 1528975783
  },
  {
    "id": "ffff3e77-6c5d-4c0a-a3b6-a4f82eff7b3a",
    "data": [
      {
        "text": "we are very satisfied.",
        "userDefined": false
      }
    ],
    "isTemplate": false,
    "count": 0,
    "updated": 1528975783
  },
  {
    "id": "2dbc6144-2328-42c1-924c-cd60bd4eac1f",
    "data": [
      {
        "text": "We are quite pleased with the software we are currently using.",
        "userDefined": false
      }
    ],
    "isTemplate": false,
    "count": 0,
    "updated": 1528975783
  },
  {
    "id": "7093c14b-a865-4ab3-9491-3a498dfc4f13",
    "data": [
      {
        "text": "we do not need any additional services",
        "userDefined": false
      }
    ],
    "isTemplate": false,
    "count": 0,
    "updated": 1528975783
  },
  {
    "id": "f9160370-0d2a-48dc-a33a-21eab304147d",
    "data": [
      {
        "text": "I am very pleased with the current software that I have",
        "userDefined": false
      }
    ],
    "isTemplate": false,
    "count": 0,
    "updated": 1528975783
  },
  {
    "id": "48239546-5d57-4bb1-bb42-9ba6b4a73f4a",
    "data": [
      {
        "text": "we are very happy with our existing solutions.",
        "userDefined": false
      }
    ],
    "isTemplate": false,
    "count": 0,
    "updated": 1528975783
  },
  {
    "id": "5045c605-3184-4b15-a41c-71814235e27c",
    "data": [
      {
        "text": "i am currently happy with my current software",
        "userDefined": false
      }
    ],
    "isTemplate": false,
    "count": 0,
    "updated": 1528975783
  },
  {
    "id": "c49678f4-2cd0-490f-9f87-1c15657b4977",
    "data": [
      {
        "text": "My whole operations is depend on the current software i have",
        "userDefined": false
      }
    ],
    "isTemplate": false,
    "count": 0,
    "updated": 1528975783
  },
  {
    "id": "a7a7ceda-984b-468e-9745-9502255527be",
    "data": [
      {
        "text": "i am not looking for any change for -SCRIBETIME-.",
        "userDefined": false
      }
    ],
    "isTemplate": false,
    "count": 0,
    "updated": 1528975783
  },
  {
    "id": "77d1dc89-f13e-4ae6-ac52-f4629bcca512",
    "data": [
      {
        "text": "i am pleased with the software thank you",
        "userDefined": false
      }
    ],
    "isTemplate": false,
    "count": 0,
    "updated": 1528975783
  },
  {
    "id": "777b3766-6ded-458d-b64d-602dee27787b",
    "data": [
      {
        "text": "I am currently quite happy with my existing software.",
        "userDefined": false
      }
    ],
    "isTemplate": false,
    "count": 0,
    "updated": 1528975783
  },
  {
    "id": "d1df16a5-2aaf-4ae6-b5d0-7b41d3eb7eeb",
    "data": [
      {
        "text": "We are currently happy with our existing solutions.",
        "userDefined": false
      }
    ],
    "isTemplate": false,
    "count": 0,
    "updated": 1528975783
  },
  {
    "id": "47bd3dd7-0a38-4625-bc36-d5e613baf46f",
    "data": [
      {
        "text": "I like what I am using -SCRIBETIME- so no thank you.",
        "userDefined": false
      }
    ],
    "isTemplate": false,
    "count": 0,
    "updated": 1528975783
  },
  {
    "id": "11907eb2-c743-40b9-b43d-8ffaaecac108",
    "data": [
      {
        "text": "are very happy.",
        "userDefined": false
      }
    ],
    "isTemplate": false,
    "count": 1,
    "updated": 1528975783
  },
  {
    "id": "c39af605-dcea-4696-8e72-708ea47550de",
    "data": [
      {
        "text": "-SCRIBETIME- i am very happy with my existing one",
        "userDefined": false
      }
    ],
    "isTemplate": false,
    "count": 0,
    "updated": 1528975783
  },
  {
    "id": "9bce7e98-8c21-4f2d-a626-74b44cab1b41",
    "data": [
      {
        "text": "i cannot switch to a new product.",
        "userDefined": false
      }
    ],
    "isTemplate": false,
    "count": 0,
    "updated": 1528975783
  },
  {
    "id": "9f064356-db59-4c32-91e8-29bc94559e60",
    "data": [
      {
        "text": "I am pleased with what we have -SCRIBETIME-.",
        "userDefined": false
      }
    ],
    "isTemplate": false,
    "count": 0,
    "updated": 1528975783
  },
  {
    "id": "74fc0128-f512-4a3f-8b59-fc601440879a",
    "data": [
      {
        "text": "we have that area covered",
        "userDefined": false
      }
    ],
    "isTemplate": false,
    "count": 0,
    "updated": 1528975783
  },
  {
    "id": "5b24e907-c9b4-4278-992e-a85fd64245a8",
    "data": [
      {
        "text": "do not need additional software for our company.",
        "userDefined": false
      }
    ],
    "isTemplate": false,
    "count": 0,
    "updated": 1528975783
  },
  {
    "id": "ac719338-eec5-4cce-b6af-7ef01a597bec",
    "data": [
      {
        "text": "we are currently happy with our existing software.",
        "userDefined": false
      }
    ],
    "isTemplate": false,
    "count": 0,
    "updated": 1528975783
  },
  {
    "id": "cd1bc6f0-8b44-4ecd-8763-aba3f1c9286d",
    "data": [
      {
        "text": "I am happy with what I currently use.",
        "userDefined": false
      }
    ],
    "isTemplate": false,
    "count": 0,
    "updated": 1528975783
  },
  {
    "id": "5c34b372-a707-4e64-bdfb-b97af3656d87",
    "data": [
      {
        "text": "i am happy with my current solution.",
        "userDefined": false
      }
    ],
    "isTemplate": false,
    "count": 0,
    "updated": 1528975783
  },
  {
    "id": "722a9e39-67f8-478a-b782-50e9c028d15b",
    "data": [
      {
        "text": "We are very happy with the possible solutions we are seeing.",
        "userDefined": false
      }
    ],
    "isTemplate": false,
    "count": 0,
    "updated": 1528975783
  },
  {
    "id": "7b1fa21a-a2a0-4a9e-944f-603ff3298939",
    "data": [
      {
        "text": "We have decided that we will continue to use our existing software solutions.",
        "userDefined": false
      }
    ],
    "isTemplate": false,
    "count": 0,
    "updated": 1528975783
  },
  {
    "id": "16eae930-ac9f-49a0-b599-cd4021b31fa2",
    "data": [
      {
        "text": "I am happy with what I currently have",
        "userDefined": false
      }
    ],
    "isTemplate": false,
    "count": 0,
    "updated": 1528975783
  },
  {
    "id": "6d0e9af1-4e9d-4bc4-91af-262259bc91a9",
    "data": [
      {
        "text": "the current software I have is fine.",
        "userDefined": false
      }
    ],
    "isTemplate": false,
    "count": 0,
    "updated": 1528975783
  },
  {
    "id": "92a770e3-9b90-44cd-ad6f-9fe92cc3c069",
    "data": [
      {
        "text": "However we can better handle the over all business with our current software.",
        "userDefined": false
      }
    ],
    "isTemplate": false,
    "count": 0,
    "updated": 1528975783
  },
  {
    "id": "ed4cff43-82ca-4a8e-920e-ae9edb54dc82",
    "data": [
      {
        "text": "I am happy with my existing solutions",
        "userDefined": false
      }
    ],
    "isTemplate": false,
    "count": 0,
    "updated": 1528975783
  },
  {
    "id": "cc66adca-3506-4923-9d05-80e49ed37c49",
    "data": [
      {
        "text": "have decided to stick with that thanks for all you help.",
        "userDefined": false
      }
    ],
    "isTemplate": false,
    "count": 0,
    "updated": 1528975783
  },
  {
    "id": "56aab508-939c-4493-ac28-e5520b0148da",
    "data": [
      {
        "text": "we are happy with the software we already have.",
        "userDefined": false
      }
    ],
    "isTemplate": false,
    "count": 0,
    "updated": 1528975783
  },
  {
    "id": "f76e7b01-8fd1-4217-989c-e3d9243dfad7",
    "data": [
      {
        "text": "We are comfortable with the overall marketing plan that we have put in place",
        "userDefined": false
      }
    ],
    "isTemplate": false,
    "count": 0,
    "updated": 1528975783
  },
  {
    "id": "05dff251-bb4c-4b96-b440-a1ee60a7c491",
    "data": [
      {
        "text": "are not currently looking to make changes.",
        "userDefined": false
      }
    ],
    "isTemplate": false,
    "count": 0,
    "updated": 1528975783
  },
  {
    "id": "fe047e2f-8d84-4bfc-b7c6-561e5315560f",
    "data": [
      {
        "text": "we are comfortable with our current solutions.",
        "userDefined": false
      }
    ],
    "isTemplate": false,
    "count": 0,
    "updated": 1528975783
  },
  {
    "id": "ac976be6-f200-46df-8af0-a62f089ebec7",
    "data": [
      {
        "text": "I am fine with my current setup.",
        "userDefined": false
      }
    ],
    "isTemplate": false,
    "count": 0,
    "updated": 1528975783
  },
  {
    "id": "3eab6dcb-b3a3-41d1-8777-efa8f5d42b50",
    "data": [
      {
        "text": "Were ok.",
        "userDefined": false
      }
    ],
    "isTemplate": false,
    "count": 0,
    "updated": 1528975783
  },
  {
    "id": "b17963cd-4136-4bfd-8d8a-572d0a3c2eca",
    "data": [
      {
        "text": "are in no need of new software.",
        "userDefined": false
      }
    ],
    "isTemplate": false,
    "count": 0,
    "updated": 1528975783
  },
  {
    "id": "41887bd6-7c50-4125-89de-4f6a6aa193f7",
    "data": [
      {
        "text": "We prefer to work with local vendors.",
        "userDefined": false
      }
    ],
    "isTemplate": false,
    "count": 0,
    "updated": 1528975783
  },
  {
    "id": "8ecda712-9e52-4ec0-8a97-779ffbfed018",
    "data": [
      {
        "text": "we work only with businesses we already have a relationship with it is a very niche clientele.",
        "userDefined": false
      }
    ],
    "isTemplate": false,
    "count": 0,
    "updated": 1528975783
  },
  {
    "id": "4ae181af-d29a-4131-8f59-8024932ca78a",
    "data": [
      {
        "text": "i am all good -SCRIBETIME-",
        "userDefined": false
      }
    ],
    "isTemplate": false,
    "count": 0,
    "updated": 1528975783
  },
  {
    "id": "6d0097fe-7658-44ca-93e8-3e67f7746677",
    "data": [
      {
        "text": "We are good for -SCRIBETIME- - thanks so much for the reminder!",
        "userDefined": false
      }
    ],
    "isTemplate": false,
    "count": 0,
    "updated": 1528975783
  },
  {
    "id": "7cffbabd-2b8d-4aef-9c5c-dc3f1459a34a",
    "data": [
      {
        "text": "We are not ready to connect our databases yet to another system.",
        "userDefined": false
      }
    ],
    "isTemplate": false,
    "count": 0,
    "updated": 1528975783
  },
  {
    "id": "ec802f17-a7ff-485f-ba6d-0dafa4f8f09b",
    "data": [
      {
        "text": "were happy with the people we are working with.",
        "userDefined": false
      }
    ],
    "isTemplate": false,
    "count": 0,
    "updated": 1528975783
  },
  {
    "id": "9fe3313c-05c8-4038-b6e4-30cffc097131",
    "data": [
      {
        "text": "Hello Megan ~ We have all the software we need",
        "userDefined": false
      }
    ],
    "isTemplate": false,
    "count": 0,
    "updated": 1528975783
  },
  {
    "id": "ac9981a0-8ad1-413a-8ce8-8482f975adb8",
    "data": [
      {
        "text": "would appreciate being removed from your contact list.",
        "userDefined": false
      }
    ],
    "isTemplate": false,
    "count": 0,
    "updated": 1528975783
  },
  {
    "id": "9bb28bf9-d195-4179-bd4d-147485b9f424",
    "data": [
      {
        "text": "Hi Adam We have a full network of agencies that we are currently working with",
        "userDefined": false
      }
    ],
    "isTemplate": false,
    "count": 0,
    "updated": 1528975783
  },
  {
    "id": "c4193c13-a240-4ed2-a9c1-d05207cbe9d7",
    "data": [
      {
        "text": "no plans to add any further -SCRIBETIME-",
        "userDefined": false
      }
    ],
    "isTemplate": false,
    "count": 0,
    "updated": 1528975783
  },
  {
    "id": "87cda409-9513-461f-82d8-d1d3f917afc4",
    "data": [
      {
        "text": "We have already signed the contract with our other supplier for a 2 year contract.",
        "userDefined": false
      }
    ],
    "isTemplate": false,
    "count": 0,
    "updated": 1528975783
  },
  {
    "id": "3fabbeb4-0260-44b3-ac55-c99bfd1180be",
    "data": [
      {
        "text": "We are currently not looking to do business with other software companies.",
        "userDefined": false
      }
    ],
    "isTemplate": false,
    "count": 0,
    "updated": 1528975783
  },
  {
    "id": "e345b98f-4de5-4582-b4d0-9995742a6648",
    "data": [
      {
        "text": "We are fine at the moment.",
        "userDefined": false
      }
    ],
    "isTemplate": false,
    "count": 0,
    "updated": 1528975783
  },
  {
    "id": "266408bc-e2a5-4e27-a6d4-5921a5a06a03",
    "data": [
      {
        "text": "we are set for the time being.",
        "userDefined": false
      }
    ],
    "isTemplate": false,
    "count": 0,
    "updated": 1528975783
  },
  {
    "id": "d5413c15-d0ea-4b3e-a50e-96de042c7877",
    "data": [
      {
        "text": "We have a team doing this function",
        "userDefined": false
      }
    ],
    "isTemplate": false,
    "count": 0,
    "updated": 1528975783
  },
  {
    "id": "2ff318ce-72c4-41a5-98de-44a610ca9e48",
    "data": [
      {
        "text": "We already work with a digital agency that helps us in these areas.",
        "userDefined": false
      }
    ],
    "isTemplate": false,
    "count": 0,
    "updated": 1528975783
  },
  {
    "id": "1246f4a6-0943-465a-be4b-753ab79d9026",
    "data": [
      {
        "text": "Weve been happy with the results",
        "userDefined": false
      }
    ],
    "isTemplate": false,
    "count": 0,
    "updated": 1528975783
  },
  {
    "id": "14f61ece-9f8e-41c0-beb3-270fb890a0e0",
    "data": [
      {
        "text": "we are comfortable with the current solution",
        "userDefined": false
      }
    ],
    "isTemplate": false,
    "count": 0,
    "updated": 1528975783
  },
  {
    "id": "32778c5c-e1d0-447b-97d5-cf993081340e",
    "data": [
      {
        "text": "do not see any need to replace it.",
        "userDefined": false
      }
    ],
    "isTemplate": false,
    "count": 0,
    "updated": 1528975783
  },
  {
    "id": "bf35196b-30f1-44dc-9607-ce3223e96cd6",
    "data": [
      {
        "text": "i am good.",
        "userDefined": false
      }
    ],
    "isTemplate": false,
    "count": 0,
    "updated": 1528975783
  },
  {
    "id": "d054fa43-5ae6-41dd-a849-c929859537a2",
    "data": [
      {
        "text": "we have a company that handles our website.",
        "userDefined": false
      }
    ],
    "isTemplate": false,
    "count": 0,
    "updated": 1528975783
  },
  {
    "id": "793f6b07-6799-449a-ae10-7b55edfa0f15",
    "data": [
      {
        "text": "i am good for -SCRIBETIME-.",
        "userDefined": false
      }
    ],
    "isTemplate": false,
    "count": 0,
    "updated": 1528975783
  },
  {
    "id": "6c25304c-47c5-4732-82ba-0683c4bb76e2",
    "data": [
      {
        "text": "We have just partnered with a new agency",
        "userDefined": false
      }
    ],
    "isTemplate": false,
    "count": 0,
    "updated": 1528975783
  },
  {
    "id": "2a445ddf-969f-427c-9b19-7b88a2b32cb1",
    "data": [
      {
        "text": "we are all set.",
        "userDefined": false
      }
    ],
    "isTemplate": false,
    "count": 0,
    "updated": 1528975783
  },
  {
    "id": "fb38ccce-6a2e-41e4-8919-ba6072a242e8",
    "data": [
      {
        "text": "I do prefer to keep everything internally.",
        "userDefined": false
      }
    ],
    "isTemplate": false,
    "count": 0,
    "updated": 1528975783
  },
  {
    "id": "bf815cd0-ff48-477d-a524-12e1dda4c9de",
    "data": [
      {
        "text": "We\u0027d prefer to keep dev in house -SCRIBETIME-.",
        "userDefined": false
      }
    ],
    "isTemplate": false,
    "count": 0,
    "updated": 1528975783
  },
  {
    "id": "162ba102-e665-45e3-bff9-f4a7cad4b088",
    "data": [
      {
        "text": "my philosophy is to keep development entirely in-house",
        "userDefined": false
      }
    ],
    "isTemplate": false,
    "count": 0,
    "updated": 1528975783
  },
  {
    "id": "456b36bf-adcd-4186-9abb-8a73b54391ed",
    "data": [
      {
        "text": "regret that we would not require your services -SCRIBETIME- as we are supported by our Corporate office.",
        "userDefined": false
      }
    ],
    "isTemplate": false,
    "count": 0,
    "updated": 1528975783
  },
  {
    "id": "dd368eb7-de2d-4d1f-a982-8adef643b7d0",
    "data": [
      {
        "text": "we are satisfied with our existing partners",
        "userDefined": false
      }
    ],
    "isTemplate": false,
    "count": 0,
    "updated": 1528975783
  },
  {
    "id": "56d8ff5d-cfb0-4e9f-8406-3e52364306e0",
    "data": [
      {
        "text": "not currently looking to be introduced to new ones.",
        "userDefined": false
      }
    ],
    "isTemplate": false,
    "count": 0,
    "updated": 1528975783
  },
  {
    "id": "2325a0b2-a5bd-4131-97f4-0b87e850c938",
    "data": [
      {
        "text": "We are all set",
        "userDefined": false
      }
    ],
    "isTemplate": false,
    "count": 0,
    "updated": 1528975783
  },
  {
    "id": "a34ff3cc-43d2-4280-b74d-86d02c41a58b",
    "data": [
      {
        "text": "is all set -SCRIBETIME-.",
        "userDefined": false
      }
    ],
    "isTemplate": false,
    "count": 0,
    "updated": 1528975783
  }
]