[
  {
    "id": "cc92786f-7ab1-49f1-ab99-7e9f148a12be",
    "data": [
      {
        "text": "please provide us contact details",
        "userDefined": false
      }
    ],
    "isTemplate": false,
    "count": 0,
    "updated": 1528975783
  },
  {
    "id": "f717f893-8d57-41cc-8193-f84bbf3df08e",
    "data": [
      {
        "text": "What is your contact information so that I an get back to you when i am ready to learn more",
        "userDefined": false
      }
    ],
    "isTemplate": false,
    "count": 0,
    "updated": 1528975783
  },
  {
    "id": "f656f7a3-0160-4bd4-ba6c-9d867265c225",
    "data": [
      {
        "text": "more details before we proceed further I would appreciate if you could contact me on my phone once I go through the details you send please Many Thanks Adam.",
        "userDefined": false
      }
    ],
    "isTemplate": false,
    "count": 0,
    "updated": 1528975783
  },
  {
    "id": "05293972-3286-42d2-8233-7bdd3171b249",
    "data": [
      {
        "text": "I have some questions I would like to go over with you if you can give me a call at -SCRIBEPHONE-.",
        "userDefined": false
      }
    ],
    "isTemplate": false,
    "count": 0,
    "updated": 1528975783
  },
  {
    "id": "2b49b041-e81d-486d-adcf-deb7c5e76478",
    "data": [
      {
        "text": "Please give me a call at -SCRIBEPHONE-.",
        "userDefined": false
      }
    ],
    "isTemplate": false,
    "count": 0,
    "updated": 1528975783
  },
  {
    "id": "87f69746-8745-4ce3-879c-5118f5c3331d",
    "data": [
      {
        "text": "What is the best means of contacting you given the circumstances?",
        "userDefined": false
      }
    ],
    "isTemplate": false,
    "count": 0,
    "updated": 1528975783
  },
  {
    "id": "c65e80ad-22c1-4396-98ab-f396d343bfb3",
    "data": [
      {
        "text": "Please call me at your earliest convenience.",
        "userDefined": false
      }
    ],
    "isTemplate": false,
    "count": 1,
    "updated": 1528975783
  },
  {
    "id": "4caeae88-ba3e-4e6a-a1a7-8412a255ca1a",
    "data": [
      {
        "text": "We can have the call -SCRIBETIME-nd half.",
        "userDefined": false
      }
    ],
    "isTemplate": false,
    "count": 0,
    "updated": 1528975783
  },
  {
    "id": "f55a0820-4e73-472e-b375-2c25aa9c4661",
    "data": [
      {
        "text": "Is it possible to set up a call to discuss purchasing it?",
        "userDefined": false
      }
    ],
    "isTemplate": false,
    "count": 0,
    "updated": 1528975783
  },
  {
    "id": "5e986dad-59b1-443a-9890-1f4e7a3191b2",
    "data": [
      {
        "text": "please set up a call with me to discuss the sale.",
        "userDefined": false
      }
    ],
    "isTemplate": false,
    "count": 0,
    "updated": 1528975783
  },
  {
    "id": "63090182-a0f4-4ce7-aa5d-d724ba155e63",
    "data": [
      {
        "text": "Contact Ms. Tena",
        "userDefined": false
      }
    ],
    "isTemplate": false,
    "count": 0,
    "updated": 1528975783
  },
  {
    "id": "e14518ae-de9d-4d9d-8d31-cb6ae3c59a42",
    "data": [
      {
        "text": "Please contact us -SCRIBETIME-.",
        "userDefined": false
      }
    ],
    "isTemplate": false,
    "count": 0,
    "updated": 1528975783
  },
  {
    "id": "6426ccc2-558c-4b42-81c0-49027cd75842",
    "data": [
      {
        "text": "What is your availability for a call -SCRIBETIME-?",
        "userDefined": false
      }
    ],
    "isTemplate": false,
    "count": 0,
    "updated": 1528975783
  },
  {
    "id": "ba1784a8-8c13-4b0f-a1c5-12f52948ab54",
    "data": [
      {
        "text": "please feel free to contact me again.",
        "userDefined": false
      }
    ],
    "isTemplate": false,
    "count": 0,
    "updated": 1528975783
  },
  {
    "id": "e13dddb8-b47d-4f10-91bd-786084423cb9",
    "data": [
      {
        "text": "get a sales call scheduled.",
        "userDefined": false
      }
    ],
    "isTemplate": false,
    "count": 0,
    "updated": 1528975783
  },
  {
    "id": "c7e2dcfc-9c80-47a7-ada8-55f2cb7ef245",
    "data": [
      {
        "text": "Please call me at your earliest convenience at -SCRIBEPHONE-.",
        "userDefined": false
      }
    ],
    "isTemplate": false,
    "count": 0,
    "updated": 1528975783
  },
  {
    "id": "262d6693-7142-4936-9f12-ae2d5838878b",
    "data": [
      {
        "text": "Please give me a call when you can to discuss more details regarding the software.",
        "userDefined": false
      }
    ],
    "isTemplate": false,
    "count": 0,
    "updated": 1528975783
  },
  {
    "id": "c1e99bd3-9b11-41eb-9903-063ac271eab1",
    "data": [
      {
        "text": "Please contact me as I would like to discuss important details",
        "userDefined": false
      }
    ],
    "isTemplate": false,
    "count": 0,
    "updated": 1528975783
  },
  {
    "id": "72a9832b-d444-484d-acc7-dd860a69dbaa",
    "data": [
      {
        "text": "Could we set up a call",
        "userDefined": false
      }
    ],
    "isTemplate": false,
    "count": 0,
    "updated": 1528975783
  },
  {
    "id": "491f6830-95e8-4ff0-9c14-4666c17eb07b",
    "data": [
      {
        "text": "let us set up a call to discuss",
        "userDefined": false
      }
    ],
    "isTemplate": false,
    "count": 0,
    "updated": 1528975783
  },
  {
    "id": "90383054-a64e-4a26-94b5-bf4d28ef2629",
    "data": [
      {
        "text": "Please contact me -SCRIBETIME-.",
        "userDefined": false
      }
    ],
    "isTemplate": false,
    "count": 1,
    "updated": 1528975783
  },
  {
    "id": "71239dda-11bf-46c7-a073-b97dae5fe450",
    "data": [
      {
        "text": "We can discuss on a call -SCRIBETIME-",
        "userDefined": false
      }
    ],
    "isTemplate": false,
    "count": 0,
    "updated": 1528975783
  },
  {
    "id": "c261f6e8-7b10-470e-bcb2-3de29f5d6d90",
    "data": [
      {
        "text": "i will be available for a phone conversation -SCRIBETIME-",
        "userDefined": false
      }
    ],
    "isTemplate": false,
    "count": 0,
    "updated": 1528975783
  },
  {
    "id": "938a1dc1-d71c-4fe6-9219-c393c1511e3a",
    "data": [
      {
        "text": "Please give me a call at -SCRIBEPHONE- at your convenience.",
        "userDefined": false
      }
    ],
    "isTemplate": false,
    "count": 0,
    "updated": 1528975783
  },
  {
    "id": "0b9c17b6-ef61-4997-8ad4-d775c4be9874",
    "data": [
      {
        "text": "Hi Megan: How about scheduling a quick call for -SCRIBETIME-?",
        "userDefined": false
      }
    ],
    "isTemplate": false,
    "count": 0,
    "updated": 1528975783
  },
  {
    "id": "60f623fa-43bf-40b9-9f1c-db7081ef7da1",
    "data": [
      {
        "text": "please contact me for info",
        "userDefined": false
      }
    ],
    "isTemplate": false,
    "count": 0,
    "updated": 1528975783
  },
  {
    "id": "4a490ddb-3f21-4ed6-a609-50203d73f1f5",
    "data": [
      {
        "text": "let us set up a call.",
        "userDefined": false
      }
    ],
    "isTemplate": false,
    "count": 0,
    "updated": 1528975783
  },
  {
    "id": "1652bb84-b434-4d79-8f59-ed1a5f72f017",
    "data": [
      {
        "text": "Why do not we set up that call for -SCRIBETIME-.",
        "userDefined": false
      }
    ],
    "isTemplate": false,
    "count": 0,
    "updated": 1528975783
  },
  {
    "id": "bcb1a6c5-eb40-45fb-9071-4123a9e9c136",
    "data": [
      {
        "text": "please call me !",
        "userDefined": false
      }
    ],
    "isTemplate": false,
    "count": 0,
    "updated": 1528975783
  },
  {
    "id": "d364246b-f1db-44c6-a528-6cd09126c125",
    "data": [
      {
        "text": "please share your mobile no to discuss further.",
        "userDefined": false
      }
    ],
    "isTemplate": false,
    "count": 0,
    "updated": 1528975783
  },
  {
    "id": "824065ee-78bd-40ea-82cf-8ce2acc434a3",
    "data": [
      {
        "text": "Contact Mr Hemant at -SCRIBEEMAIL-.",
        "userDefined": false
      }
    ],
    "isTemplate": false,
    "count": 0,
    "updated": 1528975783
  },
  {
    "id": "1c1222b5-99f8-4cf9-b969-f767a9bf6cd0",
    "data": [
      {
        "text": "you to share Vivek number",
        "userDefined": false
      }
    ],
    "isTemplate": false,
    "count": 0,
    "updated": 1528975783
  },
  {
    "id": "7041458f-9aec-4211-b558-fc901b5d356b",
    "data": [
      {
        "text": "Mail ID.",
        "userDefined": false
      }
    ],
    "isTemplate": false,
    "count": 0,
    "updated": 1528975783
  },
  {
    "id": "5d2ba19d-e73b-4382-85b9-e64ac15da75b",
    "data": [
      {
        "text": "please contact me.",
        "userDefined": false
      }
    ],
    "isTemplate": false,
    "count": 0,
    "updated": 1528975783
  },
  {
    "id": "03b2b2d1-062a-46f6-a6e5-dbf6608bad70",
    "data": [
      {
        "text": "Yes we can do a conference call -SCRIBETIME-.",
        "userDefined": false
      }
    ],
    "isTemplate": false,
    "count": 0,
    "updated": 1528975783
  },
  {
    "id": "fce2b1cd-cd74-41d0-93f9-10f02825d249",
    "data": [
      {
        "text": "Is there any alternate number that I can call?",
        "userDefined": false
      }
    ],
    "isTemplate": false,
    "count": 0,
    "updated": 1528975783
  },
  {
    "id": "80003ef9-b17e-4c96-a50a-8c5aa8fbdb2e",
    "data": [
      {
        "text": "Let me know if we can get on a quick call anytime -SCRIBETIME- to take this forward.",
        "userDefined": false
      }
    ],
    "isTemplate": false,
    "count": 0,
    "updated": 1528975783
  },
  {
    "id": "23648dc6-bb5d-4c63-b3bc-e708f9749076",
    "data": [
      {
        "text": "then take a conscious call as",
        "userDefined": false
      }
    ],
    "isTemplate": false,
    "count": 0,
    "updated": 1528975783
  },
  {
    "id": "9898fe61-e72b-4e4c-bb31-1158ee2b2c98",
    "data": [
      {
        "text": "i would like to set up that call.",
        "userDefined": false
      }
    ],
    "isTemplate": false,
    "count": 0,
    "updated": 1528975783
  },
  {
    "id": "c8bf1585-8343-40b6-b9bd-24b48e6dd8d9",
    "data": [
      {
        "text": "Will it be possible if a call can be arranged ,It will be easy for my team to understand",
        "userDefined": false
      }
    ],
    "isTemplate": false,
    "count": 0,
    "updated": 1528975783
  },
  {
    "id": "0c12013e-acce-4484-8dd4-17d18e7f4b38",
    "data": [
      {
        "text": "Kindly share your contact no.",
        "userDefined": false
      }
    ],
    "isTemplate": false,
    "count": 0,
    "updated": 1528975783
  },
  {
    "id": "0b9401d1-22a6-4cc6-94fe-d4db6f2b1b07",
    "data": [
      {
        "text": "I would like to arrange a call with you.",
        "userDefined": false
      }
    ],
    "isTemplate": false,
    "count": 0,
    "updated": 1528975783
  },
  {
    "id": "f82f61c0-e1cc-4bd8-aa8a-4525a1489880",
    "data": [
      {
        "text": "Hi Megan: Are you available for a call -SCRIBETIME- to discuss SimpleSoftware?",
        "userDefined": false
      }
    ],
    "isTemplate": false,
    "count": 0,
    "updated": 1528975783
  },
  {
    "id": "ae7d4006-069e-4b4e-b44d-7da5a0d95376",
    "data": [
      {
        "text": "I will be available -SCRIBETIME- if you could give me a call between that time.",
        "userDefined": false
      }
    ],
    "isTemplate": false,
    "count": 0,
    "updated": 1528975783
  },
  {
    "id": "fd71c58c-e4cc-4cee-9822-099498695773",
    "data": [
      {
        "text": "Hi Megan i am free at -SCRIBETIME- you can call me at any time will have some discussions of the software Thanks Adam",
        "userDefined": false
      }
    ],
    "isTemplate": false,
    "count": 0,
    "updated": 1528975783
  },
  {
    "id": "812d9bc4-25f5-4721-8d42-d91c13e1f42f",
    "data": [
      {
        "text": "Please give me a call any day -SCRIBETIME-",
        "userDefined": false
      }
    ],
    "isTemplate": false,
    "count": 0,
    "updated": 1528975783
  },
  {
    "id": "411a003f-3166-42e7-8caf-8def634d7069",
    "data": [
      {
        "text": "Please call me -SCRIBETIME- Thanks",
        "userDefined": false
      }
    ],
    "isTemplate": false,
    "count": 1,
    "updated": 1528975783
  },
  {
    "id": "ace10fe1-1f6b-4efc-acca-ed7a2f7611cd",
    "data": [
      {
        "text": "Please contact me -SCRIBETIME- as i am busy with lot of things -SCRIBETIME-.",
        "userDefined": false
      }
    ],
    "isTemplate": false,
    "count": 0,
    "updated": 1528975783
  },
  {
    "id": "981fc409-70bc-46d6-8fdb-e2c057bc7607",
    "data": [
      {
        "text": "Hi Rutika: Can you do -SCRIBEPHONE- mins call sometime -SCRIBETIME-",
        "userDefined": false
      }
    ],
    "isTemplate": false,
    "count": 0,
    "updated": 1528975783
  },
  {
    "id": "e1d660b6-945f-4ec0-9427-c2af73aa1978",
    "data": [
      {
        "text": "The best number to reach me is -SCRIBEPHONE- \u003c Let me know.",
        "userDefined": false
      }
    ],
    "isTemplate": false,
    "count": 0,
    "updated": 1528975783
  },
  {
    "id": "39dc960f-5c5a-437a-886f-4beb47d9c22f",
    "data": [
      {
        "text": "Can you send me the contract?",
        "userDefined": false
      }
    ],
    "isTemplate": false,
    "count": 0,
    "updated": 1528975783
  },
  {
    "id": "e57a3675-7c47-4e2e-8dde-9f6e9d9731aa",
    "data": [
      {
        "text": "-SCRIBETIME- for a phone conversation.",
        "userDefined": false
      }
    ],
    "isTemplate": false,
    "count": 0,
    "updated": 1528975783
  },
  {
    "id": "232f089e-b3b2-4319-8073-c6a7b724f2cc",
    "data": [
      {
        "text": "Please call me -SCRIBETIME-.",
        "userDefined": false
      }
    ],
    "isTemplate": false,
    "count": 2,
    "updated": 1528975783
  },
  {
    "id": "68fc31c5-00e7-4b4f-a402-46d80c453d1f",
    "data": [
      {
        "text": "Please call me -SCRIBETIME- to discuss this matter.",
        "userDefined": false
      }
    ],
    "isTemplate": false,
    "count": 0,
    "updated": 1528975783
  },
  {
    "id": "0ce75638-8dbe-4898-91a7-5ae96d150dfb",
    "data": [
      {
        "text": "Give me a call -SCRIBETIME- to go over the details.",
        "userDefined": false
      }
    ],
    "isTemplate": false,
    "count": 0,
    "updated": 1528975783
  },
  {
    "id": "5600df0b-5bec-4c83-801c-1b97cb0eb549",
    "data": [
      {
        "text": "You can call during that time.",
        "userDefined": false
      }
    ],
    "isTemplate": false,
    "count": 0,
    "updated": 1528975783
  },
  {
    "id": "31045e26-2386-4ca9-b2d2-b4e2caf30ee1",
    "data": [
      {
        "text": "Please call me sometime -SCRIBETIME-",
        "userDefined": false
      }
    ],
    "isTemplate": false,
    "count": 0,
    "updated": 1528975783
  },
  {
    "id": "4ddacfba-f3bd-4291-9ec5-6dbf5001c03c",
    "data": [
      {
        "text": "We\u0027d like to conference with you via phone.",
        "userDefined": false
      }
    ],
    "isTemplate": false,
    "count": 0,
    "updated": 1528975783
  },
  {
    "id": "7656c260-9575-4d0f-97fc-7d8bb4180b4b",
    "data": [
      {
        "text": "Give me a call -SCRIBETIME-.",
        "userDefined": false
      }
    ],
    "isTemplate": false,
    "count": 1,
    "updated": 1528975783
  },
  {
    "id": "a9ae3b87-6396-49f6-b6d1-f6b47a0b443e",
    "data": [
      {
        "text": "Call me -SCRIBETIME-",
        "userDefined": false
      }
    ],
    "isTemplate": false,
    "count": 0,
    "updated": 1528975783
  },
  {
    "id": "ce4149e2-795f-44bb-a29f-84c20f64b296",
    "data": [
      {
        "text": "I am available for the call -SCRIBETIME-",
        "userDefined": false
      }
    ],
    "isTemplate": false,
    "count": 0,
    "updated": 1528975783
  },
  {
    "id": "f944efeb-d93a-4b24-8735-95a9dd85acd2",
    "data": [
      {
        "text": "I could have a call anytime during office hours -SCRIBETIME-",
        "userDefined": false
      }
    ],
    "isTemplate": false,
    "count": 0,
    "updated": 1528975783
  },
  {
    "id": "2be15009-ffdd-4874-b885-10a13abdf56c",
    "data": [
      {
        "text": "please schedule the call during then.",
        "userDefined": false
      }
    ],
    "isTemplate": false,
    "count": 0,
    "updated": 1528975783
  },
  {
    "id": "b22fa3de-a4c0-4dbb-aa48-9429194cc93f",
    "data": [
      {
        "text": "I will be available -SCRIBETIME- Please call me then to discuss this further.",
        "userDefined": false
      }
    ],
    "isTemplate": false,
    "count": 0,
    "updated": 1528975783
  },
  {
    "id": "01f383d3-7366-4d6d-9518-80a9ff9e980b",
    "data": [
      {
        "text": "thank you for reaching out to me if you may contact me -SCRIBETIME- if that works for you give me a call so that away we can discuss.",
        "userDefined": false
      }
    ],
    "isTemplate": false,
    "count": 0,
    "updated": 1528975783
  },
  {
    "id": "5d923f7b-8ef0-4d66-9947-875fe255b585",
    "data": [
      {
        "text": "Can you call me -SCRIBETIME-",
        "userDefined": false
      }
    ],
    "isTemplate": false,
    "count": 0,
    "updated": 1528975783
  },
  {
    "id": "d20bd963-bbea-48d3-84a0-629353038ac3",
    "data": [
      {
        "text": "My number if -SCRIBEPHONE-.",
        "userDefined": false
      }
    ],
    "isTemplate": false,
    "count": 0,
    "updated": 1528975783
  },
  {
    "id": "805ef141-cd6f-4374-a148-1fce8394449a",
    "data": [
      {
        "text": "give me a call -SCRIBETIME-",
        "userDefined": false
      }
    ],
    "isTemplate": false,
    "count": 1,
    "updated": 1528975783
  },
  {
    "id": "9ebf0625-9fe6-4fb8-a93c-71fa3086ed0a",
    "data": [
      {
        "text": "Please see that Megan contact me -SCRIBETIME-.",
        "userDefined": false
      }
    ],
    "isTemplate": false,
    "count": 0,
    "updated": 1528975783
  },
  {
    "id": "9ddb7cbc-8991-4a16-88a4-0d7545b293db",
    "data": [
      {
        "text": "I am available for calls -SCRIBETIME-.",
        "userDefined": false
      }
    ],
    "isTemplate": false,
    "count": 0,
    "updated": 1528975783
  },
  {
    "id": "a6ede158-70aa-4bcd-8b73-099bb9ef0fdc",
    "data": [
      {
        "text": "Please contact me in regard to cybersecurity software CompleteSecurity -SCRIBETIME- Adam.",
        "userDefined": false
      }
    ],
    "isTemplate": false,
    "count": 0,
    "updated": 1528975783
  },
  {
    "id": "172cb435-ddd5-404e-bfd6-4b6ffbeb7a26",
    "data": [
      {
        "text": "to get a call from you -SCRIBETIME- to discuss further about this.",
        "userDefined": false
      }
    ],
    "isTemplate": false,
    "count": 0,
    "updated": 1528975783
  },
  {
    "id": "d8234d5b-9100-4bea-b279-7077b7e232ea",
    "data": [
      {
        "text": "We very much appreciate a call to discuss.",
        "userDefined": false
      }
    ],
    "isTemplate": false,
    "count": 0,
    "updated": 1528975783
  },
  {
    "id": "7b348caa-e46a-41ec-a312-1a575ec85555",
    "data": [
      {
        "text": "Are you able to give us a call sometime -SCRIBETIME-?",
        "userDefined": false
      }
    ],
    "isTemplate": false,
    "count": 0,
    "updated": 1528975783
  },
  {
    "id": "32b9adfb-9bd1-4e9c-976c-6f46530670e8",
    "data": [
      {
        "text": "You can call me -SCRIBETIME- if you like.",
        "userDefined": false
      }
    ],
    "isTemplate": false,
    "count": 0,
    "updated": 1528975783
  },
  {
    "id": "54f3eff4-c77b-40df-a482-e89d41557e37",
    "data": [
      {
        "text": "Contact me",
        "userDefined": false
      }
    ],
    "isTemplate": false,
    "count": 0,
    "updated": 1528975783
  },
  {
    "id": "7d34c96e-4f3d-4091-b19a-53fe9a752b88",
    "data": [
      {
        "text": "would that be good for you too call me for this software?",
        "userDefined": false
      }
    ],
    "isTemplate": false,
    "count": 0,
    "updated": 1528975783
  },
  {
    "id": "375d43f2-918d-4ae5-a746-dd5d2c24a7f6",
    "data": [
      {
        "text": "Please give me your best call back number.",
        "userDefined": false
      }
    ],
    "isTemplate": false,
    "count": 0,
    "updated": 1528975783
  },
  {
    "id": "50ea7bdf-a93c-4d2a-b9c0-0289799f1ee9",
    "data": [
      {
        "text": "I will call you -SCRIBETIME-",
        "userDefined": false
      }
    ],
    "isTemplate": false,
    "count": 0,
    "updated": 1528975783
  },
  {
    "id": "7e47a753-3dad-489e-91ae-f328628223b1",
    "data": [
      {
        "text": "look forward to our call -SCRIBETIME-.",
        "userDefined": false
      }
    ],
    "isTemplate": false,
    "count": 0,
    "updated": 1528975783
  },
  {
    "id": "79557599-2bcb-4b53-b516-48a92107b18b",
    "data": [
      {
        "text": "Arranging a call would be a pleasure.",
        "userDefined": false
      }
    ],
    "isTemplate": false,
    "count": 0,
    "updated": 1528975783
  },
  {
    "id": "a1ac7098-7f16-434c-b60b-080dd0e03aa9",
    "data": [
      {
        "text": "Can I call you?",
        "userDefined": false
      }
    ],
    "isTemplate": false,
    "count": 0,
    "updated": 1528975783
  },
  {
    "id": "7404eeda-d5e4-4f19-a052-b4ee0f2e0a68",
    "data": [
      {
        "text": "Can you tell me ( questions here) -Thanks!",
        "userDefined": false
      }
    ],
    "isTemplate": false,
    "count": 0,
    "updated": 1528975783
  },
  {
    "id": "0c8ee12e-bd04-43d6-a326-6a56d710657b",
    "data": [
      {
        "text": "look forward to your call.",
        "userDefined": false
      }
    ],
    "isTemplate": false,
    "count": 0,
    "updated": 1528975783
  },
  {
    "id": "415a061f-e7c2-4739-8c8f-669c6230492d",
    "data": [
      {
        "text": "to contact me later",
        "userDefined": false
      }
    ],
    "isTemplate": false,
    "count": 0,
    "updated": 1528975783
  },
  {
    "id": "1c5563ce-5e27-451a-a5ab-8d889d851f41",
    "data": [
      {
        "text": "Can you contact me later in the week?",
        "userDefined": false
      }
    ],
    "isTemplate": false,
    "count": 0,
    "updated": 1528975783
  },
  {
    "id": "b1b827d2-a5db-44a5-97b4-08ebaa7837e5",
    "data": [
      {
        "text": "Can you contact me later to discuss the upgrade options please?",
        "userDefined": false
      }
    ],
    "isTemplate": false,
    "count": 0,
    "updated": 1528975783
  },
  {
    "id": "c7825112-d149-48fa-9a34-a1f4904d3006",
    "data": [
      {
        "text": "Can you please call me then.",
        "userDefined": false
      }
    ],
    "isTemplate": false,
    "count": 0,
    "updated": 1528975783
  },
  {
    "id": "53e34a5c-0981-4f70-8551-6d263b666571",
    "data": [
      {
        "text": "It would be pleasure if you can call me -SCRIBETIME- Regards",
        "userDefined": false
      }
    ],
    "isTemplate": false,
    "count": 0,
    "updated": 1528975783
  },
  {
    "id": "b31ef642-ed92-4571-98e6-a572e17f7855",
    "data": [
      {
        "text": "Can you take a call sometime -SCRIBETIME-?",
        "userDefined": false
      }
    ],
    "isTemplate": false,
    "count": 0,
    "updated": 1528975783
  },
  {
    "id": "0629c19e-892c-4334-bcca-6e1f99694247",
    "data": [
      {
        "text": "Please call me -SCRIBETIME- Megan.",
        "userDefined": false
      }
    ],
    "isTemplate": false,
    "count": 0,
    "updated": 1528975783
  },
  {
    "id": "f651a094-8fa2-4e25-a645-ef6ac723ef72",
    "data": [
      {
        "text": "Give me a call -SCRIBETIME- to discuss upgrade options.",
        "userDefined": false
      }
    ],
    "isTemplate": false,
    "count": 0,
    "updated": 1528975783
  },
  {
    "id": "90926b28-deb7-46e2-bc4e-89498a0af7eb",
    "data": [
      {
        "text": "Can we schedule a call during this break in my day.",
        "userDefined": false
      }
    ],
    "isTemplate": false,
    "count": 0,
    "updated": 1528975783
  },
  {
    "id": "80568e47-e50a-4548-b0f4-5f17c6cd7e57",
    "data": [
      {
        "text": "Are you able to call us -SCRIBETIME-?",
        "userDefined": false
      }
    ],
    "isTemplate": false,
    "count": 0,
    "updated": 1528975783
  },
  {
    "id": "0483ea6b-1795-46b3-956b-54c8ca45813d",
    "data": [
      {
        "text": "Please call me at any time -SCRIBETIME-",
        "userDefined": false
      }
    ],
    "isTemplate": false,
    "count": 0,
    "updated": 1528975783
  },
  {
    "id": "72476243-d2c0-4bd3-a324-cf4a1ff8d448",
    "data": [
      {
        "text": "I am reaching out -SCRIBETIME- to set up a phone call to discuss purchasing the software.",
        "userDefined": false
      }
    ],
    "isTemplate": false,
    "count": 0,
    "updated": 1528975783
  },
  {
    "id": "e7fc9256-f20d-4f1e-8676-4e6c6a48b02f",
    "data": [
      {
        "text": "Please let me know when you are available to for a short call.",
        "userDefined": false
      }
    ],
    "isTemplate": false,
    "count": 0,
    "updated": 1528975783
  },
  {
    "id": "f4ce362d-73cc-4f12-befa-c267327e0b1a",
    "data": [
      {
        "text": "I would like to have a phone conversation to discuss the possibility of purchasing your software.",
        "userDefined": false
      }
    ],
    "isTemplate": false,
    "count": 0,
    "updated": 1528975783
  },
  {
    "id": "3dc4895a-8cc6-4e32-ad47-3c4167eaed55",
    "data": [
      {
        "text": "Please contact me at your earliest convenience.",
        "userDefined": false
      }
    ],
    "isTemplate": false,
    "count": 0,
    "updated": 1528975783
  },
  {
    "id": "5f2aae57-3f09-43a7-bced-bd345ec79be8",
    "data": [
      {
        "text": "I would like to set up a phone call so that we can discuss this software further.",
        "userDefined": false
      }
    ],
    "isTemplate": false,
    "count": 0,
    "updated": 1528975783
  },
  {
    "id": "2af41c1d-28df-483c-aea3-528f253b6453",
    "data": [
      {
        "text": "Can we please set up a time for a call about the software we need to buy?",
        "userDefined": false
      }
    ],
    "isTemplate": false,
    "count": 0,
    "updated": 1528975783
  },
  {
    "id": "aecd0866-5a26-4979-a79f-e05290a60988",
    "data": [
      {
        "text": "please contact me via phone.",
        "userDefined": false
      }
    ],
    "isTemplate": false,
    "count": 0,
    "updated": 1528975783
  },
  {
    "id": "811fc7f6-e51e-4026-bd5e-121c3a198efa",
    "data": [
      {
        "text": "we need to discuss this over the phone.",
        "userDefined": false
      }
    ],
    "isTemplate": false,
    "count": 0,
    "updated": 1528975783
  },
  {
    "id": "05fea31c-b65c-4bfa-9fa1-f0e6b79ec7b8",
    "data": [
      {
        "text": "i would like to set up a call to talk about buying the software.",
        "userDefined": false
      }
    ],
    "isTemplate": false,
    "count": 0,
    "updated": 1528975783
  },
  {
    "id": "ecb7aff2-8daa-4f16-9fd8-953ca9700f21",
    "data": [
      {
        "text": "Can you call me asap so that we can discuss the software?",
        "userDefined": false
      }
    ],
    "isTemplate": false,
    "count": 0,
    "updated": 1528975783
  },
  {
    "id": "33b0d5b6-aa91-43b6-9329-81c9ebba07e0",
    "data": [
      {
        "text": "Is it possible for us to talk on the phone to discuss buying software?",
        "userDefined": false
      }
    ],
    "isTemplate": false,
    "count": 0,
    "updated": 1528975783
  },
  {
    "id": "d7ee772d-6121-4b96-8aa6-7c2f50b6697f",
    "data": [
      {
        "text": "What would be a good time for a call?",
        "userDefined": false
      }
    ],
    "isTemplate": false,
    "count": 0,
    "updated": 1528975783
  },
  {
    "id": "9e60b8c0-3758-4736-9cd9-a6159f867ad9",
    "data": [
      {
        "text": "you call me",
        "userDefined": false
      }
    ],
    "isTemplate": false,
    "count": 0,
    "updated": 1528975783
  },
  {
    "id": "8f5ba8d9-97b4-4fe6-8507-001906308f7f",
    "data": [
      {
        "text": "i would like to have a call with you.",
        "userDefined": false
      }
    ],
    "isTemplate": false,
    "count": 0,
    "updated": 1528975783
  },
  {
    "id": "4959031c-4764-46d9-9b5d-771ee500a9a2",
    "data": [
      {
        "text": "Hi Megan I would like to discuss over the phone about buying the software from you.",
        "userDefined": false
      }
    ],
    "isTemplate": false,
    "count": 0,
    "updated": 1528975783
  },
  {
    "id": "c4cc5229-f24e-4927-b366-2e77703ff5dc",
    "data": [
      {
        "text": "Please call me to discuss.",
        "userDefined": false
      }
    ],
    "isTemplate": false,
    "count": 0,
    "updated": 1528975783
  },
  {
    "id": "6cb62c04-2b4a-4d60-b736-6da231e7b4ee",
    "data": [
      {
        "text": "kindly leave a phone number",
        "userDefined": false
      }
    ],
    "isTemplate": false,
    "count": 0,
    "updated": 1528975783
  },
  {
    "id": "513ee59b-f404-4a38-b62c-d9374c7f5450",
    "data": [
      {
        "text": "we can get on a call.",
        "userDefined": false
      }
    ],
    "isTemplate": false,
    "count": 0,
    "updated": 1528975783
  },
  {
    "id": "c11d72d4-8849-4586-a160-02648beeac8e",
    "data": [
      {
        "text": "can you contact me -SCRIBETIME-?",
        "userDefined": false
      }
    ],
    "isTemplate": false,
    "count": 0,
    "updated": 1528975783
  },
  {
    "id": "30c0c8cf-ffff-4f8d-b73f-514ce0b071b0",
    "data": [
      {
        "text": "I would like you to contact me -SCRIBETIME-.",
        "userDefined": false
      }
    ],
    "isTemplate": false,
    "count": 0,
    "updated": 1528975783
  },
  {
    "id": "079cfdeb-2192-4b1d-bb0d-b750491c57c7",
    "data": [
      {
        "text": "find herewith a calendar notification for call schedule to discuss this further.",
        "userDefined": false
      }
    ],
    "isTemplate": false,
    "count": 0,
    "updated": 1528975783
  },
  {
    "id": "4d420396-62a1-4a7e-b89b-983e175551ce",
    "data": [
      {
        "text": "Can you please reach out to me -SCRIBETIME-?",
        "userDefined": false
      }
    ],
    "isTemplate": false,
    "count": 0,
    "updated": 1528975783
  },
  {
    "id": "8bc6b47d-0cdd-4de6-bf9c-8bfb9ebdaabe",
    "data": [
      {
        "text": "Please give me a call -SCRIBETIME-.",
        "userDefined": false
      }
    ],
    "isTemplate": false,
    "count": 0,
    "updated": 1528975783
  },
  {
    "id": "e251bbf5-7dcb-4d92-bf18-95e4d5361545",
    "data": [
      {
        "text": "you may call me -SCRIBETIME- I look forward to hearing from you.",
        "userDefined": false
      }
    ],
    "isTemplate": false,
    "count": 0,
    "updated": 1528975783
  },
  {
    "id": "926aa11d-0e85-4558-8c48-26b4d4cc1342",
    "data": [
      {
        "text": "Can you please call me on my mobile to discuas further regarding software.",
        "userDefined": false
      }
    ],
    "isTemplate": false,
    "count": 0,
    "updated": 1528975783
  },
  {
    "id": "c982af83-263c-4124-a078-54c74693348c",
    "data": [
      {
        "text": "I would love to get on the phone",
        "userDefined": false
      }
    ],
    "isTemplate": false,
    "count": 0,
    "updated": 1528975783
  },
  {
    "id": "db42194a-93ed-4a6f-8496-4e109495a3c8",
    "data": [
      {
        "text": "If possible could you give me a call later -SCRIBETIME-?",
        "userDefined": false
      }
    ],
    "isTemplate": false,
    "count": 0,
    "updated": 1528975783
  },
  {
    "id": "087b4256-9f80-4207-9e36-91dc771b1188",
    "data": [
      {
        "text": "you think you could contact me -SCRIBETIME-?",
        "userDefined": false
      }
    ],
    "isTemplate": false,
    "count": 0,
    "updated": 1528975783
  },
  {
    "id": "65cdf4e9-8f3d-49a8-9cc7-6c1bda75ef70",
    "data": [
      {
        "text": "Could you call me -SCRIBETIME- to discuss your products further.",
        "userDefined": false
      }
    ],
    "isTemplate": false,
    "count": 0,
    "updated": 1528975783
  },
  {
    "id": "a2470ff3-549c-439a-83bf-3efb11f789f7",
    "data": [
      {
        "text": "Would you please contat me -SCRIBETIME-",
        "userDefined": false
      }
    ],
    "isTemplate": false,
    "count": 0,
    "updated": 1528975783
  },
  {
    "id": "b911cfe0-d837-462d-8af3-3df88e5d10f0",
    "data": [
      {
        "text": "I have sent the meeting request with the phone number attached for you to call in.",
        "userDefined": false
      }
    ],
    "isTemplate": false,
    "count": 0,
    "updated": 1528975783
  },
  {
    "id": "58c12c02-268a-4c87-8d9e-400c6d396939",
    "data": [
      {
        "text": "can you please call me -SCRIBETIME-?",
        "userDefined": false
      }
    ],
    "isTemplate": false,
    "count": 0,
    "updated": 1528975783
  },
  {
    "id": "89e5bfc8-c203-4b04-840f-2e68ff5e3845",
    "data": [
      {
        "text": "Can you actually call me -SCRIBETIME-?",
        "userDefined": false
      }
    ],
    "isTemplate": false,
    "count": 0,
    "updated": 1528975783
  },
  {
    "id": "f8bf3158-5846-4279-88c2-3f7e9e4919a4",
    "data": [
      {
        "text": "Can you please contact me -SCRIBETIME- for further discussion?",
        "userDefined": false
      }
    ],
    "isTemplate": false,
    "count": 0,
    "updated": 1528975783
  },
  {
    "id": "2b691829-0a49-4a3e-84af-b2bd044b6d55",
    "data": [
      {
        "text": "Please give me a call -SCRIBETIME- to discuss your new software.",
        "userDefined": false
      }
    ],
    "isTemplate": false,
    "count": 0,
    "updated": 1528975783
  },
  {
    "id": "2d97ec2f-bb72-42d6-9cc6-dc08f2ef92e4",
    "data": [
      {
        "text": "I am reaching again -SCRIBETIME- to follow up on setting up a phone call to discuss the purchase of the softwares.",
        "userDefined": false
      }
    ],
    "isTemplate": false,
    "count": 0,
    "updated": 1528975783
  },
  {
    "id": "9fd35d3e-7eb7-4cc5-861d-417747c82732",
    "data": [
      {
        "text": "Can you contact me -SCRIBETIME-?",
        "userDefined": false
      }
    ],
    "isTemplate": false,
    "count": 0,
    "updated": 1528975783
  },
  {
    "id": "e0027162-a7dd-41d6-b429-dd7e48b09a12",
    "data": [
      {
        "text": "I look forward to the call!",
        "userDefined": false
      }
    ],
    "isTemplate": false,
    "count": 0,
    "updated": 1528975783
  },
  {
    "id": "0b8e50e7-58bc-4788-920f-eece037c5253",
    "data": [
      {
        "text": "I would like to for you to call me -SCRIBETIME-: 30 am.",
        "userDefined": false
      }
    ],
    "isTemplate": false,
    "count": 0,
    "updated": 1528975783
  },
  {
    "id": "d0399871-a970-4b20-b678-fef7310c39c6",
    "data": [
      {
        "text": "Can you call back then?",
        "userDefined": false
      }
    ],
    "isTemplate": false,
    "count": 0,
    "updated": 1528975783
  },
  {
    "id": "ac6f72d4-0f1c-4a33-b126-7845282f3b68",
    "data": [
      {
        "text": "Can you please contact me -SCRIBETIME-.",
        "userDefined": false
      }
    ],
    "isTemplate": false,
    "count": 0,
    "updated": 1528975783
  },
  {
    "id": "6cf4a819-1fba-4139-90b9-99f12f4f3a24",
    "data": [
      {
        "text": "Would it be possible to schedule the call -SCRIBETIME-?",
        "userDefined": false
      }
    ],
    "isTemplate": false,
    "count": 0,
    "updated": 1528975783
  },
  {
    "id": "69a36f02-9259-4fd6-a27f-454d9363b807",
    "data": [
      {
        "text": "I am available -SCRIBETIME- for a call.",
        "userDefined": false
      }
    ],
    "isTemplate": false,
    "count": 0,
    "updated": 1528975783
  },
  {
    "id": "8017d3b7-699f-4eec-9e1a-6d4f6c5e741e",
    "data": [
      {
        "text": "Please feel free to schedule a call for any time that fits within these parameters.",
        "userDefined": false
      }
    ],
    "isTemplate": false,
    "count": 0,
    "updated": 1528975783
  },
  {
    "id": "e97d47bb-7cb3-4863-b4ae-6180b51f825f",
    "data": [
      {
        "text": "Ask Megan to schedule a call with me -SCRIBETIME-",
        "userDefined": false
      }
    ],
    "isTemplate": false,
    "count": 0,
    "updated": 1528975783
  },
  {
    "id": "b4db4f92-1e77-47d0-b6e3-065c34d59d8f",
    "data": [
      {
        "text": "Would it be possible for you to give me a call -SCRIBETIME- anytime -SCRIBETIME-?",
        "userDefined": false
      }
    ],
    "isTemplate": false,
    "count": 0,
    "updated": 1528975783
  },
  {
    "id": "266cd74b-295f-40f8-9235-f3ee0ffbfe8c",
    "data": [
      {
        "text": "You can call me -SCRIBETIME-",
        "userDefined": false
      }
    ],
    "isTemplate": false,
    "count": 1,
    "updated": 1528975783
  },
  {
    "id": "ca5ce7cd-4341-4b59-847a-86ea23f8b9ab",
    "data": [
      {
        "text": "i would like to speak with you about this -SCRIBETIME-.",
        "userDefined": false
      }
    ],
    "isTemplate": false,
    "count": 0,
    "updated": 1528975783
  },
  {
    "id": "b94fed09-1790-44f3-a6c6-1f808f9327a7",
    "data": [
      {
        "text": "Could you please schedule a call with me in the -SCRIBETIME- at a time of your convenience.",
        "userDefined": false
      }
    ],
    "isTemplate": false,
    "count": 0,
    "updated": 1528975783
  },
  {
    "id": "31d05557-f768-4ccc-a92b-b0e16e2f9329",
    "data": [
      {
        "text": "can you please call me -SCRIBETIME-",
        "userDefined": false
      }
    ],
    "isTemplate": false,
    "count": 0,
    "updated": 1528975783
  },
  {
    "id": "e27d4342-44dd-4f44-b930-7cf05ca4668e",
    "data": [
      {
        "text": "Call me -SCRIBETIME- !",
        "userDefined": false
      }
    ],
    "isTemplate": false,
    "count": 0,
    "updated": 1528975783
  },
  {
    "id": "7495545d-ffa9-4ffa-ad13-4b58c8acdc58",
    "data": [
      {
        "text": "could you please call me -SCRIBETIME-?",
        "userDefined": false
      }
    ],
    "isTemplate": false,
    "count": 0,
    "updated": 1528975783
  },
  {
    "id": "f67b7cb9-3aa4-4a23-8908-2a35ae16a199",
    "data": [
      {
        "text": "Please call me -SCRIBETIME-",
        "userDefined": false
      }
    ],
    "isTemplate": false,
    "count": 0,
    "updated": 1528975783
  },
  {
    "id": "0f00fbff-2416-4733-be1c-4d2a2b7fad23",
    "data": [
      {
        "text": "We would very much appreciate a call to discuss.",
        "userDefined": false
      }
    ],
    "isTemplate": false,
    "count": 0,
    "updated": 1528975783
  },
  {
    "id": "ea57136e-1196-4019-b077-c2495f568310",
    "data": [
      {
        "text": "Please call me -SCRIBETIME- on -SCRIBEPHONE- to discuss more on it.",
        "userDefined": false
      }
    ],
    "isTemplate": false,
    "count": 0,
    "updated": 1528975783
  },
  {
    "id": "e23fab9c-a855-4cdd-a3c7-ef867bb191dc",
    "data": [
      {
        "text": "Please call -SCRIBETIME- to discuss your products.",
        "userDefined": false
      }
    ],
    "isTemplate": false,
    "count": 0,
    "updated": 1528975783
  },
  {
    "id": "7ff3ca2a-75ee-4c3a-8613-dccd2fd3ec27",
    "data": [
      {
        "text": "let us schedule a call for -SCRIBETIME-.",
        "userDefined": false
      }
    ],
    "isTemplate": false,
    "count": 0,
    "updated": 1528975783
  },
  {
    "id": "cf1d11fb-3667-492c-b6ec-ce9bbf669c17",
    "data": [
      {
        "text": "please give me a call.",
        "userDefined": false
      }
    ],
    "isTemplate": false,
    "count": 0,
    "updated": 1528975783
  },
  {
    "id": "5d233b09-bda4-44a4-8f32-a5ee4bedfbfd",
    "data": [
      {
        "text": "Please contact me back -SCRIBETIME- to discuss this.",
        "userDefined": false
      }
    ],
    "isTemplate": false,
    "count": 0,
    "updated": 1528975783
  },
  {
    "id": "8f164004-6d8d-4d31-ac90-90676d6183ba",
    "data": [
      {
        "text": "you may arrange a call back -SCRIBETIME- -SCRIBETIME-",
        "userDefined": false
      }
    ],
    "isTemplate": false,
    "count": 0,
    "updated": 1528975783
  },
  {
    "id": "b19dcf24-2ffa-48df-ba28-ef5734e5283c",
    "data": [
      {
        "text": "so kindly leave your number in a reply",
        "userDefined": false
      }
    ],
    "isTemplate": false,
    "count": 0,
    "updated": 1528975783
  },
  {
    "id": "f1bafdc5-5a1f-40b0-99c9-67610c57acfb",
    "data": [
      {
        "text": "Is this phone number the best one to reach you at?",
        "userDefined": false
      }
    ],
    "isTemplate": false,
    "count": 0,
    "updated": 1528975783
  },
  {
    "id": "3973a695-c693-480b-b4f6-cd6ee61d999f",
    "data": [
      {
        "text": "Hey Artem- I do not have a number to reach you on?",
        "userDefined": false
      }
    ],
    "isTemplate": false,
    "count": 1,
    "updated": 1528975783
  }
]