[
  {
    "id": "896dfdef-d12e-49a1-9fb2-c989e73ea5f4",
    "data": [
      {
        "text": "block our calendars accordingly.",
        "userDefined": false
      }
    ],
    "isTemplate": false,
    "count": 0,
    "updated": 1528975783
  },
  {
    "id": "f88f50d9-9634-4851-938e-027c7cb286dc",
    "data": [
      {
        "text": "Perhaps you can propose something for -SCRIBETIME- when we perform our vendor review.",
        "userDefined": false
      }
    ],
    "isTemplate": false,
    "count": 0,
    "updated": 1528975783
  },
  {
    "id": "7c694152-245c-409f-8b85-dceedf91c69d",
    "data": [
      {
        "text": "I will contact you back in -SCRIBETIME- Adam",
        "userDefined": false
      }
    ],
    "isTemplate": false,
    "count": 0,
    "updated": 1528975783
  },
  {
    "id": "ff742640-75b7-4d9e-8b14-04c11a0fb8b2",
    "data": [
      {
        "text": "How -SCRIBETIME-?",
        "userDefined": false
      }
    ],
    "isTemplate": false,
    "count": 0,
    "updated": 1528975783
  },
  {
    "id": "ec87e5b6-d7c4-445c-a966-b493d5587e87",
    "data": [
      {
        "text": "Kindly refer to his feasible time below",
        "userDefined": false
      }
    ],
    "isTemplate": false,
    "count": 0,
    "updated": 1528975783
  },
  {
    "id": "f7be60da-0ddd-4a87-bad0-c28770197f89",
    "data": [
      {
        "text": "confirm any hour slot for meeting schedule at our Bharti AXA Goregaon East office.",
        "userDefined": false
      }
    ],
    "isTemplate": false,
    "count": 0,
    "updated": 1528975783
  },
  {
    "id": "571ea14d-f9df-405f-b513-4e90601da190",
    "data": [
      {
        "text": "I sent you an invite please except if it works for u",
        "userDefined": false
      }
    ],
    "isTemplate": false,
    "count": 0,
    "updated": 1528975783
  }
]