[
  {
    "id": "1f5783c9-18d0-45da-a72e-5dec8426b379",
    "data": [
      {
        "text": "Not my coverage area.",
        "userDefined": false
      }
    ],
    "isTemplate": false,
    "count": 0,
    "updated": 1528975783
  },
  {
    "id": "0be73819-d776-439a-93bf-66ed1476f7cc",
    "data": [
      {
        "text": "so this would not -SCRIBETIME- under my purview.",
        "userDefined": false
      }
    ],
    "isTemplate": false,
    "count": 0,
    "updated": 1528975783
  },
  {
    "id": "3834c024-4565-4390-8425-fc127a56088a",
    "data": [
      {
        "text": "This falls outside my coverage area.",
        "userDefined": false
      }
    ],
    "isTemplate": false,
    "count": 0,
    "updated": 1528975783
  },
  {
    "id": "c3f1adc7-ec84-4909-a330-08a41289572a",
    "data": [
      {
        "text": "Not my beat.",
        "userDefined": false
      }
    ],
    "isTemplate": false,
    "count": 0,
    "updated": 1528975783
  },
  {
    "id": "08c0d34c-594a-4826-b54a-69a070408086",
    "data": [
      {
        "text": "I am not the relevant person for this.",
        "userDefined": false
      }
    ],
    "isTemplate": false,
    "count": 0,
    "updated": 1528975783
  },
  {
    "id": "eacad199-f307-4ba4-8538-d6c61e6d1916",
    "data": [
      {
        "text": "First of all I am not the right person for these things",
        "userDefined": false
      }
    ],
    "isTemplate": false,
    "count": 0,
    "updated": 1528975783
  },
  {
    "id": "b181e522-30c5-45fb-8445-a44734441689",
    "data": [
      {
        "text": "Not the concerned person for this.",
        "userDefined": false
      }
    ],
    "isTemplate": false,
    "count": 0,
    "updated": 1528975783
  },
  {
    "id": "bacd8527-50fe-4047-8390-be27f21fd9cb",
    "data": [
      {
        "text": "i am not a Contact person.",
        "userDefined": false
      }
    ],
    "isTemplate": false,
    "count": 0,
    "updated": 1528975783
  },
  {
    "id": "d5a68015-dd48-4f8b-80c5-b93016c8a9c0",
    "data": [
      {
        "text": "i am marking my Finance Head in copy.",
        "userDefined": false
      }
    ],
    "isTemplate": false,
    "count": 0,
    "updated": 1528975783
  },
  {
    "id": "74a24d16-4de1-4262-8d69-01d7e1c6becd",
    "data": [
      {
        "text": "Since I am not the right person",
        "userDefined": false
      }
    ],
    "isTemplate": false,
    "count": 0,
    "updated": 1528975783
  },
  {
    "id": "8c653c67-cf3a-422d-92a4-d92b99e60b14",
    "data": [
      {
        "text": "Hi Tina ,\u0026nbsp;I am no more associated to Jain Heights.",
        "userDefined": false
      }
    ],
    "isTemplate": false,
    "count": 0,
    "updated": 1528975783
  },
  {
    "id": "551050e5-0f03-4395-98de-bc1b86e69b74",
    "data": [
      {
        "text": "YOU ARE REFERREING TO WRONG PERSON PL.",
        "userDefined": false
      }
    ],
    "isTemplate": false,
    "count": 0,
    "updated": 1528975783
  },
  {
    "id": "2bb098c2-ae40-4ae7-87cc-6429e162ad1b",
    "data": [
      {
        "text": "I am not the concerned person in our office to handle this subject.",
        "userDefined": false
      }
    ],
    "isTemplate": false,
    "count": 0,
    "updated": 1528975783
  },
  {
    "id": "8948061a-d87a-418a-b48b-5d3a4db94b11",
    "data": [
      {
        "text": "This is to inform you that this is not applicable to our Council.",
        "userDefined": false
      }
    ],
    "isTemplate": false,
    "count": 0,
    "updated": 1528975783
  },
  {
    "id": "54407096-21fe-4c6b-9c59-15687b4d41dc",
    "data": [
      {
        "text": "I am not sure if this email is for me",
        "userDefined": false
      }
    ],
    "isTemplate": false,
    "count": 0,
    "updated": 1528975783
  },
  {
    "id": "4abee9e6-fc1b-4da1-afcc-4026a72d77d4",
    "data": [
      {
        "text": "I am not the correct person to reach out.",
        "userDefined": false
      }
    ],
    "isTemplate": false,
    "count": 0,
    "updated": 1528975783
  },
  {
    "id": "421cf51f-611f-46fb-977a-2a044eed008c",
    "data": [
      {
        "text": "I am not the person to contact",
        "userDefined": false
      }
    ],
    "isTemplate": false,
    "count": 0,
    "updated": 1528975783
  },
  {
    "id": "1529dcbe-82a7-403e-90e7-c6d9df1e0149",
    "data": [
      {
        "text": "I am not the decision maker for software purchases.",
        "userDefined": false
      }
    ],
    "isTemplate": false,
    "count": 0,
    "updated": 1528975783
  },
  {
    "id": "bf8aa2c4-d1c0-41bd-8a3b-d57863c57815",
    "data": [
      {
        "text": "Alex can help support the coordination.",
        "userDefined": false
      }
    ],
    "isTemplate": false,
    "count": 0,
    "updated": 1528975783
  },
  {
    "id": "34998069-94e7-419c-bc7a-2a25562c7f3c",
    "data": [
      {
        "text": "i will pass this along to my team to get their thoughts.",
        "userDefined": false
      }
    ],
    "isTemplate": false,
    "count": 0,
    "updated": 1528975783
  },
  {
    "id": "6b7ccc55-532d-45b6-a9d1-3a758b3d611d",
    "data": [
      {
        "text": "i am forwarding this email on to the rest of our team.",
        "userDefined": false
      }
    ],
    "isTemplate": false,
    "count": 0,
    "updated": 1528975783
  },
  {
    "id": "f0a61fbc-992b-4cae-8f6c-fa185fa7c33b",
    "data": [
      {
        "text": "as I am an accountant).",
        "userDefined": false
      }
    ],
    "isTemplate": false,
    "count": 0,
    "updated": 1528975783
  },
  {
    "id": "b657f347-87fa-4c34-bf4d-c2b352eba160",
    "data": [
      {
        "text": "we need to discuss about this with our chairperson.",
        "userDefined": false
      }
    ],
    "isTemplate": false,
    "count": 0,
    "updated": 1528975783
  },
  {
    "id": "a37b2ff7-40b8-4298-9596-6e5c14a2bb21",
    "data": [
      {
        "text": "Not sure how helpful Id be on a call",
        "userDefined": false
      }
    ],
    "isTemplate": false,
    "count": 0,
    "updated": 1528975783
  },
  {
    "id": "5d8056c3-d005-4fff-a6f8-019dec76ea2a",
    "data": [
      {
        "text": "Digital Marketing does not report to me.",
        "userDefined": false
      }
    ],
    "isTemplate": false,
    "count": 0,
    "updated": 1528975783
  },
  {
    "id": "d8573464-eae1-4f9e-818e-f2808194e6a4",
    "data": [
      {
        "text": "You have reached the wrong person.",
        "userDefined": false
      }
    ],
    "isTemplate": false,
    "count": 0,
    "updated": 1528975783
  },
  {
    "id": "009e7a9d-f135-4059-ae50-7e84fcabbf5a",
    "data": [
      {
        "text": "I am not the person you need to contact.",
        "userDefined": false
      }
    ],
    "isTemplate": false,
    "count": 0,
    "updated": 1528975783
  },
  {
    "id": "1e433a43-445e-484f-b5ab-9035bb940ae3",
    "data": [
      {
        "text": "i am no longer involved with the marketing here.",
        "userDefined": false
      }
    ],
    "isTemplate": false,
    "count": 0,
    "updated": 1528975783
  },
  {
    "id": "9508bd0d-7785-4b8b-b219-135f82c1de5c",
    "data": [
      {
        "text": "not an owner",
        "userDefined": false
      }
    ],
    "isTemplate": false,
    "count": 0,
    "updated": 1528975783
  },
  {
    "id": "e2eeacb4-04a6-477b-adfe-87ba1bf8df8b",
    "data": [
      {
        "text": "We unfortunately do not have tech",
        "userDefined": false
      }
    ],
    "isTemplate": false,
    "count": 0,
    "updated": 1528975783
  },
  {
    "id": "f75ca4d9-33ed-4dcb-bb04-304843882dfc",
    "data": [
      {
        "text": "You are contacting the wrong guy",
        "userDefined": false
      }
    ],
    "isTemplate": false,
    "count": 0,
    "updated": 1528975783
  },
  {
    "id": "3494fb4b-2068-44d4-a359-7290de95c7b5",
    "data": [
      {
        "text": "I do not manage the website -",
        "userDefined": false
      }
    ],
    "isTemplate": false,
    "count": 0,
    "updated": 1528975783
  }
]