[
  {
    "id": "1f2df82b-93bb-49fc-818e-f184e4560aa9",
    "data": [
      {
        "text": "I tried to schedule",
        "userDefined": false
      }
    ],
    "isTemplate": false,
    "count": 0,
    "updated": 1528975783
  },
  {
    "id": "dfeb9798-8d87-4ef0-9983-df7b08b65bd4",
    "data": [
      {
        "text": "your scheduler only goes -SCRIBETIME-",
        "userDefined": false
      }
    ],
    "isTemplate": false,
    "count": 0,
    "updated": 1528975783
  },
  {
    "id": "772bf42a-fabd-4332-9d67-4a936b4611a6",
    "data": [
      {
        "text": "Megan did not provide a calendar",
        "userDefined": false
      }
    ],
    "isTemplate": false,
    "count": 0,
    "updated": 1528975783
  },
  {
    "id": "c06b8c95-867d-45ea-a44e-7121bead8ba0",
    "data": [
      {
        "text": "Megan did not provide a calendar.",
        "userDefined": false
      }
    ],
    "isTemplate": false,
    "count": 0,
    "updated": 1528975783
  },
  {
    "id": "8d24096e-c5b1-45ab-90de-4cc69bd1ce6e",
    "data": [
      {
        "text": "we are running short of time to go through the details.",
        "userDefined": false
      }
    ],
    "isTemplate": false,
    "count": 0,
    "updated": 1528975783
  },
  {
    "id": "3037bf61-4cf2-4c84-aa11-97629e581633",
    "data": [
      {
        "text": "-SCRIBETIME- i am needing to concentrate on a specific process we are dealing with.",
        "userDefined": false
      }
    ],
    "isTemplate": false,
    "count": 0,
    "updated": 1528975783
  },
  {
    "id": "de7fe929-a894-47fe-833a-40274282adab",
    "data": [
      {
        "text": "I do not have time -SCRIBETIME-.",
        "userDefined": false
      }
    ],
    "isTemplate": false,
    "count": 0,
    "updated": 1528975783
  },
  {
    "id": "50068544-aad6-4fe7-adf2-18d29540e0f3",
    "data": [
      {
        "text": "The -SCRIBETIME- call -SCRIBETIME- looks difficult.",
        "userDefined": false
      }
    ],
    "isTemplate": false,
    "count": 0,
    "updated": 1528975783
  },
  {
    "id": "22174cb0-5788-4296-b613-6f65aad94338",
    "data": [
      {
        "text": "I can not assist your business at the present time.",
        "userDefined": false
      }
    ],
    "isTemplate": false,
    "count": 0,
    "updated": 1528975783
  },
  {
    "id": "f02ad426-71f8-451c-959e-4c1398b81666",
    "data": [
      {
        "text": "I do not have the time to set up a call for a while.",
        "userDefined": false
      }
    ],
    "isTemplate": false,
    "count": 0,
    "updated": 1528975783
  },
  {
    "id": "d3a3de73-5ae3-4001-9e7f-8f9cfe4f3081",
    "data": [
      {
        "text": "I am not able to schedule a time -SCRIBETIME-.",
        "userDefined": false
      }
    ],
    "isTemplate": false,
    "count": 0,
    "updated": 1528975783
  },
  {
    "id": "88b94810-a309-4204-8a6a-2b2c0ff12668",
    "data": [
      {
        "text": "I am currently unable to schedule one of your open slots for a call.",
        "userDefined": false
      }
    ],
    "isTemplate": false,
    "count": 0,
    "updated": 1528975783
  },
  {
    "id": "35ba4bdd-b0d0-4090-98fb-bf9d4cc9649a",
    "data": [
      {
        "text": "I am not available -SCRIBETIME-.",
        "userDefined": false
      }
    ],
    "isTemplate": false,
    "count": 0,
    "updated": 1528975783
  },
  {
    "id": "38b66869-ec81-4a2b-ad82-0b2bd09a18df",
    "data": [
      {
        "text": "unfortunately those do not work with my schedule.",
        "userDefined": false
      }
    ],
    "isTemplate": false,
    "count": 0,
    "updated": 1528975783
  },
  {
    "id": "8bb827e5-0fae-4868-b522-c572b99aacd8",
    "data": [
      {
        "text": "I cannot talk -SCRIBETIME-",
        "userDefined": false
      }
    ],
    "isTemplate": false,
    "count": 1,
    "updated": 1528975783
  },
  {
    "id": "12d2e94e-24df-48d2-8f62-e555cf06422a",
    "data": [
      {
        "text": "-SCRIBETIME- is not a good time for me",
        "userDefined": false
      }
    ],
    "isTemplate": false,
    "count": 0,
    "updated": 1528975783
  },
  {
    "id": "b3d0dd8b-d3b8-4389-89e3-4afbc9241064",
    "data": [
      {
        "text": "I cannot -SCRIBETIME-",
        "userDefined": false
      }
    ],
    "isTemplate": false,
    "count": 0,
    "updated": 1528975783
  },
  {
    "id": "ef68f694-7fe4-46f6-ad0a-4f56ffe87a82",
    "data": [
      {
        "text": "however -SCRIBETIME- is not a good time.",
        "userDefined": false
      }
    ],
    "isTemplate": false,
    "count": 0,
    "updated": 1528975783
  },
  {
    "id": "19d82fa1-d5b6-46a0-bfd1-334158c53575",
    "data": [
      {
        "text": "This is not a good time",
        "userDefined": false
      }
    ],
    "isTemplate": false,
    "count": 0,
    "updated": 1528975783
  },
  {
    "id": "a839ed55-efaa-41db-8ccd-2dcee52d99ab",
    "data": [
      {
        "text": "it is not a good time -SCRIBETIME-.",
        "userDefined": false
      }
    ],
    "isTemplate": false,
    "count": 0,
    "updated": 1528975783
  },
  {
    "id": "bf306684-64bd-4390-8373-1ca16cfc5911",
    "data": [
      {
        "text": "I do not feel comfortable clicking on the link provided.",
        "userDefined": false
      }
    ],
    "isTemplate": false,
    "count": 0,
    "updated": 1528975783
  },
  {
    "id": "264085ef-02dc-4a7a-857c-9b966d6d75b2",
    "data": [
      {
        "text": "I am having a hard time using the system yiu sent to schedule a time using my iphone",
        "userDefined": false
      }
    ],
    "isTemplate": false,
    "count": 1,
    "updated": 1528975783
  },
  {
    "id": "2d77d529-8c8d-4a99-aa16-31aee599a5f2",
    "data": [
      {
        "text": "I clicked the invite link",
        "userDefined": false
      }
    ],
    "isTemplate": false,
    "count": 0,
    "updated": 1528975783
  },
  {
    "id": "e81dcc38-31b5-423d-a56b-a08e8cb17e90",
    "data": [
      {
        "text": "I tried to book a call -SCRIBETIME- using the link in your \bsignature\b",
        "userDefined": false
      }
    ],
    "isTemplate": false,
    "count": 0,
    "updated": 1528975783
  },
  {
    "id": "aef33352-1fcc-4674-b849-0e97979a400d",
    "data": [
      {
        "text": "I was only able to see -SCRIBETIME- time slots on your schedule",
        "userDefined": false
      }
    ],
    "isTemplate": false,
    "count": 0,
    "updated": 1528975783
  },
  {
    "id": "10cd7a71-013c-4c03-a6eb-02343b2936d6",
    "data": [
      {
        "text": "I do not see any availability on your calendar.",
        "userDefined": false
      }
    ],
    "isTemplate": false,
    "count": 1,
    "updated": 1528975783
  }
]