[
  {
    "id": "a0b96657-6e43-4141-918b-b1b705f0c750",
    "data": [
      {
        "text": "Can I call you then?",
        "userDefined": false
      }
    ],
    "isTemplate": false,
    "count": 0,
    "updated": 1528975783
  },
  {
    "id": "cc2a94a3-d8e3-4401-9c61-333cba244c3c",
    "data": [
      {
        "text": "I will call you we discuss.",
        "userDefined": false
      }
    ],
    "isTemplate": false,
    "count": 0,
    "updated": 1528975783
  },
  {
    "id": "efdad34c-1708-4093-aa9c-d4fccb843811",
    "data": [
      {
        "text": "I would have to give you a call first.",
        "userDefined": false
      }
    ],
    "isTemplate": false,
    "count": 0,
    "updated": 1528975783
  },
  {
    "id": "294cea44-b900-4064-a238-c04d3ea47e25",
    "data": [
      {
        "text": "I will call you -SCRIBETIME- Adam",
        "userDefined": false
      }
    ],
    "isTemplate": false,
    "count": 0,
    "updated": 1528975783
  },
  {
    "id": "c55b1cf1-41e4-4ed3-a52d-9ecaa87c05d4",
    "data": [
      {
        "text": "I will give you a call then.",
        "userDefined": false
      }
    ],
    "isTemplate": false,
    "count": 0,
    "updated": 1528975783
  },
  {
    "id": "2d2cf94a-b2ec-490a-9263-04c63216cea6",
    "data": [
      {
        "text": "i will call you",
        "userDefined": false
      }
    ],
    "isTemplate": false,
    "count": 1,
    "updated": 1528975783
  },
  {
    "id": "0bb2b8ad-7677-4704-abe9-3f9b43fe09d8",
    "data": [
      {
        "text": "I will call you.",
        "userDefined": false
      }
    ],
    "isTemplate": false,
    "count": 0,
    "updated": 1528975783
  },
  {
    "id": "86d353ad-16c6-4c07-8a7d-e6fe3bfd8a65",
    "data": [
      {
        "text": "let us chat by phone at your convenience.",
        "userDefined": false
      }
    ],
    "isTemplate": false,
    "count": 0,
    "updated": 1528975783
  },
  {
    "id": "13525ee8-ffb9-4331-8528-b95a148eeed5",
    "data": [
      {
        "text": "would appreciate if I could contact you to discuss further about this offer",
        "userDefined": false
      }
    ],
    "isTemplate": false,
    "count": 0,
    "updated": 1528975783
  },
  {
    "id": "31233c01-10c5-42fd-9174-3a6090ff3585",
    "data": [
      {
        "text": "I will give you a call -SCRIBETIME- to discuss.",
        "userDefined": false
      }
    ],
    "isTemplate": false,
    "count": 0,
    "updated": 1528975783
  },
  {
    "id": "663bc269-0294-44c0-ab78-c7fda10b8511",
    "data": [
      {
        "text": "I will contact you -SCRIBETIME- Megan",
        "userDefined": false
      }
    ],
    "isTemplate": false,
    "count": 0,
    "updated": 1528975783
  },
  {
    "id": "1e9023ac-f5f0-44f7-b1fe-486cc45a091a",
    "data": [
      {
        "text": "I will contact you -SCRIBETIME-.",
        "userDefined": false
      }
    ],
    "isTemplate": false,
    "count": 0,
    "updated": 1528975783
  },
  {
    "id": "3b65794a-bf06-4e9f-a163-af4c82c3ca32",
    "data": [
      {
        "text": "i will call -SCRIBETIME-",
        "userDefined": false
      }
    ],
    "isTemplate": false,
    "count": 0,
    "updated": 1528975783
  },
  {
    "id": "3e2e455f-587b-4634-92af-1b53cc8d75aa",
    "data": [
      {
        "text": "what shall be the best time to reach you on call to move further with the buying process of this software.",
        "userDefined": false
      }
    ],
    "isTemplate": false,
    "count": 0,
    "updated": 1528975783
  },
  {
    "id": "863bbcef-2ae8-4ab0-ae81-6382ab9b042b",
    "data": [
      {
        "text": "I can call you in the next -SCRIBETIME-hr-1hr so that we can both have each other attention.",
        "userDefined": false
      }
    ],
    "isTemplate": false,
    "count": 0,
    "updated": 1528975783
  },
  {
    "id": "ba8ac316-a348-490c-aef1-a89a07c0b24f",
    "data": [
      {
        "text": "will drop you a call -SCRIBETIME-.",
        "userDefined": false
      }
    ],
    "isTemplate": false,
    "count": 0,
    "updated": 1528975783
  },
  {
    "id": "502f5530-a404-4374-8f26-e954c56743d2",
    "data": [
      {
        "text": "i will contact you -SCRIBETIME- time.",
        "userDefined": false
      }
    ],
    "isTemplate": false,
    "count": 0,
    "updated": 1528975783
  },
  {
    "id": "87b47f88-40e9-4ef4-b181-130aede9092f",
    "data": [
      {
        "text": "Can I give you a call -SCRIBETIME-",
        "userDefined": false
      }
    ],
    "isTemplate": false,
    "count": 0,
    "updated": 1528975783
  },
  {
    "id": "2f30d522-aaba-457e-9978-e055fc141600",
    "data": [
      {
        "text": "I would like to give you a call -SCRIBETIME-.",
        "userDefined": false
      }
    ],
    "isTemplate": false,
    "count": 0,
    "updated": 1528975783
  },
  {
    "id": "10d7acae-b346-4904-aa47-8b44e41cd60b",
    "data": [
      {
        "text": "i will have my people call yours.",
        "userDefined": false
      }
    ],
    "isTemplate": false,
    "count": 0,
    "updated": 1528975783
  },
  {
    "id": "98195ebb-79c3-46db-ac89-28f7a32151af",
    "data": [
      {
        "text": "Am busy i will call you later.",
        "userDefined": false
      }
    ],
    "isTemplate": false,
    "count": 0,
    "updated": 1528975783
  },
  {
    "id": "07d947ec-f078-46c9-a99c-62f309486ee8",
    "data": [
      {
        "text": "I will give you a call.",
        "userDefined": false
      }
    ],
    "isTemplate": false,
    "count": 0,
    "updated": 1528975783
  },
  {
    "id": "66bb414f-a5e8-470b-b23f-d87458ef390c",
    "data": [
      {
        "text": "i will call you -SCRIBETIME- Adam",
        "userDefined": false
      }
    ],
    "isTemplate": false,
    "count": 2,
    "updated": 1528975783
  },
  {
    "id": "2a345bac-949f-4e49-8b6e-a5558ae365fe",
    "data": [
      {
        "text": "I will contact you directly.",
        "userDefined": false
      }
    ],
    "isTemplate": false,
    "count": 0,
    "updated": 1528975783
  },
  {
    "id": "3c0e03ed-efbf-4723-962f-27c734bacaa6",
    "data": [
      {
        "text": "i will call you -SCRIBETIME-",
        "userDefined": false
      }
    ],
    "isTemplate": false,
    "count": 1,
    "updated": 1528975783
  },
  {
    "id": "710e66b3-a329-4014-a8ab-ab16a752362e",
    "data": [
      {
        "text": "I will contact you -SCRIBETIME- to discuss your products.",
        "userDefined": false
      }
    ],
    "isTemplate": false,
    "count": 0,
    "updated": 1528975783
  },
  {
    "id": "b2a5ef3a-d9ae-46d4-92de-e3f762a824eb",
    "data": [
      {
        "text": "Could I call you -SCRIBETIME-?",
        "userDefined": false
      }
    ],
    "isTemplate": false,
    "count": 0,
    "updated": 1528975783
  },
  {
    "id": "b3aac586-10e2-443a-9788-758c28b360f5",
    "data": [
      {
        "text": "will contact you -SCRIBETIME- -SCRIBETIME-",
        "userDefined": false
      }
    ],
    "isTemplate": false,
    "count": 0,
    "updated": 1528975783
  },
  {
    "id": "9a87cdde-ba9f-4fa4-82e5-6d9c0c36da75",
    "data": [
      {
        "text": "i will gladly call in you -SCRIBETIME-",
        "userDefined": false
      }
    ],
    "isTemplate": false,
    "count": 0,
    "updated": 1528975783
  },
  {
    "id": "fea6647c-bf67-4c63-9abb-7f06758ad251",
    "data": [
      {
        "text": "I can call you this upcoming -SCRIBETIME-.",
        "userDefined": false
      }
    ],
    "isTemplate": false,
    "count": 0,
    "updated": 1528975783
  },
  {
    "id": "c4a01d59-e3af-4338-80f9-11822c8228db",
    "data": [
      {
        "text": "i would actually like to discuss a few things over phone if I may call you.",
        "userDefined": false
      }
    ],
    "isTemplate": false,
    "count": 0,
    "updated": 1528975783
  },
  {
    "id": "76676dc9-5108-4b71-baea-30dddcc5b173",
    "data": [
      {
        "text": "I will call you so that we discuss.",
        "userDefined": false
      }
    ],
    "isTemplate": false,
    "count": 0,
    "updated": 1528975783
  },
  {
    "id": "519d34f8-3da9-426b-949b-2ad9cfe99e79",
    "data": [
      {
        "text": "i will call you -SCRIBETIME- in -SCRIBETIME-",
        "userDefined": false
      }
    ],
    "isTemplate": false,
    "count": 0,
    "updated": 1528975783
  },
  {
    "id": "c70ebaeb-1bcc-4da2-a8e7-aa40d0e7de17",
    "data": [
      {
        "text": "we speak on the phone",
        "userDefined": false
      }
    ],
    "isTemplate": false,
    "count": 0,
    "updated": 1528975783
  },
  {
    "id": "9f9b8d58-e45f-4424-a99f-b3a2527a47a5",
    "data": [
      {
        "text": "I will contact you -SCRIBETIME- to discuss.",
        "userDefined": false
      }
    ],
    "isTemplate": false,
    "count": 0,
    "updated": 1528975783
  },
  {
    "id": "198ca521-1df1-4515-b3ff-266bef7b1e19",
    "data": [
      {
        "text": "I will give you a call -SCRIBETIME-",
        "userDefined": false
      }
    ],
    "isTemplate": false,
    "count": 0,
    "updated": 1528975783
  },
  {
    "id": "117d26a4-9e3f-4dfe-9b86-2f5e31eaf8b7",
    "data": [
      {
        "text": "I will contact you back -SCRIBETIME-.",
        "userDefined": false
      }
    ],
    "isTemplate": false,
    "count": 0,
    "updated": 1528975783
  },
  {
    "id": "a73b4063-acd9-42ef-aad6-634649fac967",
    "data": [
      {
        "text": "Please provide me with a phone number so that I can call Megan to discuss buying the software.",
        "userDefined": false
      }
    ],
    "isTemplate": false,
    "count": 0,
    "updated": 1528975783
  },
  {
    "id": "59c52f6d-3397-4506-b478-ef90f2e2c808",
    "data": [
      {
        "text": "I will call you",
        "userDefined": false
      }
    ],
    "isTemplate": false,
    "count": 0,
    "updated": 1528975783
  },
  {
    "id": "8a61225b-1c5b-4766-97ac-86daffc74700",
    "data": [
      {
        "text": "i would like to call you",
        "userDefined": false
      }
    ],
    "isTemplate": false,
    "count": 0,
    "updated": 1528975783
  },
  {
    "id": "8e628b5c-7874-4c8d-968f-559b554cc0e1",
    "data": [
      {
        "text": "I will contact you -SCRIBETIME- Regards Adam",
        "userDefined": false
      }
    ],
    "isTemplate": false,
    "count": 0,
    "updated": 1528975783
  },
  {
    "id": "d9c3d97c-991c-4b1e-aafe-84db58830c38",
    "data": [
      {
        "text": "I will give you a call -SCRIBETIME-.",
        "userDefined": false
      }
    ],
    "isTemplate": false,
    "count": 0,
    "updated": 1528975783
  },
  {
    "id": "e5153c83-6d76-45b7-ae05-03cdfe6ab7f2",
    "data": [
      {
        "text": "I have sent you an Outlook invite to have this call.",
        "userDefined": false
      }
    ],
    "isTemplate": false,
    "count": 0,
    "updated": 1528975783
  },
  {
    "id": "4578a9e7-588c-41da-83dd-77c2ad43dc86",
    "data": [
      {
        "text": "I will call you so that we may discuss.",
        "userDefined": false
      }
    ],
    "isTemplate": false,
    "count": 0,
    "updated": 1528975783
  },
  {
    "id": "fe66b875-4e19-44c6-bf7f-99f04b7f8014",
    "data": [
      {
        "text": "I will call you -SCRIBETIME- from today to discuss more about your offer.",
        "userDefined": false
      }
    ],
    "isTemplate": false,
    "count": 0,
    "updated": 1528975783
  },
  {
    "id": "6123c789-a72c-4254-97a1-e472cb8823d0",
    "data": [
      {
        "text": "Will call you -SCRIBETIME-.",
        "userDefined": false
      }
    ],
    "isTemplate": false,
    "count": 0,
    "updated": 1528975783
  },
  {
    "id": "44370c0c-049e-49e7-9811-917c7d8bae89",
    "data": [
      {
        "text": "I will call you -SCRIBETIME-.",
        "userDefined": false
      }
    ],
    "isTemplate": false,
    "count": 0,
    "updated": 1528975783
  }
]