[
  {
    "id": "1e8181ae-e12a-4454-a457-f30826167431",
    "data": [
      {
        "text": "I can schedule this call on Megan calendar",
        "userDefined": false
      }
    ],
    "isTemplate": false,
    "count": 0,
    "updated": 1528975783
  },
  {
    "id": "eb27fabb-de31-41c5-aedd-b8495d0db221",
    "data": [
      {
        "text": "will send you the invite through the mail here in a bit.",
        "userDefined": false
      }
    ],
    "isTemplate": false,
    "count": 0,
    "updated": 1528975783
  },
  {
    "id": "994c5c78-e5f4-45f8-b872-1675af69ed41",
    "data": [
      {
        "text": "OK. for whatever reason , i will add a note on my google calendar -SCRIBETIME- to remind myself that follow-up with you.",
        "userDefined": false
      }
    ],
    "isTemplate": false,
    "count": 0,
    "updated": 1528975783
  },
  {
    "id": "e01e5288-1486-4a87-929d-55f0c61a7ef1",
    "data": [
      {
        "text": "i will pick a time on your cal.",
        "userDefined": false
      }
    ],
    "isTemplate": false,
    "count": 0,
    "updated": 1528975783
  },
  {
    "id": "354fcd3a-7140-4fbb-8c3e-829da6acacea",
    "data": [
      {
        "text": "If I can access your calendar i will schedule a call for -SCRIBETIME-",
        "userDefined": false
      }
    ],
    "isTemplate": false,
    "count": 0,
    "updated": 1528975783
  },
  {
    "id": "5de9cb6e-6f94-4127-9e1c-2ac4e66fb9ec",
    "data": [
      {
        "text": "I have scheduled a call on your calender -SCRIBETIME- to discuss.",
        "userDefined": false
      }
    ],
    "isTemplate": false,
    "count": 0,
    "updated": 1528975783
  },
  {
    "id": "6f81823e-f9a9-404d-8c8f-63b9fc81a8b3",
    "data": [
      {
        "text": "we can then decide about the call.",
        "userDefined": false
      }
    ],
    "isTemplate": false,
    "count": 0,
    "updated": 1528975783
  },
  {
    "id": "9be47284-f4cb-4aba-a50f-45409e899134",
    "data": [
      {
        "text": "Would you mind sending the direct link to Calendly?",
        "userDefined": false
      }
    ],
    "isTemplate": false,
    "count": 0,
    "updated": 1528975783
  }
]