[
  {
    "id": "b9598e4b-a198-40ed-bc72-4ed72aa24079",
    "data": [
      {
        "text": "I have you on my calendar for -SCRIBETIME- US EST.",
        "userDefined": false
      }
    ],
    "isTemplate": false,
    "count": 0,
    "updated": 1528975783
  },
  {
    "id": "e1745c2c-3bd5-403c-b083-736851526508",
    "data": [
      {
        "text": "I have scheduled a call on your calendar.",
        "userDefined": false
      }
    ],
    "isTemplate": false,
    "count": 4,
    "updated": 1528975783
  },
  {
    "id": "bef60f5b-e1e7-4c6c-a791-1f5283022976",
    "data": [
      {
        "text": "I put -SCRIBETIME- on your calendar.",
        "userDefined": false
      }
    ],
    "isTemplate": false,
    "count": 0,
    "updated": 1528975783
  },
  {
    "id": "5bae8805-efbe-4140-93ac-39706abc819c",
    "data": [
      {
        "text": "I have scheduled a call on your calendar for -SCRIBETIME- Thanks",
        "userDefined": false
      }
    ],
    "isTemplate": false,
    "count": 0,
    "updated": 1528975783
  },
  {
    "id": "1f64a0ae-67dd-4a0c-be87-b8f534720f81",
    "data": [
      {
        "text": "I have scheduled a time for a conference call between us",
        "userDefined": false
      }
    ],
    "isTemplate": false,
    "count": 0,
    "updated": 1528975783
  },
  {
    "id": "695c807b-35fc-4013-aae5-eae6103c5f74",
    "data": [
      {
        "text": "Our appointment is in your system.",
        "userDefined": false
      }
    ],
    "isTemplate": false,
    "count": 0,
    "updated": 1528975783
  },
  {
    "id": "391aa8c2-6206-431b-9f02-339c7dcf94da",
    "data": [
      {
        "text": "Looking forward to this.",
        "userDefined": false
      }
    ],
    "isTemplate": false,
    "count": 0,
    "updated": 1528975783
  },
  {
    "id": "36fa9f6f-e4a6-49ba-9def-383cb5f3cf80",
    "data": [
      {
        "text": "I scheduled a time to call me on your calendar.",
        "userDefined": false
      }
    ],
    "isTemplate": false,
    "count": 0,
    "updated": 1528975783
  },
  {
    "id": "72e95424-47bf-4217-9925-188251911d27",
    "data": [
      {
        "text": "I added -SCRIBETIME- to your schedule for our call.",
        "userDefined": false
      }
    ],
    "isTemplate": false,
    "count": 0,
    "updated": 1528975783
  },
  {
    "id": "37db0099-e5e1-4b7c-9033-dd094e29867a",
    "data": [
      {
        "text": "I have put that on your calendar.",
        "userDefined": false
      }
    ],
    "isTemplate": false,
    "count": 0,
    "updated": 1528975783
  },
  {
    "id": "b086e678-1530-45ea-b2e7-ef7c4b44164f",
    "data": [
      {
        "text": "I set up a tentative conference call for -SCRIBETIME-.",
        "userDefined": false
      }
    ],
    "isTemplate": false,
    "count": 0,
    "updated": 1528975783
  },
  {
    "id": "8d377f72-f4ba-4cc9-a309-893a393daf8e",
    "data": [
      {
        "text": "I have scheduled to call you -SCRIBETIME-",
        "userDefined": false
      }
    ],
    "isTemplate": false,
    "count": 2,
    "updated": 1528975783
  },
  {
    "id": "ee1939fc-7202-422e-abff-e11987e81534",
    "data": [
      {
        "text": "I have added a call to your calendar.",
        "userDefined": false
      }
    ],
    "isTemplate": false,
    "count": 0,
    "updated": 1528975783
  },
  {
    "id": "22bbd9d8-2a2c-4ba8-856b-a13a622f1112",
    "data": [
      {
        "text": "The call will be -SCRIBETIME-",
        "userDefined": false
      }
    ],
    "isTemplate": false,
    "count": 0,
    "updated": 1528975783
  },
  {
    "id": "ec2dd99d-7a26-4c0a-af9f-1ee721e3dec5",
    "data": [
      {
        "text": "I have scheduled a call on your calendar for us -SCRIBETIME- on this upcoming -SCRIBETIME-.",
        "userDefined": false
      }
    ],
    "isTemplate": false,
    "count": 0,
    "updated": 1528975783
  },
  {
    "id": "828fb26f-5716-4fc7-a3ae-e7996801100f",
    "data": [
      {
        "text": "I scheduled a call on your calendar",
        "userDefined": false
      }
    ],
    "isTemplate": false,
    "count": 2,
    "updated": 1528975783
  },
  {
    "id": "4e0a738f-ecfb-48f9-8c82-e80a46f09f1e",
    "data": [
      {
        "text": "scheduled a call for us both to discuss further regarding",
        "userDefined": false
      }
    ],
    "isTemplate": false,
    "count": 0,
    "updated": 1528975783
  },
  {
    "id": "4f25f711-799c-4a7f-8ead-b59bd42bd36f",
    "data": [
      {
        "text": "put it in the calendar for both of us I just wanted to reach out to inform you of that thank you",
        "userDefined": false
      }
    ],
    "isTemplate": false,
    "count": 0,
    "updated": 1528975783
  },
  {
    "id": "94580d5a-c234-45b4-9eac-c0ea9507592e",
    "data": [
      {
        "text": "I sent you a meeting invite for -SCRIBETIME-.",
        "userDefined": false
      }
    ],
    "isTemplate": false,
    "count": 0,
    "updated": 1528975783
  },
  {
    "id": "1b210e19-eacc-4554-874c-2aa11b0d3084",
    "data": [
      {
        "text": "Please check the date/time",
        "userDefined": false
      }
    ],
    "isTemplate": false,
    "count": 0,
    "updated": 1528975783
  },
  {
    "id": "ce025198-472d-4a87-bef9-45cebbbcbf9e",
    "data": [
      {
        "text": "I scheduled a meeting invite for -SCRIBETIME-.",
        "userDefined": false
      }
    ],
    "isTemplate": false,
    "count": 0,
    "updated": 1528975783
  },
  {
    "id": "154460fe-ac4f-42c9-9a12-c141dd769669",
    "data": [
      {
        "text": "I have scheduled a call with you -SCRIBETIME- Thank you Adam",
        "userDefined": false
      }
    ],
    "isTemplate": false,
    "count": 0,
    "updated": 1528975783
  },
  {
    "id": "44bd6299-7e5f-4b05-8f24-81c008815a48",
    "data": [
      {
        "text": "Please be advised that I am confirming an appointment for a call on your calendar.",
        "userDefined": false
      }
    ],
    "isTemplate": false,
    "count": 0,
    "updated": 1528975783
  },
  {
    "id": "929a2cd5-114b-4aaa-9c93-21ffa2f4c26f",
    "data": [
      {
        "text": "I have arranged to call you -SCRIBETIME-.",
        "userDefined": false
      }
    ],
    "isTemplate": false,
    "count": 0,
    "updated": 1528975783
  },
  {
    "id": "6e0775d0-9379-455b-b3a2-ff1ea20dc989",
    "data": [
      {
        "text": "I saw you had a time open -SCRIBETIME- so I scheduled a call for that time.",
        "userDefined": false
      }
    ],
    "isTemplate": false,
    "count": 0,
    "updated": 1528975783
  },
  {
    "id": "6cabfd72-043b-4c73-b9fb-96bd2cbf9dbf",
    "data": [
      {
        "text": "I went ahead a scheduled a call with you -SCRIBETIME- I will talk to you then.",
        "userDefined": false
      }
    ],
    "isTemplate": false,
    "count": 0,
    "updated": 1528975783
  },
  {
    "id": "b8a6f137-46ee-48e8-bdb2-88793ffdbf1b",
    "data": [
      {
        "text": "I have scheduled a call for -SCRIBETIME-",
        "userDefined": false
      }
    ],
    "isTemplate": false,
    "count": 1,
    "updated": 1528975783
  },
  {
    "id": "35eafa29-7245-46eb-8f84-0b7ff884eb2c",
    "data": [
      {
        "text": "entered it on your calendar.",
        "userDefined": false
      }
    ],
    "isTemplate": false,
    "count": 0,
    "updated": 1528975783
  },
  {
    "id": "52194981-b98b-487f-925e-8ad964bb651b",
    "data": [
      {
        "text": "i am scheduling a call with you -SCRIBETIME-.",
        "userDefined": false
      }
    ],
    "isTemplate": false,
    "count": 0,
    "updated": 1528975783
  },
  {
    "id": "fa60ab52-9814-4b88-b123-36eab1700013",
    "data": [
      {
        "text": "I scheduled a call on your calendar link.",
        "userDefined": false
      }
    ],
    "isTemplate": false,
    "count": 0,
    "updated": 1528975783
  },
  {
    "id": "fd111476-cd78-4cde-9819-8671a597fb91",
    "data": [
      {
        "text": "here is the confirmation of our scheduled call.",
        "userDefined": false
      }
    ],
    "isTemplate": false,
    "count": 0,
    "updated": 1528975783
  },
  {
    "id": "75993ca0-9eb3-484e-9980-20302cab03e8",
    "data": [
      {
        "text": "I scheduled a call on your calendar so that we can discuss products",
        "userDefined": false
      }
    ],
    "isTemplate": false,
    "count": 0,
    "updated": 1528975783
  },
  {
    "id": "848c4177-8a91-4a1b-a0ce-be7afdfd38ba",
    "data": [
      {
        "text": "I already did schedule",
        "userDefined": false
      }
    ],
    "isTemplate": false,
    "count": 0,
    "updated": 1528975783
  },
  {
    "id": "f78680ef-69a1-4bab-a889-cfcb28882a9b",
    "data": [
      {
        "text": "appointment with you on your calendar for -SCRIBETIME-",
        "userDefined": false
      }
    ],
    "isTemplate": false,
    "count": 0,
    "updated": 1528975783
  },
  {
    "id": "d8c4abf5-9737-4259-9627-818dfcc11d23",
    "data": [
      {
        "text": "Are you able to speak with us -SCRIBETIME-?",
        "userDefined": false
      }
    ],
    "isTemplate": false,
    "count": 1,
    "updated": 1528975783
  },
  {
    "id": "600bb682-f4b3-491c-bee5-a2de63abdf06",
    "data": [
      {
        "text": "I have booked a 1 hour time slot in the diary -SCRIBETIME-",
        "userDefined": false
      }
    ],
    "isTemplate": false,
    "count": 0,
    "updated": 1528975783
  },
  {
    "id": "dcab8451-faa4-42f1-aa19-c419b3e5e28d",
    "data": [
      {
        "text": "I have scheduled a call -SCRIBETIME- for you to call Acme Manufacturing Company.",
        "userDefined": false
      }
    ],
    "isTemplate": false,
    "count": 0,
    "updated": 1528975783
  },
  {
    "id": "e53e8545-f7df-4d48-ba9d-f037f6e9a78f",
    "data": [
      {
        "text": "please: (1) -SCRIBETIME- notify me by reply email",
        "userDefined": false
      }
    ],
    "isTemplate": false,
    "count": 0,
    "updated": 1528975783
  },
  {
    "id": "d73c0f28-b2a7-42fd-bde4-6667603a3387",
    "data": [
      {
        "text": "I already checked your time off",
        "userDefined": false
      }
    ],
    "isTemplate": false,
    "count": 0,
    "updated": 1528975783
  },
  {
    "id": "e94c7a3d-ea4f-4e84-9f54-20e4f741468e",
    "data": [
      {
        "text": "would appreciate if you could confirm after looking in to your calendar on which I have scheduled a call to discuss about this software further please Many Thanks Adam.",
        "userDefined": false
      }
    ],
    "isTemplate": false,
    "count": 0,
    "updated": 1528975783
  },
  {
    "id": "d7783eb5-c923-4dd0-87e4-94fd5859dcb1",
    "data": [
      {
        "text": "I put a time i am available on your calendar.",
        "userDefined": false
      }
    ],
    "isTemplate": false,
    "count": 0,
    "updated": 1528975783
  },
  {
    "id": "fe0640b7-0263-4a30-be00-fcf2a5a49cd9",
    "data": [
      {
        "text": "I chose -SCRIBETIME- for a conversation.",
        "userDefined": false
      }
    ],
    "isTemplate": false,
    "count": 0,
    "updated": 1528975783
  },
  {
    "id": "038fcb3c-878f-442e-8055-b71c32a9a94b",
    "data": [
      {
        "text": "Please do confirm this is still open.",
        "userDefined": false
      }
    ],
    "isTemplate": false,
    "count": 0,
    "updated": 1528975783
  },
  {
    "id": "93ee311f-202f-4cbd-ba8e-ac20f05a3aed",
    "data": [
      {
        "text": "I have scheduled it on your calendar.",
        "userDefined": false
      }
    ],
    "isTemplate": false,
    "count": 0,
    "updated": 1528975783
  },
  {
    "id": "92761fb9-832f-443c-8291-72fb8bb9b974",
    "data": [
      {
        "text": "I have scheduled a call.",
        "userDefined": false
      }
    ],
    "isTemplate": false,
    "count": 1,
    "updated": 1528975783
  },
  {
    "id": "547338dc-bdfc-4b5d-bc0e-ad43f4fea89f",
    "data": [
      {
        "text": "I scheduled a call on your calendar for -SCRIBETIME-.",
        "userDefined": false
      }
    ],
    "isTemplate": false,
    "count": 1,
    "updated": 1528975783
  },
  {
    "id": "4d93cbb4-a7b7-4b4a-bc12-407322ad6a95",
    "data": [
      {
        "text": "I just wanted to inform you that I scheduled a call on your calendar.",
        "userDefined": false
      }
    ],
    "isTemplate": false,
    "count": 0,
    "updated": 1528975783
  },
  {
    "id": "bd3c9604-d914-45a0-ae2f-bdf19af33a21",
    "data": [
      {
        "text": "Hello I just selected -SCRIBETIME- on your calendar.",
        "userDefined": false
      }
    ],
    "isTemplate": false,
    "count": 0,
    "updated": 1528975783
  },
  {
    "id": "14f8c8ff-e986-4b77-a4b3-b71b6f98b90a",
    "data": [
      {
        "text": "scheduled a call on your calendar.",
        "userDefined": false
      }
    ],
    "isTemplate": false,
    "count": 0,
    "updated": 1528975783
  },
  {
    "id": "e2158cca-79f4-44a1-bc59-41e5ddbd9bd0",
    "data": [
      {
        "text": "I have you down for a Cyber Security system chat -SCRIBETIME- Adam",
        "userDefined": false
      }
    ],
    "isTemplate": false,
    "count": 0,
    "updated": 1528975783
  },
  {
    "id": "0092c7ad-3c3d-4ca5-b76b-3dd7bdc77d87",
    "data": [
      {
        "text": "I am here to inform you that I have scheduled a call on your calendar",
        "userDefined": false
      }
    ],
    "isTemplate": false,
    "count": 0,
    "updated": 1528975783
  },
  {
    "id": "ffa56b83-fc96-4b19-85ba-31403d743faa",
    "data": [
      {
        "text": "I have already scheduled a call on you calendar.",
        "userDefined": false
      }
    ],
    "isTemplate": false,
    "count": 0,
    "updated": 1528975783
  },
  {
    "id": "a30056a4-ed24-482a-89f9-f90b16bd8046",
    "data": [
      {
        "text": "I look forward to hearing from you at that time.",
        "userDefined": false
      }
    ],
    "isTemplate": false,
    "count": 0,
    "updated": 1528975783
  },
  {
    "id": "cc1f727a-5991-4b1e-ae0e-fd1f3b1eb22d",
    "data": [
      {
        "text": "I have set up a Google reminder for your call which is -SCRIBETIME- 2:PM California time.",
        "userDefined": false
      }
    ],
    "isTemplate": false,
    "count": 0,
    "updated": 1528975783
  },
  {
    "id": "13619be2-a1a7-4b93-8472-2045553009d3",
    "data": [
      {
        "text": "Please accept the invitation just so that we both can be on the same page of understanding.",
        "userDefined": false
      }
    ],
    "isTemplate": false,
    "count": 0,
    "updated": 1528975783
  },
  {
    "id": "d5d21356-30e1-4ca9-b246-49e2ddde2ed5",
    "data": [
      {
        "text": "I have booked a call with you -SCRIBETIME-",
        "userDefined": false
      }
    ],
    "isTemplate": false,
    "count": 0,
    "updated": 1528975783
  },
  {
    "id": "873374de-453c-4ac6-9377-a1f422f2e2cd",
    "data": [
      {
        "text": "I have scheduled a call with you for -SCRIBETIME-.",
        "userDefined": false
      }
    ],
    "isTemplate": false,
    "count": 0,
    "updated": 1528975783
  },
  {
    "id": "63c98daf-238b-4e0b-8a08-43e395d87eed",
    "data": [
      {
        "text": "I have scheduled a call for -SCRIBETIME- on your calender.",
        "userDefined": false
      }
    ],
    "isTemplate": false,
    "count": 0,
    "updated": 1528975783
  },
  {
    "id": "73ba9f2c-2c62-4b30-a999-d4fafbcc2b67",
    "data": [
      {
        "text": "I have scheduled a time for -SCRIBETIME- on your calendar.",
        "userDefined": false
      }
    ],
    "isTemplate": false,
    "count": 0,
    "updated": 1528975783
  },
  {
    "id": "290a9490-955b-4190-8327-462c22bb7f9c",
    "data": [
      {
        "text": "let me know if I need to change the time",
        "userDefined": false
      }
    ],
    "isTemplate": false,
    "count": 0,
    "updated": 1528975783
  },
  {
    "id": "ec68e6bf-271c-4889-b04b-034b1d70fa2b",
    "data": [
      {
        "text": "I have put a time in your calendar for -SCRIBETIME- to discuss further.",
        "userDefined": false
      }
    ],
    "isTemplate": false,
    "count": 0,
    "updated": 1528975783
  },
  {
    "id": "0ca6bbd1-df31-4c86-a2f6-4cc24c56939f",
    "data": [
      {
        "text": "Check your calendar.",
        "userDefined": false
      }
    ],
    "isTemplate": false,
    "count": 1,
    "updated": 1528975783
  },
  {
    "id": "7907efe6-be4f-4ed2-8219-d8e6d4e2553e",
    "data": [
      {
        "text": "Appointment is all set.",
        "userDefined": false
      }
    ],
    "isTemplate": false,
    "count": 0,
    "updated": 1528975783
  },
  {
    "id": "37f19975-e386-4c95-bfc0-1661b5765795",
    "data": [
      {
        "text": "I have scheduled a time for us to talk -SCRIBETIME-.",
        "userDefined": false
      }
    ],
    "isTemplate": false,
    "count": 0,
    "updated": 1528975783
  },
  {
    "id": "2d152526-0938-47ba-b3f7-a8e918f04f3e",
    "data": [
      {
        "text": "I have scheduled a call for -SCRIBETIME-.",
        "userDefined": false
      }
    ],
    "isTemplate": false,
    "count": 0,
    "updated": 1528975783
  },
  {
    "id": "62217f91-14b0-4689-8bf2-e51150dd4fee",
    "data": [
      {
        "text": "I just put it on your calendar.",
        "userDefined": false
      }
    ],
    "isTemplate": false,
    "count": 0,
    "updated": 1528975783
  },
  {
    "id": "907d1ea2-b590-42a0-bb97-4e7d24ce854c",
    "data": [
      {
        "text": "I added a call to your calendar.",
        "userDefined": false
      }
    ],
    "isTemplate": false,
    "count": 0,
    "updated": 1528975783
  },
  {
    "id": "af9a0f78-7af2-4091-8fb7-ab5aea8e160a",
    "data": [
      {
        "text": "Please let me know if you did not receive it.",
        "userDefined": false
      }
    ],
    "isTemplate": false,
    "count": 0,
    "updated": 1528975783
  },
  {
    "id": "69eec31d-5d26-425e-95d9-45cf9e3546aa",
    "data": [
      {
        "text": "I sent you a calendar invite with the time",
        "userDefined": false
      }
    ],
    "isTemplate": false,
    "count": 0,
    "updated": 1528975783
  },
  {
    "id": "de938c14-c7fd-4ea7-ae48-3b2fa7f3af32",
    "data": [
      {
        "text": "I have scheduled -SCRIBETIME- for a time for us to get together on the phone",
        "userDefined": false
      }
    ],
    "isTemplate": false,
    "count": 0,
    "updated": 1528975783
  },
  {
    "id": "5d9d1d72-b362-4d13-921c-4932ee39b9f9",
    "data": [
      {
        "text": "I scheduled a call on your calendar.",
        "userDefined": false
      }
    ],
    "isTemplate": false,
    "count": 1,
    "updated": 1528975783
  },
  {
    "id": "4d3cf1f3-5105-4289-9bb3-763f85e015c6",
    "data": [
      {
        "text": "I have scheduled a call with you",
        "userDefined": false
      }
    ],
    "isTemplate": false,
    "count": 0,
    "updated": 1528975783
  },
  {
    "id": "b2046211-3cd4-4945-82c7-48e857d28926",
    "data": [
      {
        "text": "secured a spot on your calander Please get in touch if this does not work for you.",
        "userDefined": false
      }
    ],
    "isTemplate": false,
    "count": 0,
    "updated": 1528975783
  },
  {
    "id": "d82f5b66-2c1c-4771-a95f-a0b4c1941c6b",
    "data": [
      {
        "text": "I have scheduled a call via your calendar.",
        "userDefined": false
      }
    ],
    "isTemplate": false,
    "count": 0,
    "updated": 1528975783
  },
  {
    "id": "0247fbee-4152-4c7e-a548-28e361592c3d",
    "data": [
      {
        "text": "I have put you down on my calendar for a -SCRIBETIME- visit -SCRIBETIME- if that is good for you.",
        "userDefined": false
      }
    ],
    "isTemplate": false,
    "count": 0,
    "updated": 1528975783
  },
  {
    "id": "40571d3f-31fe-4d81-a086-deb8338c19e4",
    "data": [
      {
        "text": "We can meet -SCRIBETIME- Please confirm.",
        "userDefined": false
      }
    ],
    "isTemplate": false,
    "count": 0,
    "updated": 1528975783
  },
  {
    "id": "8c01b500-cb36-43be-bf26-313b7a51efe4",
    "data": [
      {
        "text": "Is -SCRIBETIME-good time for You?",
        "userDefined": false
      }
    ],
    "isTemplate": false,
    "count": 0,
    "updated": 1528975783
  },
  {
    "id": "283a22d9-ff46-4870-99fd-a50e47c3ec6b",
    "data": [
      {
        "text": "I will confirm -SCRIBETIME-.",
        "userDefined": false
      }
    ],
    "isTemplate": false,
    "count": 0,
    "updated": 1528975783
  },
  {
    "id": "e82bd93d-e473-4483-9a83-3b93411131fc",
    "data": [
      {
        "text": "I would appreciate if you could contact me on my phone please betwen 1400 to 1700 hrs -SCRIBETIME- please Many Thanks Adam.",
        "userDefined": false
      }
    ],
    "isTemplate": false,
    "count": 0,
    "updated": 1528975783
  },
  {
    "id": "c5e47344-dfab-4ffb-9aa9-271b812ba73a",
    "data": [
      {
        "text": "What time is our call -SCRIBETIME-?",
        "userDefined": false
      }
    ],
    "isTemplate": false,
    "count": 0,
    "updated": 1528975783
  },
  {
    "id": "161a6ad1-cfa1-404c-99c1-246d2cf4a2d3",
    "data": [
      {
        "text": "it is not showing up on my calendar.",
        "userDefined": false
      }
    ],
    "isTemplate": false,
    "count": 0,
    "updated": 1528975783
  },
  {
    "id": "5926b045-1c59-457c-ae82-30736a4fdb9a",
    "data": [
      {
        "text": "being contacted by Megan -SCRIBETIME-.",
        "userDefined": false
      }
    ],
    "isTemplate": false,
    "count": 0,
    "updated": 1528975783
  },
  {
    "id": "cc5ee939-2adb-4783-a9ee-ff0272c388e0",
    "data": [
      {
        "text": "Once you confirm i will look at my calendar",
        "userDefined": false
      }
    ],
    "isTemplate": false,
    "count": 0,
    "updated": 1528975783
  },
  {
    "id": "50c37006-be14-4fdd-92e1-3175a5805790",
    "data": [
      {
        "text": "which has been schedule -SCRIBETIME-: PM California time -SCRIBETIME-.",
        "userDefined": false
      }
    ],
    "isTemplate": false,
    "count": 0,
    "updated": 1528975783
  },
  {
    "id": "d0f2cf73-e09e-4273-8059-28547a453665",
    "data": [
      {
        "text": "Please let me know if you want to reschedule it.",
        "userDefined": false
      }
    ],
    "isTemplate": false,
    "count": 0,
    "updated": 1528975783
  },
  {
    "id": "2dafa92f-6e1e-4bdf-890b-dea913d0fe79",
    "data": [
      {
        "text": "Please call during that timeframe.",
        "userDefined": false
      }
    ],
    "isTemplate": false,
    "count": 0,
    "updated": 1528975783
  },
  {
    "id": "3e865b85-5dd4-4c18-8205-701ee012eaff",
    "data": [
      {
        "text": "-SCRIBETIME- works for me.",
        "userDefined": false
      }
    ],
    "isTemplate": false,
    "count": 0,
    "updated": 1528975783
  },
  {
    "id": "92399ef8-9a67-481e-a55d-40d808e162dd",
    "data": [
      {
        "text": "I have already scheduled a call on your calendar.",
        "userDefined": false
      }
    ],
    "isTemplate": false,
    "count": 0,
    "updated": 1528975783
  },
  {
    "id": "e694e0f9-7f46-4acb-b801-3ec767fa12fc",
    "data": [
      {
        "text": "Are you available?",
        "userDefined": false
      }
    ],
    "isTemplate": false,
    "count": 0,
    "updated": 1528975783
  },
  {
    "id": "5840f7bb-23b8-435a-9dee-bfb7817cc533",
    "data": [
      {
        "text": "I just wanted to let you know that I scheduled a call with you on your calendar.",
        "userDefined": false
      }
    ],
    "isTemplate": false,
    "count": 0,
    "updated": 1528975783
  },
  {
    "id": "6526303e-e9b2-4349-baea-0460c4af716f",
    "data": [
      {
        "text": "I look forward to hearing from you soon.",
        "userDefined": false
      }
    ],
    "isTemplate": false,
    "count": 0,
    "updated": 1528975783
  },
  {
    "id": "588a6742-3182-4a7e-9657-3859bdee01ff",
    "data": [
      {
        "text": "Hi Megan I saw a \u0027contact\u0027 link on your company website that allowed me to schedule a conference with you -SCRIBETIME-.",
        "userDefined": false
      }
    ],
    "isTemplate": false,
    "count": 0,
    "updated": 1528975783
  },
  {
    "id": "3db0d40f-2281-4414-ad8b-92e88a86b5e7",
    "data": [
      {
        "text": "I have suggested a time for this call to be done on your calendar.",
        "userDefined": false
      }
    ],
    "isTemplate": false,
    "count": 0,
    "updated": 1528975783
  },
  {
    "id": "89b671c4-d60d-46d5-855f-a5e8470509de",
    "data": [
      {
        "text": "If you can possibly accept",
        "userDefined": false
      }
    ],
    "isTemplate": false,
    "count": 0,
    "updated": 1528975783
  },
  {
    "id": "50a3cfc1-e187-44a0-8505-f496d6bf1db1",
    "data": [
      {
        "text": "suggest a new time for the meeting that would be great.",
        "userDefined": false
      }
    ],
    "isTemplate": false,
    "count": 0,
    "updated": 1528975783
  },
  {
    "id": "ca724dd6-d1fd-4492-8d65-987ac42128a0",
    "data": [
      {
        "text": "I have blocked off some time to speak with you -SCRIBETIME-",
        "userDefined": false
      }
    ],
    "isTemplate": false,
    "count": 0,
    "updated": 1528975783
  },
  {
    "id": "3e8b53c5-a0ee-4dc1-9f04-ab9e788457ba",
    "data": [
      {
        "text": "have sent you a calendar invite.",
        "userDefined": false
      }
    ],
    "isTemplate": false,
    "count": 0,
    "updated": 1528975783
  },
  {
    "id": "a34c3a3d-3f39-4375-b43a-26d98966ce55",
    "data": [
      {
        "text": "I scheduled the call for -SCRIBETIME-",
        "userDefined": false
      }
    ],
    "isTemplate": false,
    "count": 0,
    "updated": 1528975783
  },
  {
    "id": "7f74f242-96cf-4fe8-adfe-049fb85d5a86",
    "data": [
      {
        "text": "hope to hear from you then!",
        "userDefined": false
      }
    ],
    "isTemplate": false,
    "count": 0,
    "updated": 1528975783
  },
  {
    "id": "de62a17c-7ddd-42dd-86b8-9eddfd36fa69",
    "data": [
      {
        "text": "I just sent you a calendar invitation for -SCRIBETIME- I look forward to speaking to you then.",
        "userDefined": false
      }
    ],
    "isTemplate": false,
    "count": 0,
    "updated": 1528975783
  },
  {
    "id": "b76ff52d-d439-42c1-b0aa-f8ea4b421f4f",
    "data": [
      {
        "text": "I have scheduled a time on your calendar.",
        "userDefined": false
      }
    ],
    "isTemplate": false,
    "count": 1,
    "updated": 1528975783
  },
  {
    "id": "36a48205-6437-43c3-bd74-449644794615",
    "data": [
      {
        "text": "I am looking forward to our conversation.",
        "userDefined": false
      }
    ],
    "isTemplate": false,
    "count": 0,
    "updated": 1528975783
  },
  {
    "id": "cdd84e5c-da00-41f2-88cc-96816e62b1e8",
    "data": [
      {
        "text": "I have scheduled a call for us to chat -SCRIBETIME- 16 May at 10am.",
        "userDefined": false
      }
    ],
    "isTemplate": false,
    "count": 0,
    "updated": 1528975783
  },
  {
    "id": "9d6adeca-d4f2-4354-9cf4-6fb741170785",
    "data": [
      {
        "text": "Looking forward to speaking with you.",
        "userDefined": false
      }
    ],
    "isTemplate": false,
    "count": 0,
    "updated": 1528975783
  },
  {
    "id": "5c6c02d2-73f6-42b7-8b85-f725b53b01c2",
    "data": [
      {
        "text": "please refer to that.",
        "userDefined": false
      }
    ],
    "isTemplate": false,
    "count": 0,
    "updated": 1528975783
  },
  {
    "id": "8db0e86e-0b94-46f7-b2ff-be6b310d9d91",
    "data": [
      {
        "text": "I used the link to schedule a call -SCRIBETIME-.",
        "userDefined": false
      }
    ],
    "isTemplate": false,
    "count": 0,
    "updated": 1528975783
  },
  {
    "id": "fbd03166-1dbf-4480-b5e5-9f24c2499bdb",
    "data": [
      {
        "text": "scheduled a call on your calendar for -SCRIBETIME-.",
        "userDefined": false
      }
    ],
    "isTemplate": false,
    "count": 0,
    "updated": 1528975783
  },
  {
    "id": "32a99368-02dd-48c8-80e4-4affa585887b",
    "data": [
      {
        "text": "I have scheduled a call on your Calendar -SCRIBETIME-.",
        "userDefined": false
      }
    ],
    "isTemplate": false,
    "count": 0,
    "updated": 1528975783
  },
  {
    "id": "bcb19470-9fb1-4cdd-8130-76fa021e686e",
    "data": [
      {
        "text": "I\"ll talk to you then",
        "userDefined": false
      }
    ],
    "isTemplate": false,
    "count": 0,
    "updated": 1528975783
  },
  {
    "id": "002383ce-441e-4164-ab19-231a048bcbad",
    "data": [
      {
        "text": "hi are you available at -SCRIBETIME- if it is ok",
        "userDefined": false
      }
    ],
    "isTemplate": false,
    "count": 0,
    "updated": 1528975783
  },
  {
    "id": "7cb1ce8d-d399-4b01-9943-88f764dd8045",
    "data": [
      {
        "text": "I pencilled you in for -SCRIBETIME- Check your calendar for verification.",
        "userDefined": false
      }
    ],
    "isTemplate": false,
    "count": 0,
    "updated": 1528975783
  },
  {
    "id": "a44eaeda-5ba8-47d5-a07d-a00c5fbedbd0",
    "data": [
      {
        "text": "i will talk to you then.",
        "userDefined": false
      }
    ],
    "isTemplate": false,
    "count": 0,
    "updated": 1528975783
  },
  {
    "id": "67d8267f-cb7f-45f5-b9a4-1854a57699e6",
    "data": [
      {
        "text": "As a follow up on the email i have schedule a call on your calendar.",
        "userDefined": false
      }
    ],
    "isTemplate": false,
    "count": 0,
    "updated": 1528975783
  },
  {
    "id": "a09fe821-1080-44f2-8f3f-e6933b7fc36d",
    "data": [
      {
        "text": "Kindly confirm this schedule.",
        "userDefined": false
      }
    ],
    "isTemplate": false,
    "count": 0,
    "updated": 1528975783
  },
  {
    "id": "90182fb7-5d30-4461-840a-a7313973bd81",
    "data": [
      {
        "text": "scheduled a call back for -SCRIBETIME-",
        "userDefined": false
      }
    ],
    "isTemplate": false,
    "count": 0,
    "updated": 1528975783
  },
  {
    "id": "42f6c0fc-b852-4f44-926f-4850d1b0b07c",
    "data": [
      {
        "text": "I just scheduled a request for a call on your calendar",
        "userDefined": false
      }
    ],
    "isTemplate": false,
    "count": 0,
    "updated": 1528975783
  },
  {
    "id": "965b3540-36a2-485f-b3b0-47fa548157d1",
    "data": [
      {
        "text": "I took the liberty of using the link to schedule a time on your calendar for -SCRIBETIME-.",
        "userDefined": false
      }
    ],
    "isTemplate": false,
    "count": 0,
    "updated": 1528975783
  },
  {
    "id": "6cbb2681-5b34-4c40-8cc5-deff3c459340",
    "data": [
      {
        "text": "Let me know if you see the appointment",
        "userDefined": false
      }
    ],
    "isTemplate": false,
    "count": 0,
    "updated": 1528975783
  },
  {
    "id": "c28de3ac-dbf2-48c8-87be-fde29c0bbaf9",
    "data": [
      {
        "text": "if it works for you.",
        "userDefined": false
      }
    ],
    "isTemplate": false,
    "count": 0,
    "updated": 1528975783
  },
  {
    "id": "aa4f3fb5-9576-4efe-9bf3-f1dbc6882459",
    "data": [
      {
        "text": "I just sent you a calendar invite",
        "userDefined": false
      }
    ],
    "isTemplate": false,
    "count": 0,
    "updated": 1528975783
  },
  {
    "id": "87af2ca5-70cc-47fd-806f-8c533265cd18",
    "data": [
      {
        "text": "Hi Megan I scheduled a call back for -SCRIBETIME- Thank you Adam",
        "userDefined": false
      }
    ],
    "isTemplate": false,
    "count": 0,
    "updated": 1528975783
  },
  {
    "id": "0d7dc0f4-da09-4d8d-b0e4-2f8c14fc1d2b",
    "data": [
      {
        "text": "I have looked at your link",
        "userDefined": false
      }
    ],
    "isTemplate": false,
    "count": 0,
    "updated": 1528975783
  },
  {
    "id": "04c97281-7477-48b6-bee8-65a3648573db",
    "data": [
      {
        "text": "I have selected a call for -SCRIBETIME- as that works with my schedule as well.",
        "userDefined": false
      }
    ],
    "isTemplate": false,
    "count": 0,
    "updated": 1528975783
  },
  {
    "id": "c3cca039-9da5-417c-a92e-47ab3b8a4d4c",
    "data": [
      {
        "text": "Looking forward to hearing from you.",
        "userDefined": false
      }
    ],
    "isTemplate": false,
    "count": 0,
    "updated": 1528975783
  },
  {
    "id": "518b5c8b-da86-489c-a1ae-1205cffa82f5",
    "data": [
      {
        "text": "I have gone through the link to schedule a call for late -SCRIBETIME-.",
        "userDefined": false
      }
    ],
    "isTemplate": false,
    "count": 0,
    "updated": 1528975783
  },
  {
    "id": "1aebf130-27b4-4ee4-927e-cec191b6d353",
    "data": [
      {
        "text": "I scheduled a call on your calendar for -SCRIBETIME-",
        "userDefined": false
      }
    ],
    "isTemplate": false,
    "count": 0,
    "updated": 1528975783
  },
  {
    "id": "36c926b6-3eae-467d-93bf-ba8aa2c68b79",
    "data": [
      {
        "text": "I put a call on your calendar for -SCRIBETIME-.",
        "userDefined": false
      }
    ],
    "isTemplate": false,
    "count": 0,
    "updated": 1528975783
  },
  {
    "id": "6368c7fd-aba7-45d2-83b5-637d306138a2",
    "data": [
      {
        "text": "I have set up a call on your calendar Megan.",
        "userDefined": false
      }
    ],
    "isTemplate": false,
    "count": 0,
    "updated": 1528975783
  },
  {
    "id": "bd3f37cb-e652-40bc-9c9d-46d4dbb81256",
    "data": [
      {
        "text": "I have scheduled -SCRIBETIME- with your assistant",
        "userDefined": false
      }
    ],
    "isTemplate": false,
    "count": 0,
    "updated": 1528975783
  },
  {
    "id": "49e80ae8-4b87-4ac4-8202-76fa9ff7bc2a",
    "data": [
      {
        "text": "I have scheduled a call with you this -SCRIBETIME- Look forward to talking to you further about the service.",
        "userDefined": false
      }
    ],
    "isTemplate": false,
    "count": 0,
    "updated": 1528975783
  },
  {
    "id": "673d8f66-6c4a-4007-ae6b-96db8459068f",
    "data": [
      {
        "text": "I have put myself on your calendar on (date) for a call.",
        "userDefined": false
      }
    ],
    "isTemplate": false,
    "count": 0,
    "updated": 1528975783
  },
  {
    "id": "032f309b-ba66-4ee2-bb3d-3da9262d0ee4",
    "data": [
      {
        "text": "I have scheduled a call on your calendar for -SCRIBETIME- Look forward to speaking with you.",
        "userDefined": false
      }
    ],
    "isTemplate": false,
    "count": 0,
    "updated": 1528975783
  },
  {
    "id": "64a3c163-17ec-435f-bb4d-82e8de9b8cc7",
    "data": [
      {
        "text": "I schedule a time -SCRIBETIME- for you to call.",
        "userDefined": false
      }
    ],
    "isTemplate": false,
    "count": 0,
    "updated": 1528975783
  },
  {
    "id": "ad8c6e07-0f1f-419d-97b1-d95a3ed38aa1",
    "data": [
      {
        "text": "Are you able to communicate via email",
        "userDefined": false
      }
    ],
    "isTemplate": false,
    "count": 0,
    "updated": 1528975783
  },
  {
    "id": "4b0e3a5b-6c06-4a6a-bd8d-7260bb023a6f",
    "data": [
      {
        "text": "i am available -SCRIBETIME-.",
        "userDefined": false
      }
    ],
    "isTemplate": false,
    "count": 0,
    "updated": 1528975783
  },
  {
    "id": "b188bd57-1e24-4ce2-aff8-e66354ff9c7e",
    "data": [
      {
        "text": "I would love to get in touch with you say -SCRIBETIME-.",
        "userDefined": false
      }
    ],
    "isTemplate": false,
    "count": 0,
    "updated": 1528975783
  },
  {
    "id": "12480a3a-9c89-4459-b5ef-b0251fe203eb",
    "data": [
      {
        "text": "Please let me know if that works for you.",
        "userDefined": false
      }
    ],
    "isTemplate": false,
    "count": 0,
    "updated": 1528975783
  },
  {
    "id": "48b553b7-0f58-4dab-b63c-c8fb337af6f7",
    "data": [
      {
        "text": "I would like to schedule a call",
        "userDefined": false
      }
    ],
    "isTemplate": false,
    "count": 0,
    "updated": 1528975783
  },
  {
    "id": "9afaf485-144a-4df9-99d1-f8acc3a1e7b0",
    "data": [
      {
        "text": "probably -SCRIBETIME-",
        "userDefined": false
      }
    ],
    "isTemplate": false,
    "count": 0,
    "updated": 1528975783
  },
  {
    "id": "a5c538f0-4db4-474a-8559-64e150dfe4b4",
    "data": [
      {
        "text": "Perhaps we can work out a time to chat -SCRIBETIME-.",
        "userDefined": false
      }
    ],
    "isTemplate": false,
    "count": 0,
    "updated": 1528975783
  },
  {
    "id": "901b221b-5734-40e3-a191-15bc601c23ea",
    "data": [
      {
        "text": "i will get back to you -SCRIBETIME-.",
        "userDefined": false
      }
    ],
    "isTemplate": false,
    "count": 0,
    "updated": 1528975783
  },
  {
    "id": "420cbe8e-7dc6-494c-a9d7-07e05e037ff0",
    "data": [
      {
        "text": "I am available -SCRIBETIME- Please confirm if that is OK with you.",
        "userDefined": false
      }
    ],
    "isTemplate": false,
    "count": 0,
    "updated": 1528975783
  },
  {
    "id": "dfa6ed75-cae2-428f-8025-fa78c7014925",
    "data": [
      {
        "text": "I will reach out to you in -SCRIBETIME-.",
        "userDefined": false
      }
    ],
    "isTemplate": false,
    "count": 0,
    "updated": 1528975783
  },
  {
    "id": "334eabb2-c1cb-4d22-93a3-348fa6890581",
    "data": [
      {
        "text": "i would love to chat.",
        "userDefined": false
      }
    ],
    "isTemplate": false,
    "count": 0,
    "updated": 1528975783
  },
  {
    "id": "f243bc48-fc7f-4bf4-a889-a48abf5ea153",
    "data": [
      {
        "text": "Can we schedule a meeting -SCRIBETIME-?",
        "userDefined": false
      }
    ],
    "isTemplate": false,
    "count": 0,
    "updated": 1528975783
  },
  {
    "id": "1686ffcd-992d-4bd3-8d95-0678b5e8c7d6",
    "data": [
      {
        "text": "i am looking forward to hearing back from you!",
        "userDefined": false
      }
    ],
    "isTemplate": false,
    "count": 0,
    "updated": 1528975783
  },
  {
    "id": "3572a370-4e00-40a7-9ee6-8dbaee7c0149",
    "data": [
      {
        "text": "will contact you -SCRIBETIME- to set up a time to discuss further.",
        "userDefined": false
      }
    ],
    "isTemplate": false,
    "count": 0,
    "updated": 1528975783
  },
  {
    "id": "bd8ab1d9-96a1-4cb4-a55a-679040c7948e",
    "data": [
      {
        "text": "I will reach out to you -SCRIBETIME- I look forward to speaking with you then.",
        "userDefined": false
      }
    ],
    "isTemplate": false,
    "count": 0,
    "updated": 1528975783
  },
  {
    "id": "72e4048b-7062-4d7f-8e2b-35b5257b2f08",
    "data": [
      {
        "text": "I would love to discuss your product in detail",
        "userDefined": false
      }
    ],
    "isTemplate": false,
    "count": 0,
    "updated": 1528975783
  },
  {
    "id": "fbac81f0-38b7-4a42-8498-1fb077906827",
    "data": [
      {
        "text": "final decisions will be arrived at -SCRIBETIME-.",
        "userDefined": false
      }
    ],
    "isTemplate": false,
    "count": 0,
    "updated": 1528975783
  },
  {
    "id": "858a4e4c-fc20-40fd-bf59-38c7b8fbe295",
    "data": [
      {
        "text": "We could schedule a call for -SCRIBETIME- I look forward to hearing from you.",
        "userDefined": false
      }
    ],
    "isTemplate": false,
    "count": 0,
    "updated": 1528975783
  },
  {
    "id": "b4101c7f-e74b-4703-a342-a8cfff87e847",
    "data": [
      {
        "text": "I would like to set up a call to potentially purchase your software.",
        "userDefined": false
      }
    ],
    "isTemplate": false,
    "count": 0,
    "updated": 1528975783
  },
  {
    "id": "b5a35dc6-1449-4e80-97b8-907fac51e520",
    "data": [
      {
        "text": "If possible",
        "userDefined": false
      }
    ],
    "isTemplate": false,
    "count": 0,
    "updated": 1528975783
  },
  {
    "id": "c4a7b2b2-2062-42e3-a77b-ea329bcf64c2",
    "data": [
      {
        "text": "could you please contact me again so that we can discuss this further.",
        "userDefined": false
      }
    ],
    "isTemplate": false,
    "count": 0,
    "updated": 1528975783
  },
  {
    "id": "ad4eb6d3-8824-4af6-903b-c55cd30f363c",
    "data": [
      {
        "text": "I would love to get on a call to discuss further.",
        "userDefined": false
      }
    ],
    "isTemplate": false,
    "count": 0,
    "updated": 1528975783
  },
  {
    "id": "c2d60250-ec93-4bdc-af05-a1e0da47d534",
    "data": [
      {
        "text": "Let me know when is a good time.",
        "userDefined": false
      }
    ],
    "isTemplate": false,
    "count": 0,
    "updated": 1528975783
  },
  {
    "id": "cf221aaa-b4a3-4fea-92c7-25606398e718",
    "data": [
      {
        "text": "i would like to schedule a call with you to discuss buying the software.",
        "userDefined": false
      }
    ],
    "isTemplate": false,
    "count": 0,
    "updated": 1528975783
  },
  {
    "id": "c5365e9f-fed8-43a3-8189-6462c76aa956",
    "data": [
      {
        "text": "Please let me know when you are available.",
        "userDefined": false
      }
    ],
    "isTemplate": false,
    "count": 0,
    "updated": 1528975783
  },
  {
    "id": "1d8fabbd-c0d4-41cc-b815-82991e6e66f2",
    "data": [
      {
        "text": "time for the call",
        "userDefined": false
      }
    ],
    "isTemplate": false,
    "count": 0,
    "updated": 1528975783
  },
  {
    "id": "620b14f3-310f-49cd-a1e2-99f94057ff48",
    "data": [
      {
        "text": "so plan on it.",
        "userDefined": false
      }
    ],
    "isTemplate": false,
    "count": 0,
    "updated": 1528975783
  },
  {
    "id": "d7739069-3989-4fc3-a495-5df683db535f",
    "data": [
      {
        "text": "We should have a call soon to discuss this purchase.",
        "userDefined": false
      }
    ],
    "isTemplate": false,
    "count": 0,
    "updated": 1528975783
  },
  {
    "id": "e23d1c6e-9926-4ba2-b4c4-bf2002a8fab0",
    "data": [
      {
        "text": "I feel more comfortable speaking on the phone.",
        "userDefined": false
      }
    ],
    "isTemplate": false,
    "count": 0,
    "updated": 1528975783
  },
  {
    "id": "a431c144-d574-4f05-965b-1add74247086",
    "data": [
      {
        "text": "Please call me at your earliest convenience.",
        "userDefined": false
      }
    ],
    "isTemplate": false,
    "count": 0,
    "updated": 1528975783
  },
  {
    "id": "cb786d79-0573-41a9-99a8-5d3138819f15",
    "data": [
      {
        "text": "I would like to discuss the software that was mentioned in the previous email.",
        "userDefined": false
      }
    ],
    "isTemplate": false,
    "count": 0,
    "updated": 1528975783
  },
  {
    "id": "e5ede9b9-da58-4b76-851b-0c83cf920881",
    "data": [
      {
        "text": "What would be a good time for you to discuss this over the phone with me?",
        "userDefined": false
      }
    ],
    "isTemplate": false,
    "count": 0,
    "updated": 1528975783
  },
  {
    "id": "c56ded28-063d-4d97-834d-2211f296e6ef",
    "data": [
      {
        "text": "are ready to go to the next stage with the purchase.",
        "userDefined": false
      }
    ],
    "isTemplate": false,
    "count": 0,
    "updated": 1528975783
  },
  {
    "id": "a962b75d-20e5-4cf9-b7e0-6d4f81dab208",
    "data": [
      {
        "text": "Please provide us with the best offer possible.",
        "userDefined": false
      }
    ],
    "isTemplate": false,
    "count": 0,
    "updated": 1528975783
  },
  {
    "id": "d01e18bc-ab37-4a1a-b6fd-61139a9b8af5",
    "data": [
      {
        "text": "Please give me a call to discuss your new software.",
        "userDefined": false
      }
    ],
    "isTemplate": false,
    "count": 0,
    "updated": 1528975783
  },
  {
    "id": "d7c65227-6fec-4f38-befa-c2b3fbc7da52",
    "data": [
      {
        "text": "I look forward to hearing from you.",
        "userDefined": false
      }
    ],
    "isTemplate": false,
    "count": 1,
    "updated": 1528975783
  },
  {
    "id": "82fb73ea-db77-474f-8c94-ad573ef31404",
    "data": [
      {
        "text": "Megan Please give me a call to discuss software Thanks",
        "userDefined": false
      }
    ],
    "isTemplate": false,
    "count": 0,
    "updated": 1528975783
  },
  {
    "id": "df68fe9a-a46d-4014-aef5-bc907eab57ed",
    "data": [
      {
        "text": "if you would like to schedule something -SCRIBETIME-?",
        "userDefined": false
      }
    ],
    "isTemplate": false,
    "count": 0,
    "updated": 1528975783
  },
  {
    "id": "e0ea44d5-6e67-4a17-a136-c97690c48893",
    "data": [
      {
        "text": "I am available -SCRIBETIME- if that suits you?",
        "userDefined": false
      }
    ],
    "isTemplate": false,
    "count": 0,
    "updated": 1528975783
  },
  {
    "id": "5afa8fea-e624-4bba-bbde-b9b96be5a956",
    "data": [
      {
        "text": "I will be unable to schedule a time until I return later -SCRIBETIME-.",
        "userDefined": false
      }
    ],
    "isTemplate": false,
    "count": 0,
    "updated": 1528975783
  },
  {
    "id": "672531ff-4f19-4b3c-abfc-f39e4ee49cf1",
    "data": [
      {
        "text": "Are you available -SCRIBETIME-?",
        "userDefined": false
      }
    ],
    "isTemplate": false,
    "count": 0,
    "updated": 1528975783
  },
  {
    "id": "c7249829-59d9-42b6-9aa1-72a2bab3062f",
    "data": [
      {
        "text": "I would get in touch with you next -SCRIBETIME- so",
        "userDefined": false
      }
    ],
    "isTemplate": false,
    "count": 0,
    "updated": 1528975783
  },
  {
    "id": "df772a57-9ea6-41b3-8604-5008b47454b0",
    "data": [
      {
        "text": "we can discuss this offerings in details Best Regards",
        "userDefined": false
      }
    ],
    "isTemplate": false,
    "count": 0,
    "updated": 1528975783
  },
  {
    "id": "80cca1cd-dcfa-4b5f-920f-2f3c90683cce",
    "data": [
      {
        "text": "Do you think we could get in touch -SCRIBETIME-?",
        "userDefined": false
      }
    ],
    "isTemplate": false,
    "count": 0,
    "updated": 1528975783
  },
  {
    "id": "dfdfdfb2-b724-49a8-a601-c27441673c71",
    "data": [
      {
        "text": "As I am cleared up around that time.",
        "userDefined": false
      }
    ],
    "isTemplate": false,
    "count": 0,
    "updated": 1528975783
  },
  {
    "id": "bf3cc67e-b72f-46aa-8926-96d16369b4a2",
    "data": [
      {
        "text": "Perhaps we can talk towards -SCRIBETIME-",
        "userDefined": false
      }
    ],
    "isTemplate": false,
    "count": 0,
    "updated": 1528975783
  },
  {
    "id": "91351b67-d2bd-42ee-bd07-b0aba9a536e7",
    "data": [
      {
        "text": "perhaps -SCRIBETIME-?",
        "userDefined": false
      }
    ],
    "isTemplate": false,
    "count": 0,
    "updated": 1528975783
  },
  {
    "id": "2425eaf1-9c84-4ce8-95ad-39d11e2ae0d2",
    "data": [
      {
        "text": "I would like to set up a call with you to discuss buying software at your convience.",
        "userDefined": false
      }
    ],
    "isTemplate": false,
    "count": 0,
    "updated": 1528975783
  },
  {
    "id": "3ab86c71-29c2-45c6-a8e3-779dcbcd7899",
    "data": [
      {
        "text": "I have scheduled the call",
        "userDefined": false
      }
    ],
    "isTemplate": false,
    "count": 0,
    "updated": 1528975783
  },
  {
    "id": "79182e76-6beb-4a2f-867e-060e67543241",
    "data": [
      {
        "text": "have submitted it to your calendar.",
        "userDefined": false
      }
    ],
    "isTemplate": false,
    "count": 0,
    "updated": 1528975783
  },
  {
    "id": "ee18550a-011d-4ca0-a738-188a72153fe8",
    "data": [
      {
        "text": "Talk with you soon.",
        "userDefined": false
      }
    ],
    "isTemplate": false,
    "count": 0,
    "updated": 1528975783
  },
  {
    "id": "5aa37272-143a-46fc-99d4-b55a0623b684",
    "data": [
      {
        "text": "I have scheduled a call on Megans calendar for -SCRIBETIME-",
        "userDefined": false
      }
    ],
    "isTemplate": false,
    "count": 0,
    "updated": 1528975783
  },
  {
    "id": "4c7e7607-373f-470e-911c-96a05b75e0b9",
    "data": [
      {
        "text": "I have got our call set up for -SCRIBETIME-.",
        "userDefined": false
      }
    ],
    "isTemplate": false,
    "count": 0,
    "updated": 1528975783
  },
  {
    "id": "819794ab-1c52-4647-a709-852574d7021c",
    "data": [
      {
        "text": "I look forward to talking to you.",
        "userDefined": false
      }
    ],
    "isTemplate": false,
    "count": 0,
    "updated": 1528975783
  },
  {
    "id": "298589b1-e46e-49cf-ad52-a75e9776d4a5",
    "data": [
      {
        "text": "I scheduled a call with you -SCRIBETIME-.",
        "userDefined": false
      }
    ],
    "isTemplate": false,
    "count": 0,
    "updated": 1528975783
  },
  {
    "id": "b3458b30-aa87-4671-89f1-fb6a5a0aefba",
    "data": [
      {
        "text": "I have requested an appointment through your calendar",
        "userDefined": false
      }
    ],
    "isTemplate": false,
    "count": 0,
    "updated": 1528975783
  },
  {
    "id": "08de999c-1105-4902-a989-5a9a7ee083ec",
    "data": [
      {
        "text": "to call",
        "userDefined": false
      }
    ],
    "isTemplate": false,
    "count": 0,
    "updated": 1528975783
  },
  {
    "id": "6f57881e-1e14-403c-90b2-d937e40772fe",
    "data": [
      {
        "text": "discuss the software.",
        "userDefined": false
      }
    ],
    "isTemplate": false,
    "count": 0,
    "updated": 1528975783
  },
  {
    "id": "82ed61fd-0a3e-474e-ae2e-48909fbb7629",
    "data": [
      {
        "text": "Please feel free to adjust the time",
        "userDefined": false
      }
    ],
    "isTemplate": false,
    "count": 0,
    "updated": 1528975783
  },
  {
    "id": "1fb0548a-f90f-43af-abc6-72a9dce890e2",
    "data": [
      {
        "text": "date to a more convenient time",
        "userDefined": false
      }
    ],
    "isTemplate": false,
    "count": 0,
    "updated": 1528975783
  },
  {
    "id": "2f4ca3d6-356e-49aa-9632-f9dd76707b4d",
    "data": [
      {
        "text": "I will happily be available.",
        "userDefined": false
      }
    ],
    "isTemplate": false,
    "count": 0,
    "updated": 1528975783
  },
  {
    "id": "671e17ec-effb-4b07-8b47-3f00b5650d66",
    "data": [
      {
        "text": "I am going to schedule a call to you -SCRIBETIME- Please leave that spot open on your calendar.",
        "userDefined": false
      }
    ],
    "isTemplate": false,
    "count": 0,
    "updated": 1528975783
  },
  {
    "id": "e4e0dada-3eb7-4d45-a427-a3c6425c5a07",
    "data": [
      {
        "text": "We will discuss the possibility of me purchasing your software.",
        "userDefined": false
      }
    ],
    "isTemplate": false,
    "count": 0,
    "updated": 1528975783
  },
  {
    "id": "697b1eda-a3b5-4a74-95f0-dd9c3cffa536",
    "data": [
      {
        "text": "If this doe not work for you",
        "userDefined": false
      }
    ],
    "isTemplate": false,
    "count": 0,
    "updated": 1528975783
  },
  {
    "id": "a28c7396-8873-448a-baba-50ad49e2a868",
    "data": [
      {
        "text": "please reply back with an alternate time",
        "userDefined": false
      }
    ],
    "isTemplate": false,
    "count": 0,
    "updated": 1528975783
  },
  {
    "id": "36a5db35-fcd4-4275-a086-fb5792e35434",
    "data": [
      {
        "text": "I scheduled a chat on your calendar.",
        "userDefined": false
      }
    ],
    "isTemplate": false,
    "count": 0,
    "updated": 1528975783
  },
  {
    "id": "0957c963-a665-4410-a8bd-53ca64691030",
    "data": [
      {
        "text": "-SCRIBETIME- is not a good time.",
        "userDefined": false
      }
    ],
    "isTemplate": false,
    "count": 0,
    "updated": 1528975783
  },
  {
    "id": "b0ae6920-f0a7-46c1-b949-006e4bdddf2c",
    "data": [
      {
        "text": "i will contact you -SCRIBETIME-.",
        "userDefined": false
      }
    ],
    "isTemplate": false,
    "count": 0,
    "updated": 1528975783
  },
  {
    "id": "299c7766-0921-4745-8d78-7823d9421f54",
    "data": [
      {
        "text": "I have availability -SCRIBETIME-.",
        "userDefined": false
      }
    ],
    "isTemplate": false,
    "count": 0,
    "updated": 1528975783
  },
  {
    "id": "95fdef92-de7d-4032-8a03-a80d508dd09c",
    "data": [
      {
        "text": "However I shall certainly will meet you -SCRIBETIME-",
        "userDefined": false
      }
    ],
    "isTemplate": false,
    "count": 0,
    "updated": 1528975783
  },
  {
    "id": "a2e922d6-b646-4db9-b181-94750c44d508",
    "data": [
      {
        "text": "that is -SCRIBETIME- regards Adam",
        "userDefined": false
      }
    ],
    "isTemplate": false,
    "count": 0,
    "updated": 1528975783
  },
  {
    "id": "8bf647a1-1592-4a31-ab6f-8965c013c0f4",
    "data": [
      {
        "text": "will get in touch with you -SCRIBETIME-.",
        "userDefined": false
      }
    ],
    "isTemplate": false,
    "count": 0,
    "updated": 1528975783
  },
  {
    "id": "b1b23c82-a85c-43ba-a3b7-8ec2c8e5c8de",
    "data": [
      {
        "text": "i will call you -SCRIBETIME- to set up an appointment.",
        "userDefined": false
      }
    ],
    "isTemplate": false,
    "count": 0,
    "updated": 1528975783
  },
  {
    "id": "a1b9a3fb-bd69-4e13-bf45-918c629180cb",
    "data": [
      {
        "text": "I will contact you -SCRIBETIME- if I wish to proceed.",
        "userDefined": false
      }
    ],
    "isTemplate": false,
    "count": 0,
    "updated": 1528975783
  },
  {
    "id": "f22b4162-92f2-4d28-8abf-dacac3171503",
    "data": [
      {
        "text": "shall get back to you in -SCRIBETIME-.",
        "userDefined": false
      }
    ],
    "isTemplate": false,
    "count": 0,
    "updated": 1528975783
  },
  {
    "id": "97882f2f-f259-45e9-9c2d-31a74ef7469e",
    "data": [
      {
        "text": "Just wanted to let you know I have scheduled a call on your calendar.",
        "userDefined": false
      }
    ],
    "isTemplate": false,
    "count": 0,
    "updated": 1528975783
  },
  {
    "id": "992d7617-c286-4e30-9b8f-bdf2bf04c37f",
    "data": [
      {
        "text": "scheduled a call with you for -SCRIBETIME- Look forward to speaking with you then.",
        "userDefined": false
      }
    ],
    "isTemplate": false,
    "count": 0,
    "updated": 1528975783
  },
  {
    "id": "05c24203-1155-4c22-9e2f-3087c830e0f5",
    "data": [
      {
        "text": "booked a meeting on your calendar.",
        "userDefined": false
      }
    ],
    "isTemplate": false,
    "count": 0,
    "updated": 1528975783
  },
  {
    "id": "3eedf38a-e173-4511-9db1-f70cab533dca",
    "data": [
      {
        "text": "I look forward to our call.",
        "userDefined": false
      }
    ],
    "isTemplate": false,
    "count": 0,
    "updated": 1528975783
  },
  {
    "id": "d9392d38-994b-4e55-9ce9-da7c70e79ac6",
    "data": [
      {
        "text": "I have already scheduled a call on your calendar",
        "userDefined": false
      }
    ],
    "isTemplate": false,
    "count": 0,
    "updated": 1528975783
  },
  {
    "id": "5aafc3e3-9c83-4c8f-9dba-2ab6326c5637",
    "data": [
      {
        "text": "it is awaiting your verification.",
        "userDefined": false
      }
    ],
    "isTemplate": false,
    "count": 0,
    "updated": 1528975783
  },
  {
    "id": "0baf6fd7-d586-4933-8933-91ceda853938",
    "data": [
      {
        "text": "If the proposed time does not work for you",
        "userDefined": false
      }
    ],
    "isTemplate": false,
    "count": 0,
    "updated": 1528975783
  },
  {
    "id": "5263a513-eb48-466c-97ea-0d9fbc65baf5",
    "data": [
      {
        "text": "We can converse whatever best suits your time Megan.",
        "userDefined": false
      }
    ],
    "isTemplate": false,
    "count": 0,
    "updated": 1528975783
  },
  {
    "id": "1168083b-10b0-4829-9298-21e00dd22f6b",
    "data": [
      {
        "text": "I have scheduled a call -SCRIBETIME-.",
        "userDefined": false
      }
    ],
    "isTemplate": false,
    "count": 0,
    "updated": 1528975783
  },
  {
    "id": "a03aba50-380d-453a-9dee-88fd6b828b3f",
    "data": [
      {
        "text": "If you look at your calendar",
        "userDefined": false
      }
    ],
    "isTemplate": false,
    "count": 0,
    "updated": 1528975783
  },
  {
    "id": "da910512-b56e-4ac3-b1a7-5274ab55373c",
    "data": [
      {
        "text": "I scheduled it -SCRIBETIME-.",
        "userDefined": false
      }
    ],
    "isTemplate": false,
    "count": 0,
    "updated": 1528975783
  },
  {
    "id": "8682cf99-502b-43dc-a63a-d1387f1d418a",
    "data": [
      {
        "text": "I can schedule the call through your calendar system.",
        "userDefined": false
      }
    ],
    "isTemplate": false,
    "count": 0,
    "updated": 1528975783
  },
  {
    "id": "d0614a1d-f4b7-4897-b7b5-c84ec0669fd9",
    "data": [
      {
        "text": "I SCHEDULED A CALL ON YOUR CALENDAR SO THAT YOU DO NOT FORGET ABOUT THE PHONE MEETINGS THANKS",
        "userDefined": false
      }
    ],
    "isTemplate": false,
    "count": 0,
    "updated": 1528975783
  },
  {
    "id": "7b2a9ab7-18ae-4cea-8127-4506c00e7437",
    "data": [
      {
        "text": "i will call you this up -SCRIBETIME- be waiting.",
        "userDefined": false
      }
    ],
    "isTemplate": false,
    "count": 0,
    "updated": 1528975783
  },
  {
    "id": "1bc8ab6f-b963-43a4-b9d8-4dba8637cf0b",
    "data": [
      {
        "text": "I have scheduled a call on your calendar -SCRIBETIME- to discuss the CompleteSecurity software.",
        "userDefined": false
      }
    ],
    "isTemplate": false,
    "count": 0,
    "updated": 1528975783
  },
  {
    "id": "430036f7-2f28-452b-babd-02ea0e13ade5",
    "data": [
      {
        "text": "I will get in touch with you -SCRIBETIME- when my schedule opens up.",
        "userDefined": false
      }
    ],
    "isTemplate": false,
    "count": 0,
    "updated": 1528975783
  },
  {
    "id": "fb545235-37df-4ec1-8e17-361bf64f550a",
    "data": [
      {
        "text": "will get back with you -SCRIBETIME-.",
        "userDefined": false
      }
    ],
    "isTemplate": false,
    "count": 0,
    "updated": 1528975783
  },
  {
    "id": "07358498-7272-412b-9818-d335cacf4205",
    "data": [
      {
        "text": "Let me know if that will work for you.",
        "userDefined": false
      }
    ],
    "isTemplate": false,
    "count": 0,
    "updated": 1528975783
  },
  {
    "id": "8c43a4e7-f086-42a2-980d-9feca5581448",
    "data": [
      {
        "text": "i will get in touch with you later -SCRIBETIME-.",
        "userDefined": false
      }
    ],
    "isTemplate": false,
    "count": 0,
    "updated": 1528975783
  },
  {
    "id": "7aabce62-8ef8-471a-9c15-594726c4bac4",
    "data": [
      {
        "text": "Let me get back to you -SCRIBETIME-",
        "userDefined": false
      }
    ],
    "isTemplate": false,
    "count": 0,
    "updated": 1528975783
  },
  {
    "id": "0fff008f-60df-4493-a3e0-f34d9cde36cf",
    "data": [
      {
        "text": "if you would be so kind as to email me -SCRIBETIME-",
        "userDefined": false
      }
    ],
    "isTemplate": false,
    "count": 0,
    "updated": 1528975783
  },
  {
    "id": "0211607b-4d9a-4927-b5cc-b7c32dfd7174",
    "data": [
      {
        "text": "I will have more time to discuss it!",
        "userDefined": false
      }
    ],
    "isTemplate": false,
    "count": 0,
    "updated": 1528975783
  },
  {
    "id": "098c2f45-69aa-4e7a-8559-43487a19de25",
    "data": [
      {
        "text": "Shoot me another one later -SCRIBETIME- as that will be a better time -SCRIBETIME- for me to discuss.",
        "userDefined": false
      }
    ],
    "isTemplate": false,
    "count": 0,
    "updated": 1528975783
  },
  {
    "id": "a8d9995e-7cd9-429a-ae4c-8800c0820c37",
    "data": [
      {
        "text": "You can contact me -SCRIBETIME-",
        "userDefined": false
      }
    ],
    "isTemplate": false,
    "count": 0,
    "updated": 1528975783
  },
  {
    "id": "9b18054c-096a-47b7-b328-2959876fdd3f",
    "data": [
      {
        "text": "so that we can arrange an appropriate time to discuss your company offerings.",
        "userDefined": false
      }
    ],
    "isTemplate": false,
    "count": 0,
    "updated": 1528975783
  },
  {
    "id": "f5b3ca6c-8863-4342-bf3b-cee1aac90862",
    "data": [
      {
        "text": "if you could contact me again -SCRIBETIME- that would be great.",
        "userDefined": false
      }
    ],
    "isTemplate": false,
    "count": 0,
    "updated": 1528975783
  },
  {
    "id": "c9df6980-895f-4240-86f3-b31d8cf29f48",
    "data": [
      {
        "text": "Please contact me again later in the week",
        "userDefined": false
      }
    ],
    "isTemplate": false,
    "count": 0,
    "updated": 1528975783
  },
  {
    "id": "6dac5bc1-0bbd-4d77-9f43-dac73591e89c",
    "data": [
      {
        "text": "I can work with you on setting something up.",
        "userDefined": false
      }
    ],
    "isTemplate": false,
    "count": 0,
    "updated": 1528975783
  },
  {
    "id": "2fee76b9-dbd8-4705-8ed8-261a7c23a68a",
    "data": [
      {
        "text": "I have scheduled our call for -SCRIBETIME-",
        "userDefined": false
      }
    ],
    "isTemplate": false,
    "count": 0,
    "updated": 1528975783
  },
  {
    "id": "43394ffd-1eb9-4cb9-ab83-6dfa27f2beaf",
    "data": [
      {
        "text": "placed it on your calendar.",
        "userDefined": false
      }
    ],
    "isTemplate": false,
    "count": 0,
    "updated": 1528975783
  },
  {
    "id": "22534d61-a773-40a1-93d2-8bdaa5848645",
    "data": [
      {
        "text": "I scheduled in our call to your calendar.",
        "userDefined": false
      }
    ],
    "isTemplate": false,
    "count": 0,
    "updated": 1528975783
  },
  {
    "id": "9c7a1db8-f1f3-4f40-b38f-6e05628c78a7",
    "data": [
      {
        "text": "It will be -SCRIBETIME- I look forward to chatting with you.",
        "userDefined": false
      }
    ],
    "isTemplate": false,
    "count": 0,
    "updated": 1528975783
  },
  {
    "id": "92ba49bc-c136-4ac5-bf0a-db968085856e",
    "data": [
      {
        "text": "Megan I am on your schedule for a call -SCRIBETIME-",
        "userDefined": false
      }
    ],
    "isTemplate": false,
    "count": 0,
    "updated": 1528975783
  },
  {
    "id": "fdb4ca56-a07c-430c-b5c9-57b80f80f145",
    "data": [
      {
        "text": "we will talk then.",
        "userDefined": false
      }
    ],
    "isTemplate": false,
    "count": 0,
    "updated": 1528975783
  },
  {
    "id": "95623917-63d9-42f8-a06d-c7d3f49cd988",
    "data": [
      {
        "text": "I have penciled in the call for -SCRIBETIME- (Eastern time) -SCRIBETIME-.",
        "userDefined": false
      }
    ],
    "isTemplate": false,
    "count": 0,
    "updated": 1528975783
  },
  {
    "id": "bfa4c56d-90a4-4652-a5fa-5776a40eb96b",
    "data": [
      {
        "text": "If this is not convenient",
        "userDefined": false
      }
    ],
    "isTemplate": false,
    "count": 0,
    "updated": 1528975783
  },
  {
    "id": "568671e2-71e0-4e1e-a2d9-64567bf39cd8",
    "data": [
      {
        "text": "please let me know.",
        "userDefined": false
      }
    ],
    "isTemplate": false,
    "count": 0,
    "updated": 1528975783
  },
  {
    "id": "10c57276-06af-47d0-9098-e53af447d459",
    "data": [
      {
        "text": "I have actually scheduled a call on your calendar",
        "userDefined": false
      }
    ],
    "isTemplate": false,
    "count": 0,
    "updated": 1528975783
  },
  {
    "id": "a1270251-6dcc-456d-921b-2002e8752957",
    "data": [
      {
        "text": "am emailing you to inform you in case you had not seen it yet.",
        "userDefined": false
      }
    ],
    "isTemplate": false,
    "count": 0,
    "updated": 1528975783
  },
  {
    "id": "3c23a041-b306-4d0d-b514-1d5e7f77c1bd",
    "data": [
      {
        "text": "Megan - I have scheduled a call for us to discuss your software -SCRIBETIME-.",
        "userDefined": false
      }
    ],
    "isTemplate": false,
    "count": 0,
    "updated": 1528975783
  },
  {
    "id": "caebc0c6-d87f-4ffb-8c89-60a00f63699a",
    "data": [
      {
        "text": "I have scheduled a call on your calendar for -SCRIBETIME- to discuss your software.",
        "userDefined": false
      }
    ],
    "isTemplate": false,
    "count": 0,
    "updated": 1528975783
  },
  {
    "id": "f2a61e83-403f-40b4-9f7b-bcfc8b820af6",
    "data": [
      {
        "text": "I will schedule the call miss",
        "userDefined": false
      }
    ],
    "isTemplate": false,
    "count": 0,
    "updated": 1528975783
  },
  {
    "id": "fe8fea06-a6d9-4877-be8b-a4ee3a077bed",
    "data": [
      {
        "text": "i will inform you",
        "userDefined": false
      }
    ],
    "isTemplate": false,
    "count": 0,
    "updated": 1528975783
  },
  {
    "id": "b5fb222a-d533-4dfe-95e5-f384771324b3",
    "data": [
      {
        "text": "I have booked a half hour on your calendar -SCRIBETIME- for our conversation.",
        "userDefined": false
      }
    ],
    "isTemplate": false,
    "count": 0,
    "updated": 1528975783
  },
  {
    "id": "f2be2e94-104f-438e-99fa-70b89efdf74b",
    "data": [
      {
        "text": "i am looking forward to speaking with you about your product",
        "userDefined": false
      }
    ],
    "isTemplate": false,
    "count": 0,
    "updated": 1528975783
  },
  {
    "id": "6880fed8-5c40-4acb-ad63-36ccea5b0753",
    "data": [
      {
        "text": "I have added a reminder on your calendar for a call.",
        "userDefined": false
      }
    ],
    "isTemplate": false,
    "count": 0,
    "updated": 1528975783
  },
  {
    "id": "3126cdb1-1624-405b-a7a8-89a49d560630",
    "data": [
      {
        "text": "Please check your schedule to see the reminder.",
        "userDefined": false
      }
    ],
    "isTemplate": false,
    "count": 0,
    "updated": 1528975783
  },
  {
    "id": "87f5d371-2079-4910-81a2-6f0d4ea71557",
    "data": [
      {
        "text": "can you reach out to me -SCRIBETIME-",
        "userDefined": false
      }
    ],
    "isTemplate": false,
    "count": 0,
    "updated": 1528975783
  },
  {
    "id": "0b44d9ac-19a9-4762-8e0b-82cd390d8c40",
    "data": [
      {
        "text": "so we can try to schedule?",
        "userDefined": false
      }
    ],
    "isTemplate": false,
    "count": 0,
    "updated": 1528975783
  },
  {
    "id": "f59a6516-4a0a-42c5-9ec6-daf6849400e1",
    "data": [
      {
        "text": "Long story short send me that email -SCRIBETIME-.",
        "userDefined": false
      }
    ],
    "isTemplate": false,
    "count": 0,
    "updated": 1528975783
  },
  {
    "id": "44f7f799-e4ff-45da-a591-78b77c972048",
    "data": [
      {
        "text": "pleas contact me again -SCRIBETIME-.",
        "userDefined": false
      }
    ],
    "isTemplate": false,
    "count": 0,
    "updated": 1528975783
  },
  {
    "id": "d869293c-02c9-432f-a1ef-2307ff08db6e",
    "data": [
      {
        "text": "Could you please recontact me -SCRIBETIME-?",
        "userDefined": false
      }
    ],
    "isTemplate": false,
    "count": 0,
    "updated": 1528975783
  },
  {
    "id": "7d98ab3e-0801-4b6a-ae4a-8a076dc067a7",
    "data": [
      {
        "text": "I would like to speak with you",
        "userDefined": false
      }
    ],
    "isTemplate": false,
    "count": 0,
    "updated": 1528975783
  },
  {
    "id": "05a0ab86-e20a-400f-858a-11410dddf0da",
    "data": [
      {
        "text": "Let me know.",
        "userDefined": false
      }
    ],
    "isTemplate": false,
    "count": 0,
    "updated": 1528975783
  },
  {
    "id": "8f2776ea-4735-4436-80dd-65a8356546f7",
    "data": [
      {
        "text": "I would love to sit down",
        "userDefined": false
      }
    ],
    "isTemplate": false,
    "count": 0,
    "updated": 1528975783
  },
  {
    "id": "6959a400-0876-471b-ad99-a822a944a9c5",
    "data": [
      {
        "text": "discuss what your company has to over.",
        "userDefined": false
      }
    ],
    "isTemplate": false,
    "count": 0,
    "updated": 1528975783
  },
  {
    "id": "b6c97348-5a86-42e2-8a0c-41ef8d05cd80",
    "data": [
      {
        "text": "Are you available -SCRIBETIME-.",
        "userDefined": false
      }
    ],
    "isTemplate": false,
    "count": 0,
    "updated": 1528975783
  },
  {
    "id": "d7908913-23c8-4481-bf34-88e1ddf009be",
    "data": [
      {
        "text": "I have a very busy schedule coming up - can you reach out again -SCRIBETIME-?",
        "userDefined": false
      }
    ],
    "isTemplate": false,
    "count": 0,
    "updated": 1528975783
  },
  {
    "id": "375e1eaf-5c09-4327-a388-70fba7c9ddd4",
    "data": [
      {
        "text": "I scheduled us for -SCRIBETIME-.",
        "userDefined": false
      }
    ],
    "isTemplate": false,
    "count": 0,
    "updated": 1528975783
  },
  {
    "id": "fc36e83c-4786-410c-bc41-dae042e08671",
    "data": [
      {
        "text": "I will send you a calendar invite.",
        "userDefined": false
      }
    ],
    "isTemplate": false,
    "count": 0,
    "updated": 1528975783
  },
  {
    "id": "73c015fe-0b7a-43a7-b882-130c2105a788",
    "data": [
      {
        "text": "i scheduled a meeting.",
        "userDefined": false
      }
    ],
    "isTemplate": false,
    "count": 0,
    "updated": 1528975783
  },
  {
    "id": "c0eb329f-057e-41e2-b905-9f519ddd4157",
    "data": [
      {
        "text": "I have scheduled a call with you for -SCRIBETIME- I have added to the call to your calendar.",
        "userDefined": false
      }
    ],
    "isTemplate": false,
    "count": 0,
    "updated": 1528975783
  },
  {
    "id": "00d17d5f-973c-4469-a039-f9f3cdf25367",
    "data": [
      {
        "text": "I have already scheduled a call for -SCRIBETIME-.",
        "userDefined": false
      }
    ],
    "isTemplate": false,
    "count": 0,
    "updated": 1528975783
  },
  {
    "id": "ff8db9dc-924c-47d6-8fbb-afbb02be73d1",
    "data": [
      {
        "text": "You should see it on your calendar.",
        "userDefined": false
      }
    ],
    "isTemplate": false,
    "count": 0,
    "updated": 1528975783
  },
  {
    "id": "5bb8e50d-5979-4060-bc14-07f7f76dea27",
    "data": [
      {
        "text": "Talk to you soon.",
        "userDefined": false
      }
    ],
    "isTemplate": false,
    "count": 0,
    "updated": 1528975783
  },
  {
    "id": "2b5e733d-b3ac-46b2-978a-974432fc646b",
    "data": [
      {
        "text": "Hi Megan I scheduled the call in the calender for both of us as a reminder.",
        "userDefined": false
      }
    ],
    "isTemplate": false,
    "count": 0,
    "updated": 1528975783
  },
  {
    "id": "c31c103c-a024-4c2d-b1ca-f96fa6aa25a5",
    "data": [
      {
        "text": "I just wanted to make you aware .",
        "userDefined": false
      }
    ],
    "isTemplate": false,
    "count": 0,
    "updated": 1528975783
  },
  {
    "id": "b07a0ba9-3517-4847-86e8-65d4adf577fb",
    "data": [
      {
        "text": "I scheduled a call time on your calendar",
        "userDefined": false
      }
    ],
    "isTemplate": false,
    "count": 0,
    "updated": 1528975783
  },
  {
    "id": "1d193f38-8a3a-4906-8184-56a3b041961d",
    "data": [
      {
        "text": "I look forward to seeing you then!",
        "userDefined": false
      }
    ],
    "isTemplate": false,
    "count": 0,
    "updated": 1528975783
  },
  {
    "id": "f9c2b45f-f55f-41fc-85a3-a5b5b10d6554",
    "data": [
      {
        "text": "I have scheduled a call with you -SCRIBETIME-.",
        "userDefined": false
      }
    ],
    "isTemplate": false,
    "count": 0,
    "updated": 1528975783
  },
  {
    "id": "24e40a72-4cd3-4b55-80a6-a05870c4f621",
    "data": [
      {
        "text": "Please let me know right away if you need to change it to another time.",
        "userDefined": false
      }
    ],
    "isTemplate": false,
    "count": 0,
    "updated": 1528975783
  },
  {
    "id": "8e7828fd-f58a-4bd2-a6bc-2741cfbc560d",
    "data": [
      {
        "text": "I sent you an invite for -SCRIBETIME-.",
        "userDefined": false
      }
    ],
    "isTemplate": false,
    "count": 0,
    "updated": 1528975783
  },
  {
    "id": "d50d257d-8ae6-4648-86bf-933576807ea3",
    "data": [
      {
        "text": "I have reviewed your calendar",
        "userDefined": false
      }
    ],
    "isTemplate": false,
    "count": 1,
    "updated": 1528975783
  },
  {
    "id": "b88e485b-bcc5-417d-8f64-e38238bfd2bd",
    "data": [
      {
        "text": "I appear to also be available -SCRIBETIME- Central.",
        "userDefined": false
      }
    ],
    "isTemplate": false,
    "count": 0,
    "updated": 1528975783
  },
  {
    "id": "c0df83bb-2def-4353-9055-48d640efdfa7",
    "data": [
      {
        "text": "I have added this to your calendar.",
        "userDefined": false
      }
    ],
    "isTemplate": false,
    "count": 0,
    "updated": 1528975783
  },
  {
    "id": "806f280c-99f6-45cf-9ed8-0a6678752ff4",
    "data": [
      {
        "text": "I believe it would benefit both of us if you just contacted me with all of your information so it is easier to get in touch with you.",
        "userDefined": false
      }
    ],
    "isTemplate": false,
    "count": 0,
    "updated": 1528975783
  },
  {
    "id": "c26e2b64-3edd-4d32-94f7-f8f9c897eac6",
    "data": [
      {
        "text": "Could you give me a call -SCRIBETIME- -SCRIBETIME- to chat?",
        "userDefined": false
      }
    ],
    "isTemplate": false,
    "count": 0,
    "updated": 1528975783
  },
  {
    "id": "c0deac82-bed0-46eb-874b-d1fee213a2e0",
    "data": [
      {
        "text": "Before we schedule a time to talk",
        "userDefined": false
      }
    ],
    "isTemplate": false,
    "count": 0,
    "updated": 1528975783
  },
  {
    "id": "76e537f1-6b93-43ed-b118-9290bb2ac1e2",
    "data": [
      {
        "text": "I am looking forward to hearing from you again.",
        "userDefined": false
      }
    ],
    "isTemplate": false,
    "count": 0,
    "updated": 1528975783
  },
  {
    "id": "5dd50a3c-dca2-402a-a2dd-079c6d789ccd",
    "data": [
      {
        "text": "I would like to schedule a call to discuss this with you further.",
        "userDefined": false
      }
    ],
    "isTemplate": false,
    "count": 0,
    "updated": 1528975783
  },
  {
    "id": "5e8e6a9d-280a-4a8f-ba9c-c42d52884c89",
    "data": [
      {
        "text": "let us say -SCRIBETIME- Thanks",
        "userDefined": false
      }
    ],
    "isTemplate": false,
    "count": 0,
    "updated": 1528975783
  },
  {
    "id": "a53bd91b-142f-4844-b64d-041a81675b84",
    "data": [
      {
        "text": "Please let me know if this works for you.",
        "userDefined": false
      }
    ],
    "isTemplate": false,
    "count": 0,
    "updated": 1528975783
  },
  {
    "id": "1f09e415-2c2f-45db-bd6e-df5a3dd2e41d",
    "data": [
      {
        "text": "I want to call -SCRIBETIME- Adam",
        "userDefined": false
      }
    ],
    "isTemplate": false,
    "count": 0,
    "updated": 1528975783
  },
  {
    "id": "205b16a0-224a-44a6-8936-577748cfda63",
    "data": [
      {
        "text": "Give me a call -SCRIBETIME- Check your schedule to confirm.",
        "userDefined": false
      }
    ],
    "isTemplate": false,
    "count": 0,
    "updated": 1528975783
  },
  {
    "id": "695fbc57-6157-4ee0-82ab-9254cf439aae",
    "data": [
      {
        "text": "I just scheduled a call for our meeting on your calendar.",
        "userDefined": false
      }
    ],
    "isTemplate": false,
    "count": 0,
    "updated": 1528975783
  },
  {
    "id": "eae4ea5d-1cba-4d14-a254-6c8bc0fba871",
    "data": [
      {
        "text": "I have scheduled time for a phone meeting -SCRIBETIME- Please call me at the scheduled time so we can discuss your software package.",
        "userDefined": false
      }
    ],
    "isTemplate": false,
    "count": 0,
    "updated": 1528975783
  },
  {
    "id": "33c8b537-3c78-416d-89b5-935b24d9581d",
    "data": [
      {
        "text": "I would like to call you -SCRIBETIME- since you will be available to discuss about the software .",
        "userDefined": false
      }
    ],
    "isTemplate": false,
    "count": 0,
    "updated": 1528975783
  },
  {
    "id": "c5f41357-bde6-4f66-86af-19fb871d24c5",
    "data": [
      {
        "text": "Hi Megan I have sent you a calendar invite to discuss purchasing.",
        "userDefined": false
      }
    ],
    "isTemplate": false,
    "count": 0,
    "updated": 1528975783
  },
  {
    "id": "1343a0f5-635c-486c-bb79-0e5c16986378",
    "data": [
      {
        "text": "Can you get back to me sometime -SCRIBETIME- to set up a time to talk?",
        "userDefined": false
      }
    ],
    "isTemplate": false,
    "count": 0,
    "updated": 1528975783
  },
  {
    "id": "516b4300-0d2c-4052-934b-6ac810aae4fb",
    "data": [
      {
        "text": "Could you please call me later on in the day?",
        "userDefined": false
      }
    ],
    "isTemplate": false,
    "count": 0,
    "updated": 1528975783
  },
  {
    "id": "cf9760ef-97eb-44cd-aebb-2319aaeb35de",
    "data": [
      {
        "text": "Can you try me -SCRIBETIME-?",
        "userDefined": false
      }
    ],
    "isTemplate": false,
    "count": 0,
    "updated": 1528975783
  },
  {
    "id": "5e6ec189-9538-4bca-8770-d0df91acf868",
    "data": [
      {
        "text": "Get hold of us as soon as possible.",
        "userDefined": false
      }
    ],
    "isTemplate": false,
    "count": 0,
    "updated": 1528975783
  },
  {
    "id": "ec2b2096-2e1b-45df-aba3-0e56106f7504",
    "data": [
      {
        "text": "we will be meeting -SCRIBETIME-",
        "userDefined": false
      }
    ],
    "isTemplate": false,
    "count": 0,
    "updated": 1528975783
  },
  {
    "id": "9e64722c-62c2-4c2d-9e70-232fb1382101",
    "data": [
      {
        "text": "I will inform her of the scheduled call.",
        "userDefined": false
      }
    ],
    "isTemplate": false,
    "count": 0,
    "updated": 1528975783
  },
  {
    "id": "efde9507-b0b2-4676-8bf1-2b74f3ae20b1",
    "data": [
      {
        "text": "Megan I have put the following time in your calendar for out call it is -SCRIBETIME- thank uyo",
        "userDefined": false
      }
    ],
    "isTemplate": false,
    "count": 0,
    "updated": 1528975783
  },
  {
    "id": "38a5e4e6-4265-4f6a-8624-a69d4a38c93d",
    "data": [
      {
        "text": "tell me what is the best time for a phone call so I can schedule a call",
        "userDefined": false
      }
    ],
    "isTemplate": false,
    "count": 0,
    "updated": 1528975783
  },
  {
    "id": "2441e9f2-69d0-4e4e-af8c-c34fe21a66c5",
    "data": [
      {
        "text": "inform you about it in my next email.",
        "userDefined": false
      }
    ],
    "isTemplate": false,
    "count": 0,
    "updated": 1528975783
  },
  {
    "id": "660fa583-f36e-4a7a-b4a9-f5063916abfa",
    "data": [
      {
        "text": "Looking forward for your reply.",
        "userDefined": false
      }
    ],
    "isTemplate": false,
    "count": 0,
    "updated": 1528975783
  },
  {
    "id": "ded9c107-399a-4154-81a5-77452cf32fdd",
    "data": [
      {
        "text": "I have scheduled a call on your calendar",
        "userDefined": false
      }
    ],
    "isTemplate": false,
    "count": 0,
    "updated": 1528975783
  },
  {
    "id": "5ebfa16c-2d6f-467f-ac4c-8fe3abfa9248",
    "data": [
      {
        "text": "wanted to inform you that i have done so.",
        "userDefined": false
      }
    ],
    "isTemplate": false,
    "count": 0,
    "updated": 1528975783
  },
  {
    "id": "03f65d6c-59b8-415d-b77b-7041b1243f80",
    "data": [
      {
        "text": "If this is convenient for you please let me know.",
        "userDefined": false
      }
    ],
    "isTemplate": false,
    "count": 0,
    "updated": 1528975783
  },
  {
    "id": "6527c09b-de1d-4379-836c-4163ef3f2744",
    "data": [
      {
        "text": "I have scheduled a call for -SCRIBETIME- for one hour.",
        "userDefined": false
      }
    ],
    "isTemplate": false,
    "count": 0,
    "updated": 1528975783
  },
  {
    "id": "31fd8f5f-b68a-4748-9b7f-12bfdce4e111",
    "data": [
      {
        "text": "I see that you are free -SCRIBETIME- on your calender so I can take a call then.",
        "userDefined": false
      }
    ],
    "isTemplate": false,
    "count": 0,
    "updated": 1528975783
  },
  {
    "id": "7f215c83-f775-4315-bfa3-e68d4e628b80",
    "data": [
      {
        "text": "I have scheduled a call with Megan on her calendar.",
        "userDefined": false
      }
    ],
    "isTemplate": false,
    "count": 0,
    "updated": 1528975783
  },
  {
    "id": "97503b6d-e091-4fa7-ab03-7b4edb87bc09",
    "data": [
      {
        "text": "Please let me know if there is a problem with the selected date",
        "userDefined": false
      }
    ],
    "isTemplate": false,
    "count": 0,
    "updated": 1528975783
  },
  {
    "id": "fa9a20c3-6e30-493f-8db2-eacf61ebe04b",
    "data": [
      {
        "text": "Hi Megan I scheduled time with you.",
        "userDefined": false
      }
    ],
    "isTemplate": false,
    "count": 0,
    "updated": 1528975783
  },
  {
    "id": "ac6866bd-f736-4406-98b4-741a997b3f3d",
    "data": [
      {
        "text": "It should be on your calendar as -SCRIBETIME-.",
        "userDefined": false
      }
    ],
    "isTemplate": false,
    "count": 0,
    "updated": 1528975783
  },
  {
    "id": "4ec7a1e3-d043-480f-a9aa-7fa74e5053d9",
    "data": [
      {
        "text": "Look forward to speaking then.",
        "userDefined": false
      }
    ],
    "isTemplate": false,
    "count": 0,
    "updated": 1528975783
  },
  {
    "id": "7a1159a8-b310-4780-8056-47a326cb0201",
    "data": [
      {
        "text": "I have scheduled a call for your for -SCRIBETIME-.",
        "userDefined": false
      }
    ],
    "isTemplate": false,
    "count": 0,
    "updated": 1528975783
  },
  {
    "id": "9af79bc9-4ffb-473d-9b09-f4b0ba0ba041",
    "data": [
      {
        "text": "I am busy -SCRIBETIME- can you contact me -SCRIBETIME-?",
        "userDefined": false
      }
    ],
    "isTemplate": false,
    "count": 0,
    "updated": 1528975783
  },
  {
    "id": "f847894c-31c2-454d-9700-04d5ed0ecccd",
    "data": [
      {
        "text": "I would like to talk",
        "userDefined": false
      }
    ],
    "isTemplate": false,
    "count": 0,
    "updated": 1528975783
  },
  {
    "id": "dce5e827-b24c-4fed-8f8b-a76697a297e3",
    "data": [
      {
        "text": "Can you please contact me later - maybe -SCRIBETIME-?",
        "userDefined": false
      }
    ],
    "isTemplate": false,
    "count": 0,
    "updated": 1528975783
  },
  {
    "id": "0328fdfa-50a8-4c6e-9851-e384df4cd13e",
    "data": [
      {
        "text": "Please contact me again -SCRIBETIME-.",
        "userDefined": false
      }
    ],
    "isTemplate": false,
    "count": 0,
    "updated": 1528975783
  },
  {
    "id": "dd134a1d-1eaa-4512-bd79-cdf35650d6ac",
    "data": [
      {
        "text": "I would email Megan with a date",
        "userDefined": false
      }
    ],
    "isTemplate": false,
    "count": 0,
    "updated": 1528975783
  },
  {
    "id": "c18ee6e4-f556-483b-b936-4ba1328980c8",
    "data": [
      {
        "text": "time that I wanted her to contact me.",
        "userDefined": false
      }
    ],
    "isTemplate": false,
    "count": 0,
    "updated": 1528975783
  },
  {
    "id": "75b1dda0-68cd-418c-964f-5c9306e397a2",
    "data": [
      {
        "text": "I just wanted to confirm that I scheduled a time to talk with you -SCRIBETIME-.",
        "userDefined": false
      }
    ],
    "isTemplate": false,
    "count": 0,
    "updated": 1528975783
  },
  {
    "id": "bd454b76-280f-4487-bf7e-baf8085d023b",
    "data": [
      {
        "text": "We would very much appreciate a call to discuss.",
        "userDefined": false
      }
    ],
    "isTemplate": false,
    "count": 0,
    "updated": 1528975783
  },
  {
    "id": "b9115a53-896c-4d24-98ec-d4f4308b6b0c",
    "data": [
      {
        "text": "Setting up a call sounds good.",
        "userDefined": false
      }
    ],
    "isTemplate": false,
    "count": 0,
    "updated": 1528975783
  },
  {
    "id": "c812fb2a-0c51-46c1-aae3-842830028271",
    "data": [
      {
        "text": "I have already scheduled a phone appointment on your calendar for -SCRIBETIME- Looking forward to talking to you!",
        "userDefined": false
      }
    ],
    "isTemplate": false,
    "count": 0,
    "updated": 1528975783
  },
  {
    "id": "b51d2e72-89e4-4dfa-abeb-c23c3096056f",
    "data": [
      {
        "text": "Megan - let us discuss -SCRIBETIME-",
        "userDefined": false
      }
    ],
    "isTemplate": false,
    "count": 0,
    "updated": 1528975783
  },
  {
    "id": "df016a2c-7e50-452f-ba57-518e9f00d14d",
    "data": [
      {
        "text": "calendar invite sent.",
        "userDefined": false
      }
    ],
    "isTemplate": false,
    "count": 0,
    "updated": 1528975783
  },
  {
    "id": "9fd1d0f5-7e4d-4b3b-90c2-f1095d373107",
    "data": [
      {
        "text": "I added a call to your calendar -SCRIBETIME- so we can discuss the terms for the acquisition.",
        "userDefined": false
      }
    ],
    "isTemplate": false,
    "count": 0,
    "updated": 1528975783
  },
  {
    "id": "c7123696-2186-4c4f-b7e4-7691bc0d4469",
    "data": [
      {
        "text": "I have scheduled a call on your calendar for -SCRIBETIME-.",
        "userDefined": false
      }
    ],
    "isTemplate": false,
    "count": 0,
    "updated": 1528975783
  },
  {
    "id": "781bb06e-1b9f-4d27-8ad2-9649db644020",
    "data": [
      {
        "text": "Look forward to hearing from you then.",
        "userDefined": false
      }
    ],
    "isTemplate": false,
    "count": 0,
    "updated": 1528975783
  },
  {
    "id": "abd0f09a-126a-46b8-b6c2-28307ba06f86",
    "data": [
      {
        "text": "Can we set up a phone call for -SCRIBETIME-?",
        "userDefined": false
      }
    ],
    "isTemplate": false,
    "count": 0,
    "updated": 1528975783
  },
  {
    "id": "d89fdf3a-8b8f-4389-9052-36c5f70e231d",
    "data": [
      {
        "text": "Set a date",
        "userDefined": false
      }
    ],
    "isTemplate": false,
    "count": 0,
    "updated": 1528975783
  },
  {
    "id": "d1b9c8a9-1234-4f58-8346-e8b38d58c447",
    "data": [
      {
        "text": "time on your schedule for our conference call.",
        "userDefined": false
      }
    ],
    "isTemplate": false,
    "count": 0,
    "updated": 1528975783
  },
  {
    "id": "c6de7598-6658-417f-8cde-4bcddcbb523d",
    "data": [
      {
        "text": "Look forword to it.",
        "userDefined": false
      }
    ],
    "isTemplate": false,
    "count": 0,
    "updated": 1528975783
  },
  {
    "id": "17627ff8-027e-4b8c-8ee7-fc9823edbadc",
    "data": [
      {
        "text": "scheduled a call for us at your -SCRIBETIME- time slot.",
        "userDefined": false
      }
    ],
    "isTemplate": false,
    "count": 0,
    "updated": 1528975783
  },
  {
    "id": "431436d3-9655-493d-8df7-73321bd765ee",
    "data": [
      {
        "text": "Looking forward to speaking with you!",
        "userDefined": false
      }
    ],
    "isTemplate": false,
    "count": 0,
    "updated": 1528975783
  },
  {
    "id": "54f9ff8d-5a9c-4060-91af-0ec7b27d5208",
    "data": [
      {
        "text": "I have scheduled to have a call with you -SCRIBETIME- which was on your calendar.",
        "userDefined": false
      }
    ],
    "isTemplate": false,
    "count": 0,
    "updated": 1528975783
  },
  {
    "id": "569484e6-dac8-482f-8080-606643fda328",
    "data": [
      {
        "text": "Email me -SCRIBETIME-.",
        "userDefined": false
      }
    ],
    "isTemplate": false,
    "count": 0,
    "updated": 1528975783
  },
  {
    "id": "3b8ec19d-2d2a-4ac5-8270-ecaa0c2b8c4c",
    "data": [
      {
        "text": "Please contact me later -SCRIBETIME-",
        "userDefined": false
      }
    ],
    "isTemplate": false,
    "count": 0,
    "updated": 1528975783
  },
  {
    "id": "8b5bbfc8-f6a4-4f59-86fa-7d77919125ba",
    "data": [
      {
        "text": "once i get a free time i will gave a call",
        "userDefined": false
      }
    ],
    "isTemplate": false,
    "count": 0,
    "updated": 1528975783
  },
  {
    "id": "ab9e14db-f14d-4523-a01e-ef3fe5f3bf11",
    "data": [
      {
        "text": "Could you remind me -SCRIBETIME-",
        "userDefined": false
      }
    ],
    "isTemplate": false,
    "count": 0,
    "updated": 1528975783
  },
  {
    "id": "c12965a0-2102-402b-947c-bc43f7757578",
    "data": [
      {
        "text": "so we could schedule a call?",
        "userDefined": false
      }
    ],
    "isTemplate": false,
    "count": 0,
    "updated": 1528975783
  },
  {
    "id": "518edace-4f65-42f2-9f03-eb57a565041e",
    "data": [
      {
        "text": "Contact my secretary to arrange an appointment.",
        "userDefined": false
      }
    ],
    "isTemplate": false,
    "count": 0,
    "updated": 1528975783
  },
  {
    "id": "a17c7390-520f-4d5e-be75-a3464f191c17",
    "data": [
      {
        "text": "I look forward to meeting you soon",
        "userDefined": false
      }
    ],
    "isTemplate": false,
    "count": 0,
    "updated": 1528975783
  },
  {
    "id": "424da3bc-cd87-4be0-96f1-fc3b3fb1b7b9",
    "data": [
      {
        "text": "I am sending an invitation for a call -SCRIBETIME- EST.",
        "userDefined": false
      }
    ],
    "isTemplate": false,
    "count": 0,
    "updated": 1528975783
  },
  {
    "id": "61988502-f7e4-4c3a-b2ea-4f0c0416f356",
    "data": [
      {
        "text": "I have scheduled your call for the date -SCRIBETIME-.",
        "userDefined": false
      }
    ],
    "isTemplate": false,
    "count": 0,
    "updated": 1528975783
  },
  {
    "id": "9d10fab9-42f2-4072-9491-0a0e62d4a5d8",
    "data": [
      {
        "text": "I look forward to speaking with you.",
        "userDefined": false
      }
    ],
    "isTemplate": false,
    "count": 0,
    "updated": 1528975783
  },
  {
    "id": "640ae521-b6e1-433b-8365-30c22921a904",
    "data": [
      {
        "text": "Hello Megan I will contact you -SCRIBETIME- as you have indicated from your email about the software.",
        "userDefined": false
      }
    ],
    "isTemplate": false,
    "count": 0,
    "updated": 1528975783
  },
  {
    "id": "e3c6416b-14b8-444e-a2b3-80f9e43944a1",
    "data": [
      {
        "text": "I just put the call between us on your",
        "userDefined": false
      }
    ],
    "isTemplate": false,
    "count": 0,
    "updated": 1528975783
  },
  {
    "id": "19784391-379e-48b0-9fd5-56019997bae0",
    "data": [
      {
        "text": "I would like to ask you to call me on May/15/18 so we can talk about the software.",
        "userDefined": false
      }
    ],
    "isTemplate": false,
    "count": 0,
    "updated": 1528975783
  },
  {
    "id": "3d60fdb9-40a9-45f1-a8f5-fd0e20fc2ede",
    "data": [
      {
        "text": "I have a call set up with you.",
        "userDefined": false
      }
    ],
    "isTemplate": false,
    "count": 0,
    "updated": 1528975783
  },
  {
    "id": "95873246-0155-42d5-90f7-897fa3ac1ef7",
    "data": [
      {
        "text": "It should b eon your calendar.",
        "userDefined": false
      }
    ],
    "isTemplate": false,
    "count": 0,
    "updated": 1528975783
  },
  {
    "id": "e93b3918-2e8a-46e6-b93a-10eca0f1f925",
    "data": [
      {
        "text": "Please let me know if that still works for you.",
        "userDefined": false
      }
    ],
    "isTemplate": false,
    "count": 0,
    "updated": 1528975783
  },
  {
    "id": "fc4e89bf-7feb-42de-92eb-31abe1705019",
    "data": [
      {
        "text": "I have cleared my schedule -SCRIBETIME- so",
        "userDefined": false
      }
    ],
    "isTemplate": false,
    "count": 0,
    "updated": 1528975783
  },
  {
    "id": "763d5666-9d2d-46ca-a164-84d97ce5f466",
    "data": [
      {
        "text": "it is marked on your calendar",
        "userDefined": false
      }
    ],
    "isTemplate": false,
    "count": 0,
    "updated": 1528975783
  },
  {
    "id": "f0d21fb6-46bc-41f0-8986-2d4645d2e203",
    "data": [
      {
        "text": "I scheduled a -SCRIBETIME- call -SCRIBETIME-.",
        "userDefined": false
      }
    ],
    "isTemplate": false,
    "count": 0,
    "updated": 1528975783
  },
  {
    "id": "37a228e2-9ba4-459d-8889-5d71031a4201",
    "data": [
      {
        "text": "I have put the call on your calendar for -SCRIBETIME- Look forward to catching up",
        "userDefined": false
      }
    ],
    "isTemplate": false,
    "count": 0,
    "updated": 1528975783
  },
  {
    "id": "1ce047a4-3970-4d24-ab92-c8ab3b7b9b00",
    "data": [
      {
        "text": "I scheduled a call for -SCRIBETIME-.",
        "userDefined": false
      }
    ],
    "isTemplate": false,
    "count": 0,
    "updated": 1528975783
  },
  {
    "id": "c56f115e-1827-4af9-a4ac-d1089377c482",
    "data": [
      {
        "text": "I scheduled the software phone call for -SCRIBETIME-",
        "userDefined": false
      }
    ],
    "isTemplate": false,
    "count": 0,
    "updated": 1528975783
  },
  {
    "id": "80b4776d-48df-480e-8bc5-5ff3275651b3",
    "data": [
      {
        "text": "We have set up a call using your calendar.",
        "userDefined": false
      }
    ],
    "isTemplate": false,
    "count": 0,
    "updated": 1528975783
  },
  {
    "id": "cb7065a9-7a42-4322-99e0-dd2b63d73190",
    "data": [
      {
        "text": "I had signed up on your calendar for -SCRIBETIME-",
        "userDefined": false
      }
    ],
    "isTemplate": false,
    "count": 0,
    "updated": 1528975783
  },
  {
    "id": "2bbdd568-19fa-4b52-b0a7-85b7d50370df",
    "data": [
      {
        "text": "I have put a reminder on your calendar.",
        "userDefined": false
      }
    ],
    "isTemplate": false,
    "count": 0,
    "updated": 1528975783
  },
  {
    "id": "ac246735-8bc1-4325-ad9b-8b421cccbd97",
    "data": [
      {
        "text": "-SCRIBETIME- will work for me.",
        "userDefined": false
      }
    ],
    "isTemplate": false,
    "count": 0,
    "updated": 1528975783
  },
  {
    "id": "1f2eaab2-1732-4ed1-8481-59481344d502",
    "data": [
      {
        "text": "chose a date",
        "userDefined": false
      }
    ],
    "isTemplate": false,
    "count": 0,
    "updated": 1528975783
  },
  {
    "id": "d4c48320-de3c-4735-9b10-b1ed360dae60",
    "data": [
      {
        "text": "chose a time -SCRIBETIME-.",
        "userDefined": false
      }
    ],
    "isTemplate": false,
    "count": 0,
    "updated": 1528975783
  },
  {
    "id": "56b13438-7ecc-49cc-849e-f0fa2be6c6e5",
    "data": [
      {
        "text": "I scheduled some time -SCRIBETIME- to chat",
        "userDefined": false
      }
    ],
    "isTemplate": false,
    "count": 0,
    "updated": 1528975783
  },
  {
    "id": "3ef545c8-7d44-448a-9ec8-17451f2f5324",
    "data": [
      {
        "text": "I have added a time to your calendar",
        "userDefined": false
      }
    ],
    "isTemplate": false,
    "count": 1,
    "updated": 1528975783
  },
  {
    "id": "cf8bc1de-b2e7-4d0d-b9a5-94aa25e6ee8c",
    "data": [
      {
        "text": "Just booked call.",
        "userDefined": false
      }
    ],
    "isTemplate": false,
    "count": 0,
    "updated": 1528975783
  }
]