[
  {
    "id": "84674950-4abf-4d06-a50f-16b2eacdce20",
    "data": [
      {
        "text": "which I cannot do because my mornings are very busy.",
        "userDefined": false
      }
    ],
    "isTemplate": false,
    "count": 0,
    "updated": 1528975783
  },
  {
    "id": "1bf96fb4-048a-4d61-be16-a0089525864f",
    "data": [
      {
        "text": "I am busy",
        "userDefined": false
      }
    ],
    "isTemplate": false,
    "count": 4,
    "updated": 1528975783
  },
  {
    "id": "c306dd77-723d-46a4-bba1-8b6ca93eebbf",
    "data": [
      {
        "text": "I am busy at the momment",
        "userDefined": false
      }
    ],
    "isTemplate": false,
    "count": 0,
    "updated": 1528975783
  },
  {
    "id": "b94c2b3f-1803-4f01-9357-8ffb35d23e3b",
    "data": [
      {
        "text": "I am currently busy",
        "userDefined": false
      }
    ],
    "isTemplate": false,
    "count": 7,
    "updated": 1528975783
  },
  {
    "id": "6cfb0603-033e-452e-9602-2ad413725688",
    "data": [
      {
        "text": "will contact you at a later time.",
        "userDefined": false
      }
    ],
    "isTemplate": false,
    "count": 0,
    "updated": 1528975783
  },
  {
    "id": "502d0f36-87ed-4dfe-a299-68146a30fa25",
    "data": [
      {
        "text": "I am busy at the moment",
        "userDefined": false
      }
    ],
    "isTemplate": false,
    "count": 10,
    "updated": 1528975783
  },
  {
    "id": "4ff69a92-78fe-4138-b5de-4a2ca4914981",
    "data": [
      {
        "text": "I will get back to you later.",
        "userDefined": false
      }
    ],
    "isTemplate": false,
    "count": 0,
    "updated": 1528975783
  },
  {
    "id": "7e2072e7-95ed-4663-b520-cb778c67381d",
    "data": [
      {
        "text": "i am currently tied up on a project",
        "userDefined": false
      }
    ],
    "isTemplate": false,
    "count": 2,
    "updated": 1528975783
  },
  {
    "id": "27fb71de-aac0-4ea7-84d7-cfae300acbfa",
    "data": [
      {
        "text": "i will reach out when i am available.",
        "userDefined": false
      }
    ],
    "isTemplate": false,
    "count": 0,
    "updated": 1528975783
  },
  {
    "id": "8b141a52-c03f-4997-964e-3f366941e83b",
    "data": [
      {
        "text": "I am running out of schedule -SCRIBETIME- a days.",
        "userDefined": false
      }
    ],
    "isTemplate": false,
    "count": 2,
    "updated": 1528975783
  },
  {
    "id": "ee864c95-6d05-4814-8f65-06b4d6bc32c5",
    "data": [
      {
        "text": "not available -SCRIBETIME- in office.",
        "userDefined": false
      }
    ],
    "isTemplate": false,
    "count": 0,
    "updated": 1528975783
  },
  {
    "id": "d2185b4c-5b96-43de-9886-bb0c0f349511",
    "data": [
      {
        "text": "we are dealing with some internal issues -SCRIBETIME-.",
        "userDefined": false
      }
    ],
    "isTemplate": false,
    "count": 0,
    "updated": 1528975783
  },
  {
    "id": "dbceef4e-7c6e-41ca-ac63-3b469fbcb40b",
    "data": [
      {
        "text": "I will be out of the office for 3 weeks.",
        "userDefined": false
      }
    ],
    "isTemplate": false,
    "count": 0,
    "updated": 1528975783
  },
  {
    "id": "c35ec18e-1465-4e2f-bcc2-302b13191f54",
    "data": [
      {
        "text": "after being out of the office",
        "userDefined": false
      }
    ],
    "isTemplate": false,
    "count": 0,
    "updated": 1528975783
  },
  {
    "id": "5a6db879-24b0-4071-88d2-c9852c1f12b5",
    "data": [
      {
        "text": "i am busy at the moment",
        "userDefined": false
      }
    ],
    "isTemplate": false,
    "count": 2,
    "updated": 1528975783
  },
  {
    "id": "c787421d-b5f6-4247-88ea-59963844668a",
    "data": [
      {
        "text": "We are quite busy at the moment.",
        "userDefined": false
      }
    ],
    "isTemplate": false,
    "count": 0,
    "updated": 1528975783
  },
  {
    "id": "d94efc26-ce43-4caa-907e-88341a07f741",
    "data": [
      {
        "text": "Megan I am busy",
        "userDefined": false
      }
    ],
    "isTemplate": false,
    "count": 0,
    "updated": 1528975783
  },
  {
    "id": "d08ac119-b809-44dd-95fe-305ff3c1ebdf",
    "data": [
      {
        "text": "I am a bit busy -SCRIBETIME-",
        "userDefined": false
      }
    ],
    "isTemplate": false,
    "count": 0,
    "updated": 1528975783
  },
  {
    "id": "8448a3c0-1754-4a2f-99fd-26a185558cd9",
    "data": [
      {
        "text": "we are currently quite busy.",
        "userDefined": false
      }
    ],
    "isTemplate": false,
    "count": 0,
    "updated": 1528975783
  },
  {
    "id": "da46e7d4-bd24-46e3-bb17-d8c3e1f465bd",
    "data": [
      {
        "text": "very busy these days.",
        "userDefined": false
      }
    ],
    "isTemplate": false,
    "count": 0,
    "updated": 1528975783
  },
  {
    "id": "0313b892-f3af-41be-857d-f29485d3f722",
    "data": [
      {
        "text": "I just returned for a few days away from the office",
        "userDefined": false
      }
    ],
    "isTemplate": false,
    "count": 0,
    "updated": 1528975783
  },
  {
    "id": "afde4511-af85-433d-9a84-703124a8e3b8",
    "data": [
      {
        "text": "I am very bust at the moment with work.",
        "userDefined": false
      }
    ],
    "isTemplate": false,
    "count": 0,
    "updated": 1528975783
  },
  {
    "id": "d9b57b42-3ff1-4b77-afa7-e6ad61d0cfcc",
    "data": [
      {
        "text": "Unfortunately I will not be available -SCRIBETIME-",
        "userDefined": false
      }
    ],
    "isTemplate": false,
    "count": 0,
    "updated": 1528975783
  },
  {
    "id": "7a581df1-c988-4e2e-8f27-d63b1c6c1eef",
    "data": [
      {
        "text": "because I am busy at the moment.",
        "userDefined": false
      }
    ],
    "isTemplate": false,
    "count": 0,
    "updated": 1528975783
  },
  {
    "id": "fb505fe4-7761-4899-9857-52d2ac41ce5b",
    "data": [
      {
        "text": "my schedule is packed",
        "userDefined": false
      }
    ],
    "isTemplate": false,
    "count": 0,
    "updated": 1528975783
  },
  {
    "id": "4f566107-db82-4bc6-9121-a0a83fd364df",
    "data": [
      {
        "text": "I am not available at present to meet with you.",
        "userDefined": false
      }
    ],
    "isTemplate": false,
    "count": 0,
    "updated": 1528975783
  },
  {
    "id": "05cc6a59-ff80-4e5f-a596-c2ed6ef6e60c",
    "data": [
      {
        "text": "I happen to be really at the moment",
        "userDefined": false
      }
    ],
    "isTemplate": false,
    "count": 0,
    "updated": 1528975783
  },
  {
    "id": "97004836-050d-4b17-9371-2a2febcbadfa",
    "data": [
      {
        "text": "i am a little busy -SCRIBETIME-",
        "userDefined": false
      }
    ],
    "isTemplate": false,
    "count": 0,
    "updated": 1528975783
  },
  {
    "id": "78977ef7-8257-48ed-82e5-44a9643bc254",
    "data": [
      {
        "text": "I am slightly busy at the moment",
        "userDefined": false
      }
    ],
    "isTemplate": false,
    "count": 0,
    "updated": 1528975783
  },
  {
    "id": "0bd8383b-b7ef-4dcb-984c-738b3d2652e4",
    "data": [
      {
        "text": "I am sorry to inform you that i am in tight scheduled.",
        "userDefined": false
      }
    ],
    "isTemplate": false,
    "count": 0,
    "updated": 1528975783
  },
  {
    "id": "f35d6738-3f96-4018-98cf-316dd6ca8f08",
    "data": [
      {
        "text": "So please do not disturb me for a couple of days.",
        "userDefined": false
      }
    ],
    "isTemplate": false,
    "count": 0,
    "updated": 1528975783
  },
  {
    "id": "ad755a5e-f550-4075-a0b9-dc85cbe5854e",
    "data": [
      {
        "text": "send me the mails any further -SCRIBETIME-.",
        "userDefined": false
      }
    ],
    "isTemplate": false,
    "count": 0,
    "updated": 1528975783
  },
  {
    "id": "0da87b3c-b8e6-42c3-85b0-be75e83d7976",
    "data": [
      {
        "text": "i am a bit overwhelmed with work at the moment.",
        "userDefined": false
      }
    ],
    "isTemplate": false,
    "count": 0,
    "updated": 1528975783
  },
  {
    "id": "63cf8894-9404-4390-afc5-0b9d8a1c7c66",
    "data": [
      {
        "text": "am busy at the moment",
        "userDefined": false
      }
    ],
    "isTemplate": false,
    "count": 0,
    "updated": 1528975783
  },
  {
    "id": "f8d20d31-b825-46c1-b61b-da89e1172489",
    "data": [
      {
        "text": "I am not available anytime soon",
        "userDefined": false
      }
    ],
    "isTemplate": false,
    "count": 0,
    "updated": 1528975783
  },
  {
    "id": "9b69b852-7441-48a1-b514-125905cf8ca1",
    "data": [
      {
        "text": "My schedule is extremely busy Megan.",
        "userDefined": false
      }
    ],
    "isTemplate": false,
    "count": 0,
    "updated": 1528975783
  },
  {
    "id": "46f36edc-a886-42ea-af8e-de4961b926e6",
    "data": [
      {
        "text": "I am currently tied up -SCRIBETIME-",
        "userDefined": false
      }
    ],
    "isTemplate": false,
    "count": 0,
    "updated": 1528975783
  },
  {
    "id": "ac0f01ad-6065-461d-bff0-5dcef151bfe2",
    "data": [
      {
        "text": "Hi Megan Apologies i am currently away from the office",
        "userDefined": false
      }
    ],
    "isTemplate": false,
    "count": 0,
    "updated": 1528975783
  },
  {
    "id": "2c3b6d96-78f7-45a5-beb7-ed1815a1dadf",
    "data": [
      {
        "text": "I am currently going through quite a busy patch at the moment",
        "userDefined": false
      }
    ],
    "isTemplate": false,
    "count": 0,
    "updated": 1528975783
  },
  {
    "id": "cb67a310-3608-4568-acf4-feec6487cac1",
    "data": [
      {
        "text": "Hello thanks for reaching out we are very busy over here",
        "userDefined": false
      }
    ],
    "isTemplate": false,
    "count": 0,
    "updated": 1528975783
  },
  {
    "id": "95ed5de7-8e9e-4c7a-8791-9b66ad5f9b0f",
    "data": [
      {
        "text": "We have got a lot on our plates -SCRIBETIME-",
        "userDefined": false
      }
    ],
    "isTemplate": false,
    "count": 0,
    "updated": 1528975783
  },
  {
    "id": "2a214942-0336-4264-83d7-7a42405847c4",
    "data": [
      {
        "text": "i am currently swamped with work -SCRIBETIME-.",
        "userDefined": false
      }
    ],
    "isTemplate": false,
    "count": 0,
    "updated": 1528975783
  },
  {
    "id": "045e15e0-cffc-4263-904a-765ca9822b6d",
    "data": [
      {
        "text": "I am really busy",
        "userDefined": false
      }
    ],
    "isTemplate": false,
    "count": 0,
    "updated": 1528975783
  },
  {
    "id": "c2c9882a-63b1-4498-8445-a6022950af18",
    "data": [
      {
        "text": "I am currently busy at the moment",
        "userDefined": false
      }
    ],
    "isTemplate": false,
    "count": 0,
    "updated": 1528975783
  },
  {
    "id": "008b2613-a2c5-4af6-8877-3dbd323cb70f",
    "data": [
      {
        "text": "I am currently really busy",
        "userDefined": false
      }
    ],
    "isTemplate": false,
    "count": 0,
    "updated": 1528975783
  },
  {
    "id": "3b47e3b7-9262-43f7-a08a-a91e8fe08e0b",
    "data": [
      {
        "text": "i am dealing with a lot -SCRIBETIME-.",
        "userDefined": false
      }
    ],
    "isTemplate": false,
    "count": 0,
    "updated": 1528975783
  },
  {
    "id": "912f647d-e8f2-412f-af02-af77acb7033c",
    "data": [
      {
        "text": "My schedule is very tight -SCRIBETIME-.",
        "userDefined": false
      }
    ],
    "isTemplate": false,
    "count": 0,
    "updated": 1528975783
  },
  {
    "id": "56bca3a4-ea09-46ca-8ca5-1b66d82b55ae",
    "data": [
      {
        "text": "I am currently on a business trip in Maui",
        "userDefined": false
      }
    ],
    "isTemplate": false,
    "count": 0,
    "updated": 1528975783
  },
  {
    "id": "66f07304-25ff-4727-820d-c53cfeada978",
    "data": [
      {
        "text": "I am busy -SCRIBETIME-",
        "userDefined": false
      }
    ],
    "isTemplate": false,
    "count": 2,
    "updated": 1528975783
  },
  {
    "id": "06f223d0-6277-49d8-bcd6-6685d33672e2",
    "data": [
      {
        "text": "i am busy working -SCRIBETIME-.",
        "userDefined": false
      }
    ],
    "isTemplate": false,
    "count": 0,
    "updated": 1528975783
  },
  {
    "id": "85102cd8-409d-412d-bd17-a07277adbcd2",
    "data": [
      {
        "text": "At the moment i am busy with other more pressing issues from my company.",
        "userDefined": false
      }
    ],
    "isTemplate": false,
    "count": 0,
    "updated": 1528975783
  },
  {
    "id": "508808a1-b3d9-4b7d-86fb-8f8f4d788103",
    "data": [
      {
        "text": "I am actually in the middle of several deadlines I must meet",
        "userDefined": false
      }
    ],
    "isTemplate": false,
    "count": 0,
    "updated": 1528975783
  },
  {
    "id": "398f3ca2-26cb-41a7-9c8e-5c9ef1da3856",
    "data": [
      {
        "text": "i am currently very busy with a project",
        "userDefined": false
      }
    ],
    "isTemplate": false,
    "count": 1,
    "updated": 1528975783
  },
  {
    "id": "83c041f7-0169-46cb-b3c3-7c03cfc1050b",
    "data": [
      {
        "text": "i am tied up -SCRIBETIME- Megan.",
        "userDefined": false
      }
    ],
    "isTemplate": false,
    "count": 0,
    "updated": 1528975783
  },
  {
    "id": "3483e1fc-f4ae-429a-98f2-072298e247a9",
    "data": [
      {
        "text": "I have got a lot on my plate -SCRIBETIME-.",
        "userDefined": false
      }
    ],
    "isTemplate": false,
    "count": 0,
    "updated": 1528975783
  },
  {
    "id": "7237e88b-6753-481f-af9c-870edd6a4371",
    "data": [
      {
        "text": "I am unavailable",
        "userDefined": false
      }
    ],
    "isTemplate": false,
    "count": 0,
    "updated": 1528975783
  },
  {
    "id": "3f710ce7-14e4-4582-af9f-24c17b93776b",
    "data": [
      {
        "text": "I do not have time to talk -SCRIBETIME-",
        "userDefined": false
      }
    ],
    "isTemplate": false,
    "count": 0,
    "updated": 1528975783
  },
  {
    "id": "740b4db9-0295-47ef-801f-19685b8c2bf6",
    "data": [
      {
        "text": "Am busy",
        "userDefined": false
      }
    ],
    "isTemplate": false,
    "count": 0,
    "updated": 1528975783
  },
  {
    "id": "a6b9694a-fc7d-4dc3-a4ba-2dad782e0a87",
    "data": [
      {
        "text": "Unfortunately I am currently pretty occupied with work",
        "userDefined": false
      }
    ],
    "isTemplate": false,
    "count": 1,
    "updated": 1528975783
  },
  {
    "id": "aed57a47-6b63-47a1-93c6-6ecc7153d84a",
    "data": [
      {
        "text": "-SCRIBETIME- is going to be a rather hectic day",
        "userDefined": false
      }
    ],
    "isTemplate": false,
    "count": 0,
    "updated": 1528975783
  },
  {
    "id": "4d05f8d6-f198-487c-b9d0-a3d8a637d05a",
    "data": [
      {
        "text": "will not have any time for the -SCRIBETIME-.",
        "userDefined": false
      }
    ],
    "isTemplate": false,
    "count": 0,
    "updated": 1528975783
  },
  {
    "id": "6d07fffa-8bb6-4388-b6fd-e90124c82696",
    "data": [
      {
        "text": "really swamped -SCRIBETIME-.",
        "userDefined": false
      }
    ],
    "isTemplate": false,
    "count": 0,
    "updated": 1528975783
  },
  {
    "id": "d6fa8813-1b5c-4287-b5ed-660b53e83cab",
    "data": [
      {
        "text": "My schedule is jam packed",
        "userDefined": false
      }
    ],
    "isTemplate": false,
    "count": 0,
    "updated": 1528975783
  },
  {
    "id": "2eb91669-9b65-459d-96ad-0dac1dfbf744",
    "data": [
      {
        "text": "they do not work with my current schedule.",
        "userDefined": false
      }
    ],
    "isTemplate": false,
    "count": 0,
    "updated": 1528975783
  },
  {
    "id": "0feaabf8-cdf0-4cf3-97f1-810d9b2bd61b",
    "data": [
      {
        "text": "I am on a very tight schedule",
        "userDefined": false
      }
    ],
    "isTemplate": false,
    "count": 0,
    "updated": 1528975783
  },
  {
    "id": "564ed08d-a44e-4270-9041-5ba04da60777",
    "data": [
      {
        "text": "I do not have the time -SCRIBETIME- to schedule time to talk",
        "userDefined": false
      }
    ],
    "isTemplate": false,
    "count": 0,
    "updated": 1528975783
  },
  {
    "id": "d0acd689-e8ab-42a5-9ea6-856e5425cce8",
    "data": [
      {
        "text": "I do not have time currently",
        "userDefined": false
      }
    ],
    "isTemplate": false,
    "count": 0,
    "updated": 1528975783
  },
  {
    "id": "e49a91d5-7cb3-4a67-8aef-d33eca7903c8",
    "data": [
      {
        "text": "i am currently working",
        "userDefined": false
      }
    ],
    "isTemplate": false,
    "count": 0,
    "updated": 1528975783
  },
  {
    "id": "128f5219-8395-4582-b848-dd263db52b09",
    "data": [
      {
        "text": "Now i am busy",
        "userDefined": false
      }
    ],
    "isTemplate": false,
    "count": 1,
    "updated": 1528975783
  },
  {
    "id": "2b2340d3-055b-4abd-9060-d60ff8b888b1",
    "data": [
      {
        "text": "I am busy -SCRIBETIME-.",
        "userDefined": false
      }
    ],
    "isTemplate": false,
    "count": 0,
    "updated": 1528975783
  },
  {
    "id": "808818cc-74b5-476b-ac80-071b287fd1c1",
    "data": [
      {
        "text": "My schedule -SCRIBETIME- is packed",
        "userDefined": false
      }
    ],
    "isTemplate": false,
    "count": 0,
    "updated": 1528975783
  },
  {
    "id": "b7ee4c3b-d375-4413-8171-c56cf8097002",
    "data": [
      {
        "text": "Hi Megan i am sorry i cannot set an appointment for you -SCRIBETIME-.",
        "userDefined": false
      }
    ],
    "isTemplate": false,
    "count": 0,
    "updated": 1528975783
  },
  {
    "id": "fd21bac7-c7e6-4eef-a9a5-c5ac86e38c7b",
    "data": [
      {
        "text": "I am not available at the moment.",
        "userDefined": false
      }
    ],
    "isTemplate": false,
    "count": 0,
    "updated": 1528975783
  },
  {
    "id": "3761b8d0-9d72-4b15-ad7c-9b20004c6ff7",
    "data": [
      {
        "text": "At this moment I am really busy",
        "userDefined": false
      }
    ],
    "isTemplate": false,
    "count": 0,
    "updated": 1528975783
  },
  {
    "id": "89cb65d5-753a-448b-a2a8-2f4acfb9a437",
    "data": [
      {
        "text": "Megan I am currently busy at the moment however",
        "userDefined": false
      }
    ],
    "isTemplate": false,
    "count": 0,
    "updated": 1528975783
  },
  {
    "id": "0e492796-0a27-4248-9dc5-6403709d22de",
    "data": [
      {
        "text": "I am extrmely busy at the moment",
        "userDefined": false
      }
    ],
    "isTemplate": false,
    "count": 0,
    "updated": 1528975783
  },
  {
    "id": "2b3adbc5-01be-4220-a0ad-ffb29a5d39d4",
    "data": [
      {
        "text": "I am rather busy -SCRIBETIME-",
        "userDefined": false
      }
    ],
    "isTemplate": false,
    "count": 0,
    "updated": 1528975783
  },
  {
    "id": "3f6bbfef-d136-4e77-89b8-124d997d631b",
    "data": [
      {
        "text": "I am busy at the moment.",
        "userDefined": false
      }
    ],
    "isTemplate": false,
    "count": 1,
    "updated": 1528975783
  },
  {
    "id": "342c66f3-bff6-451e-8a35-c5530eb5992e",
    "data": [
      {
        "text": "I am currently unavailable -SCRIBETIME-",
        "userDefined": false
      }
    ],
    "isTemplate": false,
    "count": 0,
    "updated": 1528975783
  },
  {
    "id": "19f31229-0e45-4d08-8f75-7c09ec190900",
    "data": [
      {
        "text": "Life here is beyond hectic",
        "userDefined": false
      }
    ],
    "isTemplate": false,
    "count": 0,
    "updated": 1528975783
  },
  {
    "id": "6afc450d-805b-49f4-bdac-c4e953d512fe",
    "data": [
      {
        "text": "My schedule has me a little tied up -SCRIBETIME-",
        "userDefined": false
      }
    ],
    "isTemplate": false,
    "count": 0,
    "updated": 1528975783
  },
  {
    "id": "d4c10741-eaa6-49a2-bb13-abb8b75032ae",
    "data": [
      {
        "text": "super busy -SCRIBETIME-.",
        "userDefined": false
      }
    ],
    "isTemplate": false,
    "count": 0,
    "updated": 1528975783
  },
  {
    "id": "85f73162-608e-4c9b-83cb-b2aaccaa2962",
    "data": [
      {
        "text": "-SCRIBETIME- is not a good day.",
        "userDefined": false
      }
    ],
    "isTemplate": false,
    "count": 0,
    "updated": 1528975783
  },
  {
    "id": "fa79a4ce-524f-4ae5-a290-61d9567aefc6",
    "data": [
      {
        "text": "i am currently busy.",
        "userDefined": false
      }
    ],
    "isTemplate": false,
    "count": 0,
    "updated": 1528975783
  },
  {
    "id": "a739224d-7b7d-4aa7-b346-c9042124b070",
    "data": [
      {
        "text": "Sorry i am busy currently",
        "userDefined": false
      }
    ],
    "isTemplate": false,
    "count": 0,
    "updated": 1528975783
  },
  {
    "id": "5fa14155-2bc2-4a85-b21d-b1e921f9661a",
    "data": [
      {
        "text": "I am very busy",
        "userDefined": false
      }
    ],
    "isTemplate": false,
    "count": 0,
    "updated": 1528975783
  },
  {
    "id": "e819b210-8e71-42ca-b43c-3d83ab09e8fb",
    "data": [
      {
        "text": "I am swamped for the -SCRIBETIME-",
        "userDefined": false
      }
    ],
    "isTemplate": false,
    "count": 0,
    "updated": 1528975783
  },
  {
    "id": "09f91d78-f511-4f5a-8303-08c0f015b1b3",
    "data": [
      {
        "text": "My agenda is full -SCRIBETIME- so",
        "userDefined": false
      }
    ],
    "isTemplate": false,
    "count": 0,
    "updated": 1528975783
  },
  {
    "id": "39c6eadb-382d-4430-b3a0-539775a09e71",
    "data": [
      {
        "text": "Not -SCRIBETIME-.",
        "userDefined": false
      }
    ],
    "isTemplate": false,
    "count": 0,
    "updated": 1528975783
  },
  {
    "id": "d0ff52d8-04d2-43a6-a2d5-725088a8f303",
    "data": [
      {
        "text": "I am out of the office -SCRIBETIME-.",
        "userDefined": false
      }
    ],
    "isTemplate": false,
    "count": 0,
    "updated": 1528975783
  },
  {
    "id": "63c199d3-1600-46af-b72f-a80f231e35c3",
    "data": [
      {
        "text": "I have a full schedule -SCRIBETIME-",
        "userDefined": false
      }
    ],
    "isTemplate": false,
    "count": 0,
    "updated": 1528975783
  },
  {
    "id": "df7694a6-0b86-497b-866c-9cd21195f1ca",
    "data": [
      {
        "text": "I do not have time for a conversation.",
        "userDefined": false
      }
    ],
    "isTemplate": false,
    "count": 0,
    "updated": 1528975783
  },
  {
    "id": "b377c981-f937-447e-a3a2-966fe0dfa41f",
    "data": [
      {
        "text": "i am not available for a call.",
        "userDefined": false
      }
    ],
    "isTemplate": false,
    "count": 0,
    "updated": 1528975783
  },
  {
    "id": "64ed6b81-677c-473f-8c8a-6da2fd6efc65",
    "data": [
      {
        "text": "I can not -SCRIBETIME-.",
        "userDefined": false
      }
    ],
    "isTemplate": false,
    "count": 0,
    "updated": 1528975783
  },
  {
    "id": "91ab2861-06aa-43c8-87cf-a22efd693e52",
    "data": [
      {
        "text": "Now i am busy Adam",
        "userDefined": false
      }
    ],
    "isTemplate": false,
    "count": 0,
    "updated": 1528975783
  },
  {
    "id": "e9e5905a-15f4-418b-bb1a-29cc4bde29db",
    "data": [
      {
        "text": "I am not able to schedule at the moment",
        "userDefined": false
      }
    ],
    "isTemplate": false,
    "count": 0,
    "updated": 1528975783
  },
  {
    "id": "3508085b-58c8-43cc-90c5-8b836d28cbea",
    "data": [
      {
        "text": "i am all set -SCRIBETIME-.",
        "userDefined": false
      }
    ],
    "isTemplate": false,
    "count": 0,
    "updated": 1528975783
  },
  {
    "id": "2f5365d1-8777-4eca-a2fa-64af8f982f3e",
    "data": [
      {
        "text": "as i was busy -SCRIBETIME-.",
        "userDefined": false
      }
    ],
    "isTemplate": false,
    "count": 0,
    "updated": 1528975783
  },
  {
    "id": "2ffc5b28-fc19-4f30-b0d6-c9c3a7742f1a",
    "data": [
      {
        "text": "i am a bit bus at the moment",
        "userDefined": false
      }
    ],
    "isTemplate": false,
    "count": 0,
    "updated": 1528975783
  },
  {
    "id": "cb7e797c-f841-486b-a1c6-1c0fb94c8ed7",
    "data": [
      {
        "text": "I am very pressed for time",
        "userDefined": false
      }
    ],
    "isTemplate": false,
    "count": 0,
    "updated": 1528975783
  },
  {
    "id": "ef3c2045-fb95-4ee6-995e-4681fac4c365",
    "data": [
      {
        "text": "-SCRIBETIME- we can not attend",
        "userDefined": false
      }
    ],
    "isTemplate": false,
    "count": 0,
    "updated": 1528975783
  },
  {
    "id": "a29b94ec-191d-440a-961e-a1856b1e7b68",
    "data": [
      {
        "text": "my -SCRIBETIME- is making me crazy",
        "userDefined": false
      }
    ],
    "isTemplate": false,
    "count": 0,
    "updated": 1528975783
  },
  {
    "id": "33acf144-68c6-4e03-972b-344e7d08433c",
    "data": [
      {
        "text": "I am currently busy all week",
        "userDefined": false
      }
    ],
    "isTemplate": false,
    "count": 0,
    "updated": 1528975783
  },
  {
    "id": "16f6bfa5-a225-49e5-9650-034af88a678f",
    "data": [
      {
        "text": "I am a bit busy at the moment",
        "userDefined": false
      }
    ],
    "isTemplate": false,
    "count": 0,
    "updated": 1528975783
  },
  {
    "id": "571b1c59-ab70-4667-850b-871ff465ae01",
    "data": [
      {
        "text": "i am tied up at the moment Megan.",
        "userDefined": false
      }
    ],
    "isTemplate": false,
    "count": 0,
    "updated": 1528975783
  },
  {
    "id": "d37148b6-c5b0-47a1-9e1a-b73b7a147efb",
    "data": [
      {
        "text": "would you mind contacting me again -SCRIBETIME-?",
        "userDefined": false
      }
    ],
    "isTemplate": false,
    "count": 0,
    "updated": 1528975783
  },
  {
    "id": "a1e25c9d-280a-4f37-ae06-8dc87750faee",
    "data": [
      {
        "text": "Can you please reach out -SCRIBETIME-.",
        "userDefined": false
      }
    ],
    "isTemplate": false,
    "count": 0,
    "updated": 1528975783
  },
  {
    "id": "a152e3d1-afed-46e0-8274-c958710d9cb5",
    "data": [
      {
        "text": "Please contact me later about this.",
        "userDefined": false
      }
    ],
    "isTemplate": false,
    "count": 0,
    "updated": 1528975783
  },
  {
    "id": "38239770-317b-40ff-ad2b-48c69c5a667b",
    "data": [
      {
        "text": "I want you to contact me later.",
        "userDefined": false
      }
    ],
    "isTemplate": false,
    "count": 0,
    "updated": 1528975783
  },
  {
    "id": "db554505-0551-4a64-9ff3-99106b79650f",
    "data": [
      {
        "text": "Thank you for the offer Megan I am a bit busy at the moment.",
        "userDefined": false
      }
    ],
    "isTemplate": false,
    "count": 0,
    "updated": 1528975783
  },
  {
    "id": "aca14f78-a378-4e89-9ecc-fba8b439cb74",
    "data": [
      {
        "text": "I am predisposed at the moment",
        "userDefined": false
      }
    ],
    "isTemplate": false,
    "count": 0,
    "updated": 1528975783
  },
  {
    "id": "20a6fc50-943d-4125-a52f-f7e2f05579da",
    "data": [
      {
        "text": "-SCRIBETIME- i am just buried with work",
        "userDefined": false
      }
    ],
    "isTemplate": false,
    "count": 0,
    "updated": 1528975783
  },
  {
    "id": "a327549d-8425-4074-be56-2aa33fe4f9e4",
    "data": [
      {
        "text": "-SCRIBETIME- not be the best time for me.",
        "userDefined": false
      }
    ],
    "isTemplate": false,
    "count": 0,
    "updated": 1528975783
  },
  {
    "id": "4fe84405-ac1b-42eb-b4e8-bd64688e0acc",
    "data": [
      {
        "text": "I am unsure -SCRIBETIME- if I am ready to commit to a time.",
        "userDefined": false
      }
    ],
    "isTemplate": false,
    "count": 0,
    "updated": 1528975783
  },
  {
    "id": "4c4686c5-9e76-42c5-ba9a-1a73674d52b2",
    "data": [
      {
        "text": "at this point.",
        "userDefined": false
      }
    ],
    "isTemplate": false,
    "count": 0,
    "updated": 1528975783
  },
  {
    "id": "c73d1bda-dec8-4cfb-8ced-2b0e444c0569",
    "data": [
      {
        "text": "-SCRIBETIME- a call may be a bit premature.",
        "userDefined": false
      }
    ],
    "isTemplate": false,
    "count": 0,
    "updated": 1528975783
  },
  {
    "id": "86386e4a-60df-4725-8d14-b1985929fe5c",
    "data": [
      {
        "text": "do not have the time to speak with you.",
        "userDefined": false
      }
    ],
    "isTemplate": false,
    "count": 0,
    "updated": 1528975783
  },
  {
    "id": "5dc4c244-dca8-4ed1-960c-d8229028e683",
    "data": [
      {
        "text": "I would like you to contact me later.",
        "userDefined": false
      }
    ],
    "isTemplate": false,
    "count": 0,
    "updated": 1528975783
  },
  {
    "id": "0faf9596-4caf-435d-aab3-73c3f9ffaa16",
    "data": [
      {
        "text": "-SCRIBETIME- during business hours",
        "userDefined": false
      }
    ],
    "isTemplate": false,
    "count": 0,
    "updated": 1528975783
  },
  {
    "id": "8c5b849f-6894-472f-bf6f-20df06b29e98",
    "data": [
      {
        "text": "mail to you later sorry -SCRIBETIME- i do not have any idea will meet soon Thanks",
        "userDefined": false
      }
    ],
    "isTemplate": false,
    "count": 0,
    "updated": 1528975783
  },
  {
    "id": "ef49efbe-4236-4f81-b2f0-540223b3b152",
    "data": [
      {
        "text": "At the moment",
        "userDefined": false
      }
    ],
    "isTemplate": false,
    "count": 0,
    "updated": 1528975783
  },
  {
    "id": "8bb969f8-4322-4539-af24-7971d3d8da01",
    "data": [
      {
        "text": "Hey Megan would you be able to contact me later -SCRIBETIME-.",
        "userDefined": false
      }
    ],
    "isTemplate": false,
    "count": 0,
    "updated": 1528975783
  },
  {
    "id": "7a0ab0cc-52d8-48b1-b8cb-48b73d409531",
    "data": [
      {
        "text": "me check my schedule",
        "userDefined": false
      }
    ],
    "isTemplate": false,
    "count": 0,
    "updated": 1528975783
  },
  {
    "id": "37456023-6075-4947-9e33-46a99887e0f0",
    "data": [
      {
        "text": "Can we discuss this at a later date?",
        "userDefined": false
      }
    ],
    "isTemplate": false,
    "count": 0,
    "updated": 1528975783
  },
  {
    "id": "07ac307f-face-48fe-a685-ca8b694543f0",
    "data": [
      {
        "text": "I am a bit tied up at present",
        "userDefined": false
      }
    ],
    "isTemplate": false,
    "count": 0,
    "updated": 1528975783
  },
  {
    "id": "f60a8126-a7e4-4287-aa12-61e2177e37af",
    "data": [
      {
        "text": "I currently have no spare time to get on a call",
        "userDefined": false
      }
    ],
    "isTemplate": false,
    "count": 0,
    "updated": 1528975783
  },
  {
    "id": "53c764d6-cafa-41bd-8524-a67310807002",
    "data": [
      {
        "text": "I am not available -SCRIBETIME-",
        "userDefined": false
      }
    ],
    "isTemplate": false,
    "count": 0,
    "updated": 1528975783
  },
  {
    "id": "70a5c462-a057-4bea-93ae-b082de04b7ae",
    "data": [
      {
        "text": "Thank you for getting back to me",
        "userDefined": false
      }
    ],
    "isTemplate": false,
    "count": 0,
    "updated": 1528975783
  },
  {
    "id": "8198ca43-af07-46c6-b66a-51d42b638dc9",
    "data": [
      {
        "text": "I will not be available for a few weeks.",
        "userDefined": false
      }
    ],
    "isTemplate": false,
    "count": 0,
    "updated": 1528975783
  },
  {
    "id": "18efc29d-47f7-43c5-99dc-0f12f47b2e7d",
    "data": [
      {
        "text": "I am actually quite busy at the moment",
        "userDefined": false
      }
    ],
    "isTemplate": false,
    "count": 0,
    "updated": 1528975783
  },
  {
    "id": "1590e905-3c21-4276-8e9f-7b895371e4f6",
    "data": [
      {
        "text": "Unfortunately I am busy at the moment",
        "userDefined": false
      }
    ],
    "isTemplate": false,
    "count": 0,
    "updated": 1528975783
  },
  {
    "id": "b89194a3-1e2d-4d01-a77c-2da5def0d535",
    "data": [
      {
        "text": "So i am actually a bit preoccupied with a few things at the moment.",
        "userDefined": false
      }
    ],
    "isTemplate": false,
    "count": 0,
    "updated": 1528975783
  },
  {
    "id": "96100aea-6a91-4271-9247-87f8589c059b",
    "data": [
      {
        "text": "I am rather busy at the moment.",
        "userDefined": false
      }
    ],
    "isTemplate": false,
    "count": 0,
    "updated": 1528975783
  },
  {
    "id": "abf8017e-3de6-48dd-a97b-6101ff48e08e",
    "data": [
      {
        "text": "am unable to address this at the moment.",
        "userDefined": false
      }
    ],
    "isTemplate": false,
    "count": 0,
    "updated": 1528975783
  },
  {
    "id": "f7d04c3a-9ee3-47be-ab2c-ce9b767571a2",
    "data": [
      {
        "text": "I am a little busy at the moment",
        "userDefined": false
      }
    ],
    "isTemplate": false,
    "count": 0,
    "updated": 1528975783
  },
  {
    "id": "d74af40e-c184-401c-a2b4-a7c54911f705",
    "data": [
      {
        "text": "I will not be available to talk for two weeks.",
        "userDefined": false
      }
    ],
    "isTemplate": false,
    "count": 0,
    "updated": 1528975783
  },
  {
    "id": "ac362ed8-debc-4458-aac9-bc4b6974c8bb",
    "data": [
      {
        "text": "I have no time at the moment.",
        "userDefined": false
      }
    ],
    "isTemplate": false,
    "count": 0,
    "updated": 1528975783
  },
  {
    "id": "9f43cedf-23b9-42d9-966f-0d47037ba75e",
    "data": [
      {
        "text": "unfortunately I am very busy",
        "userDefined": false
      }
    ],
    "isTemplate": false,
    "count": 0,
    "updated": 1528975783
  },
  {
    "id": "d95104d2-43d4-4839-94ec-f12b153f7b69",
    "data": [
      {
        "text": "none of your offered times will work with my schedule.",
        "userDefined": false
      }
    ],
    "isTemplate": false,
    "count": 0,
    "updated": 1528975783
  },
  {
    "id": "3bd16bcb-5556-45f5-b616-76974d603a66",
    "data": [
      {
        "text": "I am swamped at work at the moment (this is my busy season",
        "userDefined": false
      }
    ],
    "isTemplate": false,
    "count": 0,
    "updated": 1528975783
  },
  {
    "id": "e2c0f5b6-4844-4d81-a371-e6321e1d78c3",
    "data": [
      {
        "text": "We have a lot of big deadlines coming up here soon so I need some time to take care of those",
        "userDefined": false
      }
    ],
    "isTemplate": false,
    "count": 0,
    "updated": 1528975783
  },
  {
    "id": "9ec09fb2-7d80-4b0d-a194-363e3683f9bb",
    "data": [
      {
        "text": "i am tied up for the -SCRIBETIME-",
        "userDefined": false
      }
    ],
    "isTemplate": false,
    "count": 0,
    "updated": 1528975783
  },
  {
    "id": "ec390fad-5fb0-4fd4-9252-1bb359a00a18",
    "data": [
      {
        "text": "I am very busy.",
        "userDefined": false
      }
    ],
    "isTemplate": false,
    "count": 0,
    "updated": 1528975783
  },
  {
    "id": "c128fd32-f949-4163-b1fe-0071be629038",
    "data": [
      {
        "text": "My whfedule is packed for the -SCRIBETIME-",
        "userDefined": false
      }
    ],
    "isTemplate": false,
    "count": 0,
    "updated": 1528975783
  },
  {
    "id": "57d51770-e7ad-4d21-8060-969815f6620b",
    "data": [
      {
        "text": "I am unfortunately busy over the -SCRIBETIME-",
        "userDefined": false
      }
    ],
    "isTemplate": false,
    "count": 0,
    "updated": 1528975783
  },
  {
    "id": "890c6552-69c9-41b8-8e81-12713452b71f",
    "data": [
      {
        "text": "I am getting ready to leave for a business trip.",
        "userDefined": false
      }
    ],
    "isTemplate": false,
    "count": 0,
    "updated": 1528975783
  },
  {
    "id": "75a3a451-ae59-4f52-b84b-5911df3d1f4d",
    "data": [
      {
        "text": "At the moment my schedule is very tight.",
        "userDefined": false
      }
    ],
    "isTemplate": false,
    "count": 0,
    "updated": 1528975783
  },
  {
    "id": "3630a748-9880-493b-9222-b490167d0c9a",
    "data": [
      {
        "text": "unfortunately I am busy over the -SCRIBETIME-.",
        "userDefined": false
      }
    ],
    "isTemplate": false,
    "count": 0,
    "updated": 1528975783
  },
  {
    "id": "85de874c-9731-4439-a5ee-01f56ec4c7e3",
    "data": [
      {
        "text": "I am really busy with work.",
        "userDefined": false
      }
    ],
    "isTemplate": false,
    "count": 0,
    "updated": 1528975783
  },
  {
    "id": "2da7550f-5237-4bee-8734-342570414542",
    "data": [
      {
        "text": "I am too busy to buy your products -SCRIBETIME-.",
        "userDefined": false
      }
    ],
    "isTemplate": false,
    "count": 0,
    "updated": 1528975783
  },
  {
    "id": "1b871a48-cde2-4010-a6b8-548b15ef9757",
    "data": [
      {
        "text": "We are in -SCRIBETIME-",
        "userDefined": false
      }
    ],
    "isTemplate": false,
    "count": 0,
    "updated": 1528975783
  },
  {
    "id": "5f31b04e-e718-4cf9-9a70-ff1041d0fdf2",
    "data": [
      {
        "text": "extremely busy.",
        "userDefined": false
      }
    ],
    "isTemplate": false,
    "count": 0,
    "updated": 1528975783
  },
  {
    "id": "70d9705a-7107-4a49-8083-4d3c7d01a559",
    "data": [
      {
        "text": "I have been very busy recently that is why I count reach you -SCRIBETIME-.",
        "userDefined": false
      }
    ],
    "isTemplate": false,
    "count": 0,
    "updated": 1528975783
  },
  {
    "id": "05ef1b2c-7f37-4435-b0c0-b73d3c2fb8a1",
    "data": [
      {
        "text": "I would like to inform you that I am pre-occupied with other work which needs my immediate attention",
        "userDefined": false
      }
    ],
    "isTemplate": false,
    "count": 0,
    "updated": 1528975783
  },
  {
    "id": "309d3214-dcc5-4223-b09c-f298264d29d8",
    "data": [
      {
        "text": "not able to give time to you.",
        "userDefined": false
      }
    ],
    "isTemplate": false,
    "count": 0,
    "updated": 1528975783
  },
  {
    "id": "599c9781-f35d-4d45-b8d2-d994b4a50ab5",
    "data": [
      {
        "text": "i am currently tied up with some projects",
        "userDefined": false
      }
    ],
    "isTemplate": false,
    "count": 0,
    "updated": 1528975783
  },
  {
    "id": "6b6c5266-727a-46d2-8bb4-2ba875370ea2",
    "data": [
      {
        "text": "I have my project deadlines to meet -SCRIBETIME-",
        "userDefined": false
      }
    ],
    "isTemplate": false,
    "count": 0,
    "updated": 1528975783
  },
  {
    "id": "2a94f9fd-37b2-495b-8918-f3e2b569c46e",
    "data": [
      {
        "text": "I am not available during the times offered through the link.",
        "userDefined": false
      }
    ],
    "isTemplate": false,
    "count": 0,
    "updated": 1528975783
  },
  {
    "id": "083dab4e-61df-41ee-9e16-a21054d6ad9a",
    "data": [
      {
        "text": "I have a lot to do",
        "userDefined": false
      }
    ],
    "isTemplate": false,
    "count": 0,
    "updated": 1528975783
  },
  {
    "id": "244b6157-99c6-4afe-96c5-ecc9da92ab23",
    "data": [
      {
        "text": "busy -SCRIBETIME-.",
        "userDefined": false
      }
    ],
    "isTemplate": false,
    "count": 0,
    "updated": 1528975783
  },
  {
    "id": "af18973c-0a63-4400-9e3f-ca031698361a",
    "data": [
      {
        "text": "I am currently unable to schedule a call",
        "userDefined": false
      }
    ],
    "isTemplate": false,
    "count": 0,
    "updated": 1528975783
  },
  {
    "id": "eea98151-fcd4-4f0e-93fa-66e43bd9fa30",
    "data": [
      {
        "text": "I am unable to take have a discussion with your -SCRIBETIME-.",
        "userDefined": false
      }
    ],
    "isTemplate": false,
    "count": 0,
    "updated": 1528975783
  },
  {
    "id": "33437b86-266b-4651-afcc-0ff5e5a70ce9",
    "data": [
      {
        "text": "I would like to ask you to contact me later about having a short telephone call - unfortunately I am busy with some other tasks for the -SCRIBETIME-.",
        "userDefined": false
      }
    ],
    "isTemplate": false,
    "count": 0,
    "updated": 1528975783
  },
  {
    "id": "300e068b-9ef5-4095-a91e-3749b55463c2",
    "data": [
      {
        "text": "i am a bit tied up at the moment.",
        "userDefined": false
      }
    ],
    "isTemplate": false,
    "count": 0,
    "updated": 1528975783
  },
  {
    "id": "e5f90d07-3e91-4d91-925a-f42d7e9c2595",
    "data": [
      {
        "text": "I am in the middle of a big project -SCRIBETIME-.",
        "userDefined": false
      }
    ],
    "isTemplate": false,
    "count": 0,
    "updated": 1528975783
  },
  {
    "id": "74ef6fb2-c3cf-4fd0-8b78-396d3a55bebb",
    "data": [
      {
        "text": "I am unable to address this at the moment.",
        "userDefined": false
      }
    ],
    "isTemplate": false,
    "count": 1,
    "updated": 1528975783
  },
  {
    "id": "a213d311-426b-4800-9394-05cf6b5b1718",
    "data": [
      {
        "text": "I do not have the time -SCRIBETIME-",
        "userDefined": false
      }
    ],
    "isTemplate": false,
    "count": 0,
    "updated": 1528975783
  },
  {
    "id": "bf3a8128-6945-4ce1-bc99-78508f158198",
    "data": [
      {
        "text": "Hi Megan -SCRIBETIME- i am busy with my work can you call me later .",
        "userDefined": false
      }
    ],
    "isTemplate": false,
    "count": 0,
    "updated": 1528975783
  },
  {
    "id": "741fa181-6928-4a76-89b5-138133fef9c4",
    "data": [
      {
        "text": "This is not a good time for me.",
        "userDefined": false
      }
    ],
    "isTemplate": false,
    "count": 0,
    "updated": 1528975783
  },
  {
    "id": "50662df1-04f7-4cf7-9f30-bf7ab5ee56a2",
    "data": [
      {
        "text": "if you would contact me later about our discussion",
        "userDefined": false
      }
    ],
    "isTemplate": false,
    "count": 0,
    "updated": 1528975783
  },
  {
    "id": "ce882d9c-6c80-4cb6-8e55-bc5118c4abf1",
    "data": [
      {
        "text": "Please feel free to contact me at a later time",
        "userDefined": false
      }
    ],
    "isTemplate": false,
    "count": 0,
    "updated": 1528975783
  },
  {
    "id": "f5bc138a-54d2-46e8-99f4-b0ee6686c8af",
    "data": [
      {
        "text": "Would it be possible to touch base again on this -SCRIBETIME-?",
        "userDefined": false
      }
    ],
    "isTemplate": false,
    "count": 0,
    "updated": 1528975783
  },
  {
    "id": "57920825-f476-41b1-9d0b-70cf75aec79c",
    "data": [
      {
        "text": "Would it be possible for you to call me back -SCRIBETIME-",
        "userDefined": false
      }
    ],
    "isTemplate": false,
    "count": 0,
    "updated": 1528975783
  },
  {
    "id": "109b5d41-4983-4e35-b5f9-e581d6b4feec",
    "data": [
      {
        "text": "Hi Megan Not a clear time -SCRIBETIME-",
        "userDefined": false
      }
    ],
    "isTemplate": false,
    "count": 0,
    "updated": 1528975783
  },
  {
    "id": "e4bd634e-9def-4112-beff-f72e110e15b0",
    "data": [
      {
        "text": "can you contact me later?",
        "userDefined": false
      }
    ],
    "isTemplate": false,
    "count": 1,
    "updated": 1528975783
  },
  {
    "id": "8853fe59-1af7-4f5c-901f-60ec06ec95cb",
    "data": [
      {
        "text": "Would it be possible for us to delay for a month",
        "userDefined": false
      }
    ],
    "isTemplate": false,
    "count": 0,
    "updated": 1528975783
  },
  {
    "id": "fcb79cdb-d551-4b06-9fb3-00c6dffa4283",
    "data": [
      {
        "text": "then schedule the time?",
        "userDefined": false
      }
    ],
    "isTemplate": false,
    "count": 0,
    "updated": 1528975783
  },
  {
    "id": "96a583b5-2014-40ee-9c6d-8a9aa649fcb2",
    "data": [
      {
        "text": "can you contact me later -SCRIBETIME-?",
        "userDefined": false
      }
    ],
    "isTemplate": false,
    "count": 0,
    "updated": 1528975783
  },
  {
    "id": "5f90b6f7-afeb-419e-9972-7b465fe467a2",
    "data": [
      {
        "text": "I cannot comit to a time for -SCRIBETIME-.",
        "userDefined": false
      }
    ],
    "isTemplate": false,
    "count": 0,
    "updated": 1528975783
  },
  {
    "id": "cd0f8d86-f57b-478d-911c-cd58390d4389",
    "data": [
      {
        "text": "Can you contact me again -SCRIBETIME-?",
        "userDefined": false
      }
    ],
    "isTemplate": false,
    "count": 0,
    "updated": 1528975783
  },
  {
    "id": "ca9e226c-faa9-41cb-839b-f27eec0c053d",
    "data": [
      {
        "text": "i am currently occupued with work",
        "userDefined": false
      }
    ],
    "isTemplate": false,
    "count": 0,
    "updated": 1528975783
  },
  {
    "id": "bd8a3fa1-b511-4024-9fca-0769cff0ab2d",
    "data": [
      {
        "text": "will you check back in with me at a later time?",
        "userDefined": false
      }
    ],
    "isTemplate": false,
    "count": 0,
    "updated": 1528975783
  },
  {
    "id": "e3abfcc2-4b84-4c38-83a5-9b4609cb786e",
    "data": [
      {
        "text": "This is not a good time for me to talk.",
        "userDefined": false
      }
    ],
    "isTemplate": false,
    "count": 0,
    "updated": 1528975783
  },
  {
    "id": "9ad0304e-9dc6-4f0c-85a2-d61ce2e482d3",
    "data": [
      {
        "text": "could you please follow up with me again -SCRIBETIME-",
        "userDefined": false
      }
    ],
    "isTemplate": false,
    "count": 0,
    "updated": 1528975783
  },
  {
    "id": "5ebaa4d4-df18-4ead-85fd-8f264c14396e",
    "data": [
      {
        "text": "-SCRIBETIME- is not the best time for this",
        "userDefined": false
      }
    ],
    "isTemplate": false,
    "count": 0,
    "updated": 1528975783
  },
  {
    "id": "4c63513e-180e-4954-a420-8d4f94071e92",
    "data": [
      {
        "text": "Call me later Adam",
        "userDefined": false
      }
    ],
    "isTemplate": false,
    "count": 0,
    "updated": 1528975783
  },
  {
    "id": "d8f2fca2-d589-4985-9430-88f5ddc8537f",
    "data": [
      {
        "text": "Is there any chance we can get it contact later.",
        "userDefined": false
      }
    ],
    "isTemplate": false,
    "count": 0,
    "updated": 1528975783
  },
  {
    "id": "e4e7e226-6bd5-40dd-a721-6deaa66b7780",
    "data": [
      {
        "text": "If you do not mind contacting me later -SCRIBETIME- .",
        "userDefined": false
      }
    ],
    "isTemplate": false,
    "count": 0,
    "updated": 1528975783
  },
  {
    "id": "486c19aa-feb2-477e-8a38-5649109c8d5d",
    "data": [
      {
        "text": "I am going to be out of town for a while.",
        "userDefined": false
      }
    ],
    "isTemplate": false,
    "count": 0,
    "updated": 1528975783
  },
  {
    "id": "526aaba2-8dfb-4657-b139-8ffe96309d35",
    "data": [
      {
        "text": "Hi Megan. , This is a busy time for us.",
        "userDefined": false
      }
    ],
    "isTemplate": false,
    "count": 0,
    "updated": 1528975783
  },
  {
    "id": "d85bcf3a-70bc-4d87-8719-6da5c9887b89",
    "data": [
      {
        "text": "-SCRIBETIME- is just not a good time.",
        "userDefined": false
      }
    ],
    "isTemplate": false,
    "count": 0,
    "updated": 1528975783
  },
  {
    "id": "0f147815-33a2-435a-8b72-3bd8e1dd606b",
    "data": [
      {
        "text": "Are you able to contact me later?",
        "userDefined": false
      }
    ],
    "isTemplate": false,
    "count": 0,
    "updated": 1528975783
  },
  {
    "id": "b52588fc-e803-49bc-9409-6ea2db02559a",
    "data": [
      {
        "text": "Could you call me later -SCRIBETIME-?",
        "userDefined": false
      }
    ],
    "isTemplate": false,
    "count": 0,
    "updated": 1528975783
  },
  {
    "id": "6b9c494c-34b6-4e1a-bb5e-d43fe1ec4217",
    "data": [
      {
        "text": "I refer your mail regarding my appointment with you about your offer I shall get in touch with you sometime later with prior information.",
        "userDefined": false
      }
    ],
    "isTemplate": false,
    "count": 0,
    "updated": 1528975783
  },
  {
    "id": "a2a2e740-52ab-4777-92cf-68debc3fc62a",
    "data": [
      {
        "text": "could you contact me again at a later time?",
        "userDefined": false
      }
    ],
    "isTemplate": false,
    "count": 0,
    "updated": 1528975783
  },
  {
    "id": "b80a5c32-5912-4bfe-9bf2-c3a34c38ac7a",
    "data": [
      {
        "text": "am busy at the moment.",
        "userDefined": false
      }
    ],
    "isTemplate": false,
    "count": 0,
    "updated": 1528975783
  },
  {
    "id": "4692a518-81c6-42ed-9b69-e43dd7399ba1",
    "data": [
      {
        "text": "talk to you later.",
        "userDefined": false
      }
    ],
    "isTemplate": false,
    "count": 0,
    "updated": 1528975783
  },
  {
    "id": "e7114def-8f5a-4aea-90e8-63c61b46d33e",
    "data": [
      {
        "text": "Contact me later.",
        "userDefined": false
      }
    ],
    "isTemplate": false,
    "count": 0,
    "updated": 1528975783
  },
  {
    "id": "6ac48e32-a4d7-4344-bb7a-252685b2c562",
    "data": [
      {
        "text": "would you be able to contact me later?",
        "userDefined": false
      }
    ],
    "isTemplate": false,
    "count": 0,
    "updated": 1528975783
  },
  {
    "id": "72352296-0c30-417d-bf5a-a43706355b2c",
    "data": [
      {
        "text": "the times your have provided are not suitable to me.",
        "userDefined": false
      }
    ],
    "isTemplate": false,
    "count": 0,
    "updated": 1528975783
  },
  {
    "id": "7b040c8e-c11c-4815-acf1-fea4c7687af4",
    "data": [
      {
        "text": "I would like to discuss this matter further.",
        "userDefined": false
      }
    ],
    "isTemplate": false,
    "count": 0,
    "updated": 1528975783
  },
  {
    "id": "be4eec9f-056c-46a7-9a9c-dc3aa7732070",
    "data": [
      {
        "text": "Could I get back to you later?",
        "userDefined": false
      }
    ],
    "isTemplate": false,
    "count": 0,
    "updated": 1528975783
  },
  {
    "id": "e5e5f1f2-8154-4e2d-b5c1-bdf4bbee3ef9",
    "data": [
      {
        "text": "would like to discuss this with you later.",
        "userDefined": false
      }
    ],
    "isTemplate": false,
    "count": 0,
    "updated": 1528975783
  },
  {
    "id": "47304a9c-03ce-40fd-88ad-f076a5003e30",
    "data": [
      {
        "text": "Would it be possible to reach out to me sometime -SCRIBETIME-.",
        "userDefined": false
      }
    ],
    "isTemplate": false,
    "count": 0,
    "updated": 1528975783
  },
  {
    "id": "296ed911-ddda-4392-b0af-5ba8c1732190",
    "data": [
      {
        "text": "is there a better time",
        "userDefined": false
      }
    ],
    "isTemplate": false,
    "count": 0,
    "updated": 1528975783
  },
  {
    "id": "51ff27a9-8171-4fdf-8a91-1f4db4e70d86",
    "data": [
      {
        "text": "I am at work -SCRIBETIME-.",
        "userDefined": false
      }
    ],
    "isTemplate": false,
    "count": 0,
    "updated": 1528975783
  },
  {
    "id": "7484a920-fdf8-48b6-92c2-d4259f6899ec",
    "data": [
      {
        "text": "we are not ready to discuss at the moment.",
        "userDefined": false
      }
    ],
    "isTemplate": false,
    "count": 0,
    "updated": 1528975783
  },
  {
    "id": "0c4a8439-030d-404d-bd04-61f8a08349cf",
    "data": [
      {
        "text": "I am unfortunately tied up at the moment Megan.",
        "userDefined": false
      }
    ],
    "isTemplate": false,
    "count": 0,
    "updated": 1528975783
  },
  {
    "id": "294d879d-3789-487a-87eb-687b6d5f6613",
    "data": [
      {
        "text": "I actually have not spent much time checking on it as I am busy with other concerns at the moment.",
        "userDefined": false
      }
    ],
    "isTemplate": false,
    "count": 1,
    "updated": 1528975783
  },
  {
    "id": "d40cf000-874e-4dc2-9634-9fcef0334ca2",
    "data": [
      {
        "text": "unable to speak with you at the moment.",
        "userDefined": false
      }
    ],
    "isTemplate": false,
    "count": 0,
    "updated": 1528975783
  },
  {
    "id": "ccb76527-1ccc-4199-9e4c-490991604b2d",
    "data": [
      {
        "text": "however i am in middle of something -SCRIBETIME-",
        "userDefined": false
      }
    ],
    "isTemplate": false,
    "count": 0,
    "updated": 1528975783
  },
  {
    "id": "1d0fa755-58d8-44e5-9d47-af6ab33f4eb8",
    "data": [
      {
        "text": "I have been out of the office on business for the -SCRIBETIME-",
        "userDefined": false
      }
    ],
    "isTemplate": false,
    "count": 0,
    "updated": 1528975783
  },
  {
    "id": "4df40cb4-4cb7-448b-b8e9-270cda56e427",
    "data": [
      {
        "text": "I am in the middle of moving -SCRIBETIME-.",
        "userDefined": false
      }
    ],
    "isTemplate": false,
    "count": 0,
    "updated": 1528975783
  },
  {
    "id": "9731e89b-eab7-44fa-8eba-fbb998610c2f",
    "data": [
      {
        "text": "i am vey slammed with travel",
        "userDefined": false
      }
    ],
    "isTemplate": false,
    "count": 1,
    "updated": 1528975783
  },
  {
    "id": "22dec9c5-fd42-4a8d-a33c-2b8064546343",
    "data": [
      {
        "text": "the timing is not really good -SCRIBETIME-.",
        "userDefined": false
      }
    ],
    "isTemplate": false,
    "count": 0,
    "updated": 1528975783
  },
  {
    "id": "c0f9643e-0842-4825-b943-002b3438f811",
    "data": [
      {
        "text": "I am overwhelmed with pressing tasks",
        "userDefined": false
      }
    ],
    "isTemplate": false,
    "count": 1,
    "updated": 1528975783
  },
  {
    "id": "509cf881-935d-4073-834d-0bcf86edc29a",
    "data": [
      {
        "text": "would not get much time -SCRIBETIME-.",
        "userDefined": false
      }
    ],
    "isTemplate": false,
    "count": 1,
    "updated": 1528975783
  },
  {
    "id": "68a4dabf-60cf-44a0-bd42-307b46e16fb5",
    "data": [
      {
        "text": "I do not have time for a call in the near future as we are incredibly busy.",
        "userDefined": false
      }
    ],
    "isTemplate": false,
    "count": 1,
    "updated": 1528975783
  },
  {
    "id": "ff9d6daa-4984-4eb3-b20c-63734a4ed51f",
    "data": [
      {
        "text": "that will not work for me.",
        "userDefined": false
      }
    ],
    "isTemplate": false,
    "count": 0,
    "updated": 1528975783
  },
  {
    "id": "4849b349-5f9c-4300-b1cb-6b81ce172c31",
    "data": [
      {
        "text": "do not have the bandwidth to evaluate -SCRIBETIME-.",
        "userDefined": false
      }
    ],
    "isTemplate": false,
    "count": 1,
    "updated": 1528975783
  },
  {
    "id": "eab6a0ab-1c71-4f71-afe3-3f723c92028a",
    "data": [
      {
        "text": "because I still do not have time!",
        "userDefined": false
      }
    ],
    "isTemplate": false,
    "count": 1,
    "updated": 1528975783
  },
  {
    "id": "42e3376d-8b14-43d7-9d58-b47cc74b4d4a",
    "data": [
      {
        "text": "I am currently travelling",
        "userDefined": false
      }
    ],
    "isTemplate": false,
    "count": 0,
    "updated": 1528975783
  },
  {
    "id": "2aa2b248-ace8-44cf-962f-4486ebf54578",
    "data": [
      {
        "text": "Vinay Bikramjit is currently travelling",
        "userDefined": false
      }
    ],
    "isTemplate": false,
    "count": 0,
    "updated": 1528975783
  },
  {
    "id": "31a0e46f-4ef8-4a98-9066-8ef007fbdc33",
    "data": [
      {
        "text": "I already have something on the -SCRIBETIME-.",
        "userDefined": false
      }
    ],
    "isTemplate": false,
    "count": 0,
    "updated": 1528975783
  },
  {
    "id": "1331f8c3-f23e-43db-a957-1dd02b940562",
    "data": [
      {
        "text": "I am unavailable -SCRIBETIME- due to travel plans.",
        "userDefined": false
      }
    ],
    "isTemplate": false,
    "count": 0,
    "updated": 1528975783
  },
  {
    "id": "e8f4eddf-e967-45c1-8acb-175205ff8ec0",
    "data": [
      {
        "text": "Now I cannot speak Adam",
        "userDefined": false
      }
    ],
    "isTemplate": false,
    "count": 0,
    "updated": 1528975783
  },
  {
    "id": "dbad3bb6-24a7-481e-8a3b-e044c04094a4",
    "data": [
      {
        "text": "I have already scheduled something -SCRIBETIME- which is expected to run long.",
        "userDefined": false
      }
    ],
    "isTemplate": false,
    "count": 0,
    "updated": 1528975783
  },
  {
    "id": "ff1dc4d1-7039-46be-9ec2-976b9d1becf2",
    "data": [
      {
        "text": "-SCRIBETIME- I am really busy",
        "userDefined": false
      }
    ],
    "isTemplate": false,
    "count": 0,
    "updated": 1528975783
  },
  {
    "id": "d95373f7-12d8-4c83-9cb6-d733835b48fd",
    "data": [
      {
        "text": "the timing is not good for us -SCRIBETIME-",
        "userDefined": false
      }
    ],
    "isTemplate": false,
    "count": 0,
    "updated": 1528975783
  },
  {
    "id": "69e6ad33-d8f0-422e-bf8d-f0af4c3af4eb",
    "data": [
      {
        "text": "Good day -SCRIBETIME- am very busy",
        "userDefined": false
      }
    ],
    "isTemplate": false,
    "count": 0,
    "updated": 1528975783
  },
  {
    "id": "64047d75-90eb-4750-9e77-6d1bfd55d95b",
    "data": [
      {
        "text": "do not think it is possible for us to meet.",
        "userDefined": false
      }
    ],
    "isTemplate": false,
    "count": 0,
    "updated": 1528975783
  },
  {
    "id": "e860e5f4-4b02-4c6c-95d1-2d815bd3efa4",
    "data": [
      {
        "text": "sorry i am ,not available to talk to you -SCRIBETIME-",
        "userDefined": false
      }
    ],
    "isTemplate": false,
    "count": 0,
    "updated": 1528975783
  },
  {
    "id": "c154b3a2-3ded-4012-a5ec-1b13547516e2",
    "data": [
      {
        "text": "do not have time to investigate.",
        "userDefined": false
      }
    ],
    "isTemplate": false,
    "count": 0,
    "updated": 1528975783
  },
  {
    "id": "57f24079-e4b3-473c-8790-4588ae3c39a4",
    "data": [
      {
        "text": "Timing is not quite right at the moment",
        "userDefined": false
      }
    ],
    "isTemplate": false,
    "count": 0,
    "updated": 1528975783
  },
  {
    "id": "a8975464-afd9-4243-b4b9-d356a172fffe",
    "data": [
      {
        "text": "Ive been slammed",
        "userDefined": false
      }
    ],
    "isTemplate": false,
    "count": 0,
    "updated": 1528975783
  },
  {
    "id": "e6e74aa4-999b-4265-9e41-a277b0a68147",
    "data": [
      {
        "text": "as i am busy the whole week",
        "userDefined": false
      }
    ],
    "isTemplate": false,
    "count": 0,
    "updated": 1528975783
  },
  {
    "id": "c31bbffe-2dd7-4a90-bc7e-637a187931cf",
    "data": [
      {
        "text": "-SCRIBETIME- is pretty booked.",
        "userDefined": false
      }
    ],
    "isTemplate": false,
    "count": 0,
    "updated": 1528975783
  },
  {
    "id": "d4ae5f77-a551-491b-8cc9-3e4abce43fbc",
    "data": [
      {
        "text": "I really do not have time for a call around statsbot.",
        "userDefined": false
      }
    ],
    "isTemplate": false,
    "count": 0,
    "updated": 1528975783
  },
  {
    "id": "5d87597a-35b4-4d4d-a32a-9fd17ea56768",
    "data": [
      {
        "text": "is going away for two weeks",
        "userDefined": false
      }
    ],
    "isTemplate": false,
    "count": 0,
    "updated": 1528975783
  },
  {
    "id": "2b3e0f3d-2361-4a21-8644-3f718a0cd84b",
    "data": [
      {
        "text": "I would not be able to meet for the -SCRIBETIME-",
        "userDefined": false
      }
    ],
    "isTemplate": false,
    "count": 0,
    "updated": 1528975783
  }
]