[
  {
    "id": "f5b51fd9-20c7-452e-96e4-aa55598ce168",
    "data": [
      {
        "text": "We are currently using Zoho expenses",
        "userDefined": false
      }
    ],
    "isTemplate": false,
    "count": 0,
    "updated": 1528975783
  },
  {
    "id": "de9eb79e-76db-4f57-8dfb-ddbad44b1f4c",
    "data": [
      {
        "text": "We are using a combination of Happay",
        "userDefined": false
      }
    ],
    "isTemplate": false,
    "count": 0,
    "updated": 1528975783
  },
  {
    "id": "9e750307-ec90-4a2a-8e96-7f0b3fd0db17",
    "data": [
      {
        "text": "We are currently using SAP for most of our internal needs.",
        "userDefined": false
      }
    ],
    "isTemplate": false,
    "count": 0,
    "updated": 1528975783
  },
  {
    "id": "97a3c6b0-3666-43e0-8113-a2271b2a22ad",
    "data": [
      {
        "text": "We have already shortlisted a platform suiting our needs at the moment.",
        "userDefined": false
      }
    ],
    "isTemplate": false,
    "count": 0,
    "updated": 1528975783
  },
  {
    "id": "e562d187-bdc1-4a57-b988-d16ed94302a5",
    "data": [
      {
        "text": "Unfortunately we already have a contract with Security Net Informatics.",
        "userDefined": false
      }
    ],
    "isTemplate": false,
    "count": 0,
    "updated": 1528975783
  },
  {
    "id": "3049e2c1-c987-4bd8-be81-dd461e433000",
    "data": [
      {
        "text": "we are already developing with Cashfree",
        "userDefined": false
      }
    ],
    "isTemplate": false,
    "count": 0,
    "updated": 1528975783
  },
  {
    "id": "516fe33d-3d40-4130-8051-be33d075337e",
    "data": [
      {
        "text": "Razorpay.",
        "userDefined": false
      }
    ],
    "isTemplate": false,
    "count": 0,
    "updated": 1528975783
  },
  {
    "id": "b796369a-eb79-4a0c-a0da-96e5387b41fc",
    "data": [
      {
        "text": "we have centralized systems from our US HQ for these;",
        "userDefined": false
      }
    ],
    "isTemplate": false,
    "count": 0,
    "updated": 1528975783
  },
  {
    "id": "12bd1686-6350-4d44-ad83-9bdcb59973b2",
    "data": [
      {
        "text": "WE use SAP currently",
        "userDefined": false
      }
    ],
    "isTemplate": false,
    "count": 0,
    "updated": 1528975783
  },
  {
    "id": "a0fafc18-4e08-4cb4-888a-001b5e85e684",
    "data": [
      {
        "text": "I have chosen a different software product for my needs;",
        "userDefined": false
      }
    ],
    "isTemplate": false,
    "count": 0,
    "updated": 1528975783
  },
  {
    "id": "236e0b82-b8af-4714-bac3-09d1659a45d9",
    "data": [
      {
        "text": "we are going with another company.",
        "userDefined": false
      }
    ],
    "isTemplate": false,
    "count": 0,
    "updated": 1528975783
  },
  {
    "id": "797fd59d-e600-4149-9341-3c30ab0dc09d",
    "data": [
      {
        "text": "at this moment I have awarded the contract to HardSoftware.",
        "userDefined": false
      }
    ],
    "isTemplate": false,
    "count": 0,
    "updated": 1528975783
  },
  {
    "id": "e41a762f-0830-40a1-a64c-2f5cfaad619c",
    "data": [
      {
        "text": "have settled for other offer.",
        "userDefined": false
      }
    ],
    "isTemplate": false,
    "count": 0,
    "updated": 1528975783
  },
  {
    "id": "265f8262-a701-48fe-a226-e2c1f93a33d6",
    "data": [
      {
        "text": "Currently we are using Spiron security suite.",
        "userDefined": false
      }
    ],
    "isTemplate": false,
    "count": 0,
    "updated": 1528975783
  },
  {
    "id": "4a937201-fed8-4f3f-9d91-acd0f856722a",
    "data": [
      {
        "text": "have decided a different company would suit our needs better -SCRIBETIME-.",
        "userDefined": false
      }
    ],
    "isTemplate": false,
    "count": 0,
    "updated": 1528975783
  },
  {
    "id": "b6657b38-198e-4e66-beed-96e0b60e788f",
    "data": [
      {
        "text": "I am currently using Nortan cyber security suite.",
        "userDefined": false
      }
    ],
    "isTemplate": false,
    "count": 0,
    "updated": 1528975783
  },
  {
    "id": "61b32127-45b7-46b7-99e0-1c0cb599f2e7",
    "data": [
      {
        "text": "I have found an alternative program that betters suites our needs.",
        "userDefined": false
      }
    ],
    "isTemplate": false,
    "count": 0,
    "updated": 1528975783
  },
  {
    "id": "4bc2f50f-2590-4e19-bae4-b48396a5d822",
    "data": [
      {
        "text": "unfortunately we decided to go with another supplier.",
        "userDefined": false
      }
    ],
    "isTemplate": false,
    "count": 0,
    "updated": 1528975783
  },
  {
    "id": "46ab112f-2600-4bbc-8c61-4823c1b5607b",
    "data": [
      {
        "text": "We have found an alternate solution to our needs",
        "userDefined": false
      }
    ],
    "isTemplate": false,
    "count": 0,
    "updated": 1528975783
  },
  {
    "id": "98692a85-822d-4555-ae49-814f0faff503",
    "data": [
      {
        "text": "believe that I have found another product that will fit our company better.",
        "userDefined": false
      }
    ],
    "isTemplate": false,
    "count": 0,
    "updated": 1528975783
  },
  {
    "id": "6b696adb-1063-467b-8cc9-63e3ef3a1710",
    "data": [
      {
        "text": "I have recently been offered a better deal with ComplexSoftware.",
        "userDefined": false
      }
    ],
    "isTemplate": false,
    "count": 0,
    "updated": 1528975783
  },
  {
    "id": "af4992ef-eb5d-4274-bcbc-30686342a8a5",
    "data": [
      {
        "text": "exactly what we needed so we moved on to another tool.",
        "userDefined": false
      }
    ],
    "isTemplate": false,
    "count": 1,
    "updated": 1528975783
  },
  {
    "id": "93450456-4562-4a80-b047-d440ca755fd0",
    "data": [
      {
        "text": "We are less interested about migrating away from GA",
        "userDefined": false
      }
    ],
    "isTemplate": false,
    "count": 1,
    "updated": 1528975783
  },
  {
    "id": "1d34d536-a32e-4cca-b712-667fc37b8459",
    "data": [
      {
        "text": "We are currently with a different company -SCRIBETIME-.",
        "userDefined": false
      }
    ],
    "isTemplate": false,
    "count": 0,
    "updated": 1528975783
  },
  {
    "id": "70815a6d-8685-4c9f-882e-4480d75fd21f",
    "data": [
      {
        "text": "have migrated over to Amplitude.",
        "userDefined": false
      }
    ],
    "isTemplate": false,
    "count": 0,
    "updated": 1528975783
  },
  {
    "id": "fb827dee-0bb5-40dd-a3cf-07ebe0fd6dec",
    "data": [
      {
        "text": "Thanks We went with grow",
        "userDefined": false
      }
    ],
    "isTemplate": false,
    "count": 1,
    "updated": 1528975783
  },
  {
    "id": "8d265e08-0856-4bbb-b600-55dede1e94b9",
    "data": [
      {
        "text": "Thank you for your email regarding the lower cost unfortunatly it has been decided to go with our other supplier.",
        "userDefined": false
      }
    ],
    "isTemplate": false,
    "count": 0,
    "updated": 1528975783
  },
  {
    "id": "cef4645f-b283-48fa-9c2f-d81e0ec1003f",
    "data": [
      {
        "text": "Please do not message me again.",
        "userDefined": false
      }
    ],
    "isTemplate": false,
    "count": 0,
    "updated": 1528975783
  }
]